order_id,customer_id,item_name,category,quantity,price,payment_method,order_status,order_timestamp,rating,delivery_time_mins,city
ORD005349,CUST0098,Egg Curry,Main Course,1,179.19,Net Banking,Delivered,2023-04-05 19:17:00,4.2,54.0,Mumbai
ORD002609,CUST0273,Egg Curry,Main Course,1,180.18,Digital Wallet,Pending,2022-10-07 09:42:00,2.5,71.0,Delhi
ORD003094,CUST0246,Kheer,Desserts,2,178.15,Cash,Cancelled,2023-05-17 10:54:00,4.7,32.0,Delhi
ORD003780,CUST0579,Veg Burger,Burgers,3,462.28,Net Banking,Delivered,2023-02-03 17:34:00,4.7,,Pune
ORD005987,CUST0643,Paratha,Breads,2,101.72,Credit Card,Delivered,2023-01-19 20:38:00,,75.0,Hyderabad
ORD005011,CUST0435,Pepperoni Pizza,Pizza,2,679.82,Net Banking,Cancelled,11/12/2022 12:46,4.8,71.0,Bangalore
ORD002042,CUST0729,Mojito,Drinks,2,251.0,Debit Card,Pending,2022-12-05 10:35:00,4.9,72.0,Bangalore
ORD002451,CUST0361,Bruschetta,Starters,3,377.21,Digital Wallet,Pending,2023-06-13 21:21:00,4.3,68.0,Delhi
ORD005702,CUST0209,Club Sandwich,Sandwiches,1,161.08,Digital Wallet,Delivered,2022-12-17 19:11:00,3.4,18.0,Bangalore
ORD001960,CUST0083,Veg Supreme Pizza,Pizza,3,889.59,Digital Wallet,Delivered,2023-09-27 17:57:00,4.7,25.0,
ORD004240,CUST0118,Pepperoni Pizza,Pizza,1,346.59,Credit Card,Delivered,2022-10-23 19:51:00,3.9,46.0,Chennai
ORD003892,CUST0766,Chicken Fried Rice,Main Course,3,740.59,Credit Card,Cancelled,2023-05-05 19:48:00,3.1,21.0,Delhi
ORD005169,CUST0678,Fish Fingers,Starters,3,648.75,Cash,Pending,2023-09-07 22:08:00,3.3,73.0,Pune
ORD002919,CUST0688,Cold Coffee,Drinks,2,194.09,Credit Card,Pending,2023-07-15 08:12:00,3.5,67.0,Hyderabad
ORD005801,CUST0651,Spring Rolls,Starters,1,121.16,UPI,Delivered,2023-06-09 19:04:00,3.9,18.0,Chennai
ORD005293,CUST0498,Onion Rings,Starters,1,109.15,Credit Card,Pending,21/10/2022 13:38,3.5,62.0,Delhi
ORD005506,CUST0505,Veg Fried Rice,Main Course,2,391.21,Debit Card,Delivered,2023-03-22 16:34:00,2.5,62.0,Hyderabad
ORD004497,CUST0541,Chicken Biryani,Main Course,4,1435.51,Net Banking,Delivered,2022-10-10 12:52:00,3.9,27.0,Pune
ORD002912,CUST0473,Veg Supreme Pizza,Pizza,1,310.25,UPI,Delivered,2022-12-10 20:16:00,2.8,,Mumbai
ORD003897,CUST0795,Garlic Naan,Breads,4,250.85,Digital Wallet,Pending,2023-01-19 12:14:00,3.8,17.0,Bangalore
ORD004604,CUST0406,Spring Rolls,STARTERS,5,610.51,Debit Card,Cancelled,2023-06-05 19:07:00,2.9,46.0,
ORD005587,CUST0190,Classic Burger,Burgers,3,555.11,Cash,Delivered,2023-10-09 13:18:00,3.2,74.0,Pune
ORD005110,CUST0693,Naan,Breads,3,124.26,UPI,Cancelled,2023-05-03 11:19:00,2.5,46.0,Bangalore
ORD005996,CUST0429,Onion Rings,Starters,-1,111.46,Digital Wallet,Delivered,2023-04-23 15:39:00,2.6,20.0,Chennai
ORD002323,CUST0685,Cold Coffee,Drinks,2,203.74,UPI,Cancelled,2023-09-23 11:30:00,4.3,63.0,Mumbai
ORD002507,CUST0211,Paneer Tikka,Starters,1,196.52,Credit Card,Delivered,2023-04-23 09:33:00,4.3,51.0,Delhi
ORD002720,CUST0657,Tandoori Roti,Breads,2,61.48,Digital Wallet,Delivered,2023-09-19 09:11:00,4.9,30.0,Delhi
ORD005786,CUST0357,Mojito,Drinks,2,255.25,Credit Card,In Progress,2022-11-15 08:56:00,3.2,65.0,Delhi
ORD006079,CUST0447,Bruschetta,Starters,1,130.59,Cash,Cancelled,2023-02-05 09:29:00,3.8,,Delhi
ORD006340,CUST0114,Tandoori Roti,Breads,1,29.27,Cash,Delivered,2023-06-12 20:07:00,3.8,29.0,Delhi
ORD002817,CUST0134,Chicken Soup,Starters,4,613.56,Digital Wallet,Delivered,2023-10-26 21:42:00,3.4,50.0,Mumbai
ORD006319,CUST0431,Lamb Rogan Josh,Main Course,1,402.8,Digital Wallet,Delivered,2022-10-14 21:04:00,2.8,20.0,Bangalore
ORD002047,CUST0176,Chicken Biryani,Main Course,1,340.21,Credit Card,Delivered,2023-09-28 12:07:00,3.8,33.0,Mumbai
ORD003618,CUST0704,Cheesecake,Desserts,1,180.24,Digital Wallet,In Progress,2023-05-06 20:58:00,2.9,15.0,Chennai
ORD004200,CUST0468,Fish Curry,Main Course,1,340.46,Credit Card,Delivered,2023-07-13 19:21:00,4.6,67.0,Chennai
ORD001553,CUST0564,Grilled Salmon,Main Course,1,438.33,Net Banking,Delivered,2023-07-07 11:49:00,3.4,43.0,Hyderabad
ORD002142,CUST0054,Veg Supreme Pizza,Pizza,3,903.38,Debit Card,Delivered,2022-10-03 21:55:00,2.8,75.0,Bangalore
ORD002163,CUST0226,Fish Curry,Main Course,2,689.51,Net Banking,Delivered,2022-12-15 22:54:00,3.4,16.0,Delhi
ORD005652,CUST0161,Cold Coffee,Drinks,1,103.81,Cash,Pending,2023-02-26 17:26:00,4.0,25.0,Delhi
ORD002161,CUST0360,Fish Curry,Main Course,1,350.33,Digital Wallet,Delivered,2023-03-21 13:47:00,4.2,31.0,Bangalore
ORD001808,CUST0049,Masala Chai,Drinks,4,165.46,Digital Wallet,Delivered,2023-06-25 13:36:00,4.8,47.0,Mumbai
ORD001167,CUST0778,Dal Makhani,Main Course,1,229.18,Net Banking,Cancelled,2023-05-30 19:08:00,3.6,,Mumbai
ORD006628,CUST0335,Chicken Biryani,Main Course,1,363.1,Debit Card,Delivered,2022-10-11 21:09:00,4.5,53.0,Hyderabad
ORD003954,CUST0048,Lamb Rogan Josh,Main Course,2,801.71,Net Banking,Pending,2023-10-13 12:39:00,3.6,57.0,Bangalore
ORD006300,CUST0346,Tiramisu,Desserts,5,1031.54,Debit Card,In Progress,2022-11-15 08:10:00,3.5,35.0,Chennai
ORD005751,CUST0503,Dal Makhani,Main Course,1,216.04,Net Banking,Delivered,2023-01-07 12:56:00,2.7,41.0,Mumbai
ORD004707,CUST0355,Garlic Bread,Starters,4,342.96,,Pending,2023-04-30 18:23:00,4.2,64.0,Delhi
ORD001221,CUST0407,Margherita Pizza,Pizza,4,1083.61,UPI,Delivered,2022-12-30 21:02:00,4.8,70.0,Bangalore
ORD002044,CUST0195,Veg Biryani,Main Course,5,1272.66,Net Banking,Cancelled,2023-07-17 08:44:00,3.7,49.0,Chennai
ORD001263,CUST0408,Kheer,Desserts,1,87.36,Cash,Delivered,2022-12-13 20:45:00,2.9,30.0,Chennai
ORD003654,CUST0291,Onion Rings,Starters,3,324.9,Net Banking,Delivered,2023-08-20 17:34:00,4.8,46.0,Bangalore
ORD002354,CUST0030,Garlic Bread,Starters,1,91.38,Digital Wallet,Delivered,2023-05-03 13:40:00,2.8,54.0,Chennai
ORD001254,CUST0077,Rasgulla,Desserts,5,366.0,Net Banking,Delivered,2023-06-26 08:54:00,4.4,41.0,
ORD004038,CUST0587,Naan,Breads,5,190.61,Net Banking,Delivered,2023-01-08 19:31:00,4.4,15.0,Bangalore
ORD005861,CUST0613,Palak Paneer,Main Course,3,807.16,Cash,In Progress,2023-05-30 12:10:00,4.9,,
ORD002745,CUST0036,Veg Burger,Burgers,3,434.66,Digital Wallet,Delivered,2023-04-12 08:23:00,4.2,72.0,Hyderabad
ORD004607,CUST0065,Paneer Tikka,Starters,3,620.26,UPI,Delivered,2023-03-08 18:56:00,2.8,69.0,Mumbai
ORD001881,CUST0707,Veg Fried Rice,Main Course,1,207.6,UPI,Delivered,2022-10-13 22:14:00,4.8,27.0,Delhi
ORD003759,CUST0016,Mushroom Risotto,Main Course,4,1186.1,Credit Card,Delivered,2023-06-13 17:24:00,2.9,43.0,Mumbai
ORD003929,CUST0407,Pasta Arrabbiata,Main Course,1,232.45,Digital Wallet,In Progress,2023-06-19 11:38:00,3.6,71.0,Hyderabad
ORD003970,CUST0647,Egg Curry,Main Course,3,555.31,Credit Card,Delivered,2023-03-06 09:41:00,2.5,42.0,Pune
ORD001079,CUST0122,Watermelon Juice,Drinks,1,72.18,Digital Wallet,Cancelled,2023-03-05 08:15:00,4.0,65.0,Chennai
ORD001994,CUST0764,Dal Makhani,Main Course,1,215.66,UPI,In Progress,2023-08-02 21:41:00,5.0,57.0,Pune
ORD005483,CUST0450,Tandoori Roti,Breads,4,117.96,Net Banking,Pending,2023-04-26 19:57:00,3.0,26.0,Mumbai
ORD003927,CUST0391,Veg Burger,Burgers,2,313.84,Credit Card,Cancelled,2023-03-04 12:25:00,3.6,61.0,Delhi
ORD001228,CUST0377,Pepperoni Pizza,Pizza,3,1069.98,Digital Wallet,Delivered,2023-08-24 21:18:00,3.0,23.0,Hyderabad
ORD003707,CUST0518,Kheer,Desserts,4,342.41,Net Banking,Delivered,2023-04-21 20:16:00,5.0,22.0,Delhi
ORD002351,CUST0109,Tandoori Roti,Breads,2,60.6,Net Banking,In Progress,2023-03-13 20:40:00,4.9,,Pune
ORD004781,CUST0051,Bruschetta,Starters,1,130.93,Cash,Delivered,2023-07-12 08:29:00,5.0,46.0,
ORD006594,CUST0209,Egg Curry,Main Course,5,938.29,UPI,Delivered,2023-02-22 09:59:00,5.0,31.0,Hyderabad
ORD001023,CUST0454,Egg Curry,Main Course,2,352.03,Digital Wallet,Delivered,2023-02-05 21:04:00,2.6,,Mumbai
ORD006373,CUST0294,Cold Coffee,Drinks,2,194.1,Debit Card,Pending,2023-04-18 13:03:00,4.4,65.0,Pune
ORD005141,CUST0604,Tandoori Roti,Breads,2,57.51,Debit Card,Pending,2023-09-08 21:45:00,3.4,20.0,Hyderabad
ORD005577,CUST0096,Mutton Curry,Main Course,1,382.78,Cash,Pending,2022-11-05 19:44:00,3.3,62.0,Delhi
ORD006632,CUST0475,Kheer,Desserts,1,94.18,Net Banking,Delivered,2022-12-31 11:42:00,3.2,43.0,Hyderabad
ORD005034,CUST0765,Dal Makhani,Main Course,1,220.05,,In Progress,2023-07-09 13:47:00,3.8,45.0,Chennai
ORD005790,CUST0505,Veg Fried Rice,Main Course,1,201.49,UPI,In Progress,2023-10-02 20:49:00,2.7,37.0,
ORD003694,CUST0784,Tiramisu,DESSERTS,2,386.37,UPI,Cancelled,2023-05-15 20:17:00,4.3,57.0,Delhi
ORD006865,CUST0633,Classic Burger,Burgers,1,182.63,UPI,Cancelled,2023-02-14 12:53:00,3.9,43.0,Hyderabad
ORD005074,CUST0153,Spring Rolls,Starters,2,243.77,,Pending,2023-03-15 21:46:00,4.8,55.0,Chennai
ORD003407,CUST0190,Paneer Tikka,Starters,2,417.65,UPI,Cancelled,2023-02-27 17:13:00,3.0,73.0,Bangalore
ORD003344,CUST0650,Spring Rolls,Starters,2,249.45,Debit Card,Cancelled,2023-05-14 13:14:00,4.6,16.0,Mumbai
ORD002128,CUST0178,Veg Manchurian,Starters,3,476.93,Credit Card,In Progress,2023-04-23 21:16:00,4.6,60.0,Bangalore
ORD002119,CUST0192,Chicken Fried Rice,Main Course,3,786.26,Credit Card,In Progress,2023-08-21 19:22:00,,34.0,Delhi
ORD006513,CUST0003,Paneer Tikka,Starters,1,209.95,Debit Card,Delivered,2023-03-19 13:29:00,3.6,39.0,Chennai
ORD006054,CUST0429,Club Sandwich,Sandwiches,5,833.03,UPI,Delivered,2022-12-05 08:09:00,4.6,43.0,Mumbai
ORD005600,CUST0412,Cold Brew Coffee,Drinks,3,434.53,UPI,Delivered,2023-02-04 09:29:00,,34.0,Hyderabad
ORD003177,CUST0705,Palak Paneer,Main Course,2,544.23,Digital Wallet,Cancelled,2022-10-22 12:22:00,4.5,,Chennai
ORD006183,CUST0101,BLT Sandwich,Sandwiches,2,344.42,Debit Card,Pending,2023-03-29 09:39:00,3.1,38.0,Pune
ORD002215,CUST0141,BBQ Chicken Pizza,Pizza,3,1123.53,Digital Wallet,Delivered,2023-02-21 08:58:00,3.3,50.0,Delhi
ORD005024,CUST0443,Veg Manchurian,Starters,1,154.13,,In Progress,2023-02-11 08:51:00,4.2,66.0,
ORD004961,CUST0315,Paneer Butter Masala,Main Course,1,270.18,Cash,Delivered,2023-10-25 16:31:00,2.9,47.0,Bangalore
ORD006142,CUST0046,Fish Curry,Main Course,2,711.06,UPI,Delivered,2022-12-06 15:04:00,4.5,69.0,Hyderabad
ORD001037,CUST0699,Ice Cream Sundae,Desserts,1,147.97,Credit Card,In Progress,2022-10-21 21:13:00,2.8,64.0,Chennai
ORD004139,CUST0779,Veg Supreme Pizza,Pizza,2,620.52,Credit Card,Delivered,2022-11-10 19:30:00,,26.0,Bangalore
ORD004905,CUST0139,Chicken Fried Rice,Main Course,1,237.72,UPI,Delivered,2023-07-18 16:32:00,3.9,23.0,Pune
ORD004651,CUST0268,Veg Supreme Pizza,Pizza,2,585.07,Digital Wallet,Pending,2023-08-13 09:04:00,2.5,15.0,Pune
ORD004181,CUST0473,Veg Supreme Pizza,Pizza,3,876.21,UPI,Delivered,2023-08-27 13:50:00,4.7,31.0,Bangalore
ORD003366,CUST0123,Paneer Butter Masala,Main Course,5,1377.7,Cash,Cancelled,2023-03-22 16:45:00,4.8,50.0,Chennai
ORD001469,CUST0580,Ice Cream Sundae,Desserts,2,307.72,Digital Wallet,In Progress,2022-12-11 13:11:00,4.7,24.0,Pune
ORD004536,CUST0557,Palak Paneer,Main Course,3,798.2,Net Banking,Pending,2023-10-01 21:00:00,3.3,,Delhi
ORD002694,CUST0566,Lamb Rogan Josh,Main Course,2,799.73,Debit Card,Delivered,2023-07-25 11:42:00,4.6,74.0,Hyderabad
ORD002533,CUST0717,Butter Chicken,Main Course,5,1562.12,Cash,In Progress,2023-07-05 17:12:00,4.4,27.0,Delhi
ORD004109,CUST0674,Garlic Naan,Breads,5,308.9,Credit Card,Delivered,2022-12-25 08:40:00,,66.0,Hyderabad
ORD002706,CUST0565,Fish Fingers,Starters,2,423.13,Net Banking,Delivered,2022-12-09 14:35:00,2.8,66.0,Mumbai
ORD003619,CUST0533,Ice Cream Sundae,Desserts,2,306.72,UPI,In Progress,2023-08-07 12:41:00,3.8,75.0,Bangalore
ORD006212,CUST0725,Butter Chicken,Main Course,2,615.31,Cash,Pending,2023-10-04 21:28:00,2.8,59.0,Pune
ORD003272,CUST0336,Spring Rolls,Starters,1,119.12,Digital Wallet,Delivered,2023-07-21 08:33:00,4.6,60.0,
ORD002514,CUST0219,Chocolate Brownie,Desserts,1,115.08,Debit Card,Delivered,2023-04-01 10:09:00,3.4,73.0,Bangalore
ORD003103,CUST0064,Grilled Sandwich,Sandwiches,2,271.46,Net Banking,Delivered,2022-10-02 09:58:00,4.8,55.0,Pune
ORD006071,CUST0173,Fish Curry,Main Course,4,1315.43,Digital Wallet,In Progress,2023-03-21 09:43:00,4.0,50.0,
ORD001730,CUST0177,Chicken Tikka Masala,Main Course,3,1028.58,Net Banking,Delivered,2023-08-02 15:21:00,2.6,67.0,Mumbai
ORD003721,CUST0166,Cold Brew Coffee,Drinks,5,735.26,Digital Wallet,Pending,2023-05-26 19:00:00,4.5,20.0,Bangalore
ORD003473,CUST0048,Palak Paneer,Main Course,1,266.76,UPI,Cancelled,2023-09-12 18:52:00,4.4,51.0,Hyderabad
ORD004667,CUST0341,Paneer Tikka,Starters,2,395.93,Cash,Delivered,2023-01-25 19:16:00,3.6,67.0,Bangalore
ORD002902,CUST0199,Veg Fried Rice,Main Course,2,395.02,Net Banking,Delivered,2022-10-09 20:37:00,5.0,37.0,
ORD006230,CUST0318,Naan,Breads,1,38.47,Digital Wallet,Pending,2023-08-19 15:47:00,,46.0,Chennai
ORD003195,CUST0306,Rasgulla,Desserts,4,281.22,,Delivered,2023-07-02 14:25:00,4.4,22.0,Chennai
ORD003998,CUST0456,Mojito,Drinks,2,270.14,Digital Wallet,Delivered,2023-04-17 12:25:00,4.2,47.0,Chennai
ORD002438,CUST0128,Mutton Curry,Main Course,3,1151.22,Digital Wallet,In Progress,27/01/2023 19:19,4.0,24.0,Mumbai
ORD005838,CUST0377,Fresh Lime Soda,Drinks,5,306.72,Debit Card,Pending,2023-04-13 08:03:00,2.8,58.0,Delhi
ORD006992,CUST0739,Garlic Naan,Breads,2,114.04,Digital Wallet,Pending,14/08/2023 08:55,4.1,55.0,Pune
ORD004076,CUST0510,Dal Makhani,Main Course,3,641.36,UPI,Delivered,2023-02-03 21:43:00,4.7,50.0,Delhi
ORD004958,CUST0202,Masala Chai,Drinks,4,159.81,UPI,Pending,2023-03-08 21:18:00,3.6,57.0,Pune
ORD005122,CUST0723,Bruschetta,Starters,5,661.42,Credit Card,Delivered,2023-08-08 21:24:00,2.9,33.0,Hyderabad
ORD002108,CUST0610,Classic Burger,Burgers,1,174.16,Credit Card,Pending,2023-05-08 13:35:00,3.6,33.0,Pune
ORD004434,CUST0298,Paneer Butter Masala,Main Course,1,286.35,UPI,Pending,2022-12-18 12:21:00,4.0,65.0,Pune
ORD005304,CUST0645,Pasta Arrabbiata,Main Course,2,457.13,Cash,Cancelled,2023-02-28 11:35:00,,41.0,Hyderabad
ORD004740,CUST0514,Paratha,Breads,2,98.01,Credit Card,Delivered,2023-06-24 21:31:00,4.8,,Bangalore
ORD006970,CUST0068,Mango Lassi,Drinks,2,156.13,Digital Wallet,Cancelled,2022-10-25 20:26:00,4.2,57.0,Pune
ORD001084,CUST0146,Pasta Arrabbiata,Main Course,1,233.4,Cash,Delivered,2022-12-16 21:52:00,2.9,34.0,Chennai
ORD006231,CUST0461,Tandoori Roti,Breads,1,28.54,UPI,Delivered,2022-12-08 20:05:00,3.9,59.0,Mumbai
ORD005871,CUST0360,Butter Chicken,Main Course,1,327.55,Credit Card,Delivered,2023-01-13 19:56:00,4.9,38.0,Mumbai
ORD001586,CUST0040,Veg Manchurian,Starters,2,321.16,Digital Wallet,Delivered,2023-08-25 21:50:00,,67.0,Mumbai
ORD004346,CUST0711,Chicken Fried Rice,Main Course,5,1214.76,Credit Card,Delivered,2023-03-06 19:31:00,5.0,56.0,Pune
ORD002595,CUST0485,Veg Fried Rice,Main Course,5,1000.0,UPI,Pending,2023-03-29 08:44:00,4.4,42.0,Pune
ORD004311,CUST0014,Veg Manchurian,Starters,1,158.87,Credit Card,Cancelled,2022-12-28 11:03:00,2.5,43.0,Delhi
ORD005591,CUST0074,Veg Supreme Pizza,Pizza,2,573.13,Debit Card,Delivered,2023-08-19 14:36:00,4.9,37.0,Bangalore
ORD006658,CUST0386,Chicken Tikka Masala,Main Course,2,686.08,Net Banking,Delivered,2022-12-08 18:01:00,4.3,71.0,Mumbai
ORD004412,CUST0214,Pasta Arrabbiata,Main Course,2,471.98,Debit Card,Cancelled,2022-11-02 22:37:00,4.7,48.0,Chennai
ORD006158,CUST0259,Cheese Burst Burger,Burgers,3,637.81,Credit Card,Delivered,2022-12-26 12:02:00,2.7,30.0,Pune
ORD003410,CUST0619,Butter Chicken,Main Course,2,9999.0,Credit Card,In Progress,2023-07-09 12:44:00,4.0,23.0,Hyderabad
ORD004467,CUST0634,Mango Lassi,Drinks,4,310.96,Cash,Pending,2023-07-08 21:05:00,4.5,45.0,Bangalore
ORD003669,CUST0561,Veg Manchurian,Starters,3,470.33,Debit Card,Delivered,2022-10-24 08:59:00,4.9,62.0,Bangalore
ORD005815,CUST0024,Mojito,Drinks,3,398.16,Cash,Delivered,2023-04-14 20:51:00,4.8,53.0,Mumbai
ORD006803,CUST0788,Tandoori Roti,Breads,2,61.69,Debit Card,Delivered,2023-06-12 08:48:00,3.1,56.0,Delhi
ORD001439,CUST0713,BLT Sandwich,Sandwiches,4,696.48,Debit Card,In Progress,2023-07-15 13:32:00,4.2,74.0,Hyderabad
ORD006437,CUST0734,Bruschetta,Starters,4,529.35,Digital Wallet,Cancelled,2022-12-07 21:06:00,3.0,47.0,Mumbai
ORD006652,CUST0450,Chicken Tikka Masala,Main Course,1,333.3,Net Banking,Pending,2023-08-23 13:23:00,4.4,63.0,Delhi
ORD003767,CUST0064,Veg Burger,Burgers,1,145.89,Cash,Delivered,2023-08-06 14:38:00,4.1,26.0,Pune
ORD004339,CUST0631,Farmhouse Pizza,Pizza,1,304.13,Digital Wallet,Pending,2023-01-30 14:18:00,4.6,75.0,Pune
ORD003412,CUST0061,BLT Sandwich,Sandwiches,1,162.31,Credit Card,Cancelled,31/10/2023 17:27,4.3,43.0,Hyderabad
ORD005942,CUST0155,Garlic Bread,Starters,1,86.26,Digital Wallet,Delivered,2023-09-26 22:54:00,3.1,43.0,Mumbai
ORD004260,CUST0652,Fish Fingers,Starters,2,444.38,Digital Wallet,Pending,2023-07-15 13:40:00,4.0,47.0,Bangalore
ORD001093,CUST0231,Egg Curry,Main Course,3,529.78,Cash,Cancelled,2022-10-08 16:05:00,4.9,56.0,Delhi
ORD003213,CUST0741,Cold Brew Coffee,Drinks,2,287.85,Debit Card,Pending,2022-10-23 13:40:00,2.9,55.0,
ORD002892,CUST0096,Garlic Bread,Starters,5,466.74,Cash,Delivered,2023-07-20 21:55:00,4.1,25.0,Pune
ORD004090,CUST0566,Margherita Pizza,Pizza,1,270.05,Cash,In Progress,2023-04-06 21:22:00,4.4,65.0,Bangalore
ORD002454,CUST0304,Gulab Jamun,Desserts,1,80.65,Digital Wallet,Pending,17/06/2023 19:35,2.9,54.0,Pune
ORD006085,CUST0454,Classic Burger,Burgers,1,172.78,UPI,In Progress,2023-05-23 14:08:00,2.8,35.0,Hyderabad
ORD002844,CUST0378,Grilled Salmon,Main Course,1,456.46,Cash,In Progress,2023-09-15 19:15:00,3.2,16.0,Pune
ORD006987,CUST0783,Egg Curry,Main Course,1,188.73,Cash,Delivered,2023-10-18 09:42:00,2.5,39.0,Delhi
ORD003882,CUST0360,Paneer Tikka,Starters,2,381.14,Cash,Delivered,2023-05-04 09:35:00,2.6,23.0,Pune
ORD002963,CUST0281,Veg Fried Rice,Main Course,1,195.87,Net Banking,Pending,2023-04-11 22:43:00,4.0,42.0,Hyderabad
ORD005439,CUST0743,Cheese Burst Burger,Burgers,2,453.83,Digital Wallet,Delivered,2023-10-30 09:18:00,3.3,29.0,Hyderabad
ORD003417,CUST0587,Classic Burger,Burgers,4,701.15,Cash,Pending,2022-10-17 12:34:00,3.1,,Delhi
ORD001810,CUST0403,Cold Brew Coffee,Drinks,1,153.61,Cash,Delivered,2023-05-25 10:11:00,3.5,60.0,Bangalore
ORD004785,CUST0577,Kheer,Desserts,1,88.36,Net Banking,Delivered,2023-08-01 13:44:00,5.0,67.0,Delhi
ORD004904,CUST0602,Margherita Pizza,Pizza,1,291.47,Credit Card,Delivered,2023-07-17 13:50:00,3.3,33.0,Mumbai
ORD005753,CUST0757,Ice Cream Sundae,DESSERTS,2,312.01,,Delivered,2023-06-10 21:36:00,3.2,19.0,Pune
ORD003913,CUST0136,Garlic Bread,Starters,1,86.18,UPI,Delivered,2023-02-02 20:42:00,2.7,70.0,Bangalore
ORD001706,CUST0729,Farmhouse Pizza,Pizza,1,313.1,Digital Wallet,Delivered,2022-12-25 19:10:00,3.0,26.0,
ORD005794,CUST0010,Cheese Burst Burger,Burgers,2,453.46,Cash,In Progress,2023-10-08 13:24:00,3.3,60.0,Bangalore
ORD001926,CUST0394,Butter Chicken,Main Course,2,619.49,Net Banking,Delivered,2023-08-13 19:29:00,4.2,21.0,
ORD002002,CUST0301,Farmhouse Pizza,Pizza,5,1625.31,Net Banking,Pending,2023-02-05 12:33:00,3.6,51.0,Hyderabad
ORD004381,CUST0370,Club Sandwich,Sandwiches,4,656.7,Credit Card,Delivered,2023-02-12 09:43:00,4.2,32.0,Mumbai
ORD006037,CUST0259,Gulab Jamun,Desserts,1,99999.0,Debit Card,Cancelled,2023-03-03 13:47:00,2.8,39.0,Mumbai
ORD005507,CUST0193,Mojito,Drinks,3,408.3,Cash,Cancelled,2023-08-12 17:46:00,4.5,21.0,Pune
ORD006669,CUST0502,Classic Burger,Burgers,1,177.46,Cash,Delivered,2023-03-09 13:46:00,3.1,21.0,Pune
ORD001472,CUST0593,Grilled Sandwich,Sandwiches,3,420.9,Digital Wallet,Pending,2023-02-18 20:16:00,2.9,56.0,Hyderabad
ORD004806,CUST0638,Watermelon Juice,Drinks,1,72.51,Credit Card,Delivered,2023-10-19 18:16:00,3.2,,Delhi
ORD001157,CUST0540,Rasgulla,Desserts,2,144.61,Cash,In Progress,2023-10-14 22:58:00,4.2,47.0,Bangalore
ORD005085,CUST0479,Mushroom Risotto,Main Course,1,311.14,,Delivered,2022-12-15 08:06:00,4.7,31.0,Bangalore
ORD001681,CUST0687,Ice Cream Sundae,Desserts,1,144.74,Cash,Delivered,2023-05-31 14:10:00,4.1,33.0,Delhi
ORD002835,CUST0774,Mushroom Risotto,Main Course,1,302.12,Digital Wallet,Delivered,2023-03-17 17:29:00,3.9,49.0,Pune
ORD001476,CUST0663,Pepperoni Pizza,Pizza,1,356.13,UPI,Delivered,2023-06-03 11:10:00,3.1,23.0,Chennai
ORD003815,CUST0254,BLT Sandwich,Sandwiches,2,328.1,Digital Wallet,In Progress,2023-04-08 12:15:00,4.0,,Chennai
ORD006742,CUST0714,Strawberry Shake,Drinks,1,123.24,UPI,Cancelled,2023-01-18 13:23:00,2.7,71.0,Hyderabad
ORD002362,CUST0666,Club Sandwich,Sandwiches,3,473.44,UPI,Cancelled,2023-10-02 21:40:00,4.5,21.0,Delhi
ORD003750,CUST0558,Onion Rings,Starters,3,333.05,Debit Card,Delivered,2023-03-06 19:01:00,3.9,62.0,Mumbai
ORD003347,CUST0188,Cheese Burst Burger,Burgers,3,676.46,UPI,Cancelled,2022-12-04 20:42:00,5.0,47.0,Hyderabad
ORD006033,CUST0725,Cheese Burst Burger,Burgers,1,216.52,Cash,Pending,2023-04-06 09:44:00,3.1,58.0,Delhi
ORD002194,CUST0627,Chicken Burger,Burgers,4,820.47,Debit Card,Delivered,2023-05-04 21:03:00,,62.0,Mumbai
ORD005705,CUST0359,Lamb Rogan Josh,Main Course,1,387.59,Net Banking,In Progress,2023-03-02 11:27:00,3.0,57.0,Bangalore
ORD003680,CUST0013,Mushroom Risotto,Main Course,1,313.26,UPI,Delivered,2022-12-31 19:12:00,2.6,27.0,Mumbai
ORD002335,CUST0333,Pasta Arrabbiata,Main Course,2,464.58,Debit Card,In Progress,2023-04-01 13:28:00,2.6,22.0,Bangalore
ORD006470,CUST0497,Naan,Breads,1,41.11,Net Banking,In Progress,2022-12-21 20:44:00,3.7,74.0,Mumbai
ORD001156,CUST0573,Chocolate Brownie,Desserts,2,231.09,UPI,In Progress,2023-09-28 21:19:00,4.5,67.0,Delhi
ORD001705,CUST0176,Cold Coffee,Drinks,2,196.08,Debit Card,Delivered,2022-12-07 21:19:00,3.7,33.0,Mumbai
ORD002032,CUST0270,Cold Coffee,Drinks,1,100.11,Net Banking,Delivered,2023-02-05 12:07:00,4.2,42.0,Delhi
ORD005523,CUST0313,Bruschetta,Starters,1,127.31,UPI,Cancelled,2023-06-14 12:23:00,3.0,73.0,Pune
ORD006698,CUST0089,Club Sandwich,Sandwiches,3,462.05,Debit Card,Delivered,2022-12-07 12:50:00,4.2,54.0,Delhi
ORD001031,CUST0292,Cold Coffee,Drinks,1,98.49,Credit Card,Cancelled,2022-11-05 21:23:00,4.6,,Bangalore
ORD005418,CUST0228,Classic Burger,Burgers,2,350.53,Digital Wallet,Delivered,2023-08-24 09:09:00,3.8,43.0,Bangalore
ORD003351,CUST0495,Chicken Tikka Masala,Main Course,5,1585.46,,Delivered,2023-06-19 12:36:00,2.8,35.0,Bangalore
ORD004978,CUST0260,Grilled Sandwich,Sandwiches,1,134.05,Debit Card,Cancelled,2023-01-07 13:29:00,4.3,48.0,Delhi
ORD005481,CUST0199,Kheer,Desserts,2,188.56,Cash,Delivered,2023-02-26 12:39:00,3.5,37.0,Pune
ORD003348,CUST0716,Chocolate Brownie,DESSERTS,3,367.33,UPI,Delivered,2023-04-17 21:59:00,4.6,32.0,
ORD004248,CUST0297,BLT Sandwich,Sandwiches,3,505.37,Cash,Delivered,2023-07-10 19:13:00,3.1,20.0,Bangalore
ORD006674,CUST0739,Watermelon Juice,Drinks,4,287.73,UPI,Delivered,2022-12-29 12:10:00,4.0,65.0,Bangalore
ORD005472,CUST0277,Gulab Jamun,Desserts,2,156.98,Cash,Delivered,2023-02-11 20:57:00,3.6,22.0,Delhi
ORD005901,CUST0588,Chicken Biryani,Main Course,2,710.41,Digital Wallet,Pending,2023-03-06 12:53:00,2.9,44.0,Mumbai
ORD006598,CUST0408,Ice Cream Sundae,Desserts,1,149.73,Cash,In Progress,2023-08-13 20:41:00,4.1,33.0,Chennai
ORD001177,CUST0762,Garlic Naan,Breads,1,57.75,UPI,Cancelled,2023-04-07 13:25:00,3.3,26.0,Hyderabad
ORD001604,CUST0199,Butter Chicken,Main Course,2,619.51,Cash,Delivered,2023-08-09 11:18:00,,,Mumbai
ORD005648,CUST0094,Chicken Tikka Masala,Main Course,1,323.47,Credit Card,Cancelled,2023-04-21 13:14:00,2.6,17.0,Pune
ORD003271,CUST0315,Mango Lassi,Drinks,1,82.86,Credit Card,In Progress,2022-12-04 20:30:00,4.7,37.0,Mumbai
ORD003753,CUST0148,Cheesecake,Desserts,3,533.05,UPI,Cancelled,2022-10-23 08:20:00,2.7,29.0,Hyderabad
ORD002235,CUST0053,Mango Lassi,Drinks,3,240.94,Digital Wallet,Cancelled,2022-12-02 20:33:00,4.1,48.0,Hyderabad
ORD001763,CUST0474,Rasgulla,Desserts,4,286.35,Credit Card,Delivered,2022-10-31 15:23:00,2.9,58.0,Bangalore
ORD005075,CUST0486,Chicken Tikka Masala,Main Course,2,639.05,Credit Card,Delivered,2023-02-15 15:35:00,4.3,46.0,Delhi
ORD006610,CUST0109,Mutton Curry,Main Course,2,757.28,Cash,Delivered,2022-12-27 11:57:00,4.3,61.0,Chennai
ORD001319,CUST0730,Dal Makhani,MAIN COURSE,1,210.33,Digital Wallet,Cancelled,2023-04-22 15:40:00,3.6,40.0,Mumbai
ORD003119,CUST0633,Veg Supreme Pizza,Pizza,1,313.75,,Delivered,2023-04-26 08:11:00,3.4,18.0,Hyderabad
ORD003828,CUST0241,Strawberry Shake,Drinks,1,121.31,Credit Card,Delivered,2023-09-14 13:54:00,4.4,16.0,Mumbai
ORD002820,CUST0367,Chocolate Brownie,Desserts,1,116.79,,Delivered,2022-12-07 21:20:00,3.0,73.0,Hyderabad
ORD002650,CUST0418,BLT Sandwich,Sandwiches,2,351.48,Credit Card,Pending,2023-04-26 20:33:00,4.6,23.0,Mumbai
ORD005994,CUST0544,Bruschetta,Starters,4,527.91,Digital Wallet,Delivered,2022-11-09 19:55:00,4.7,73.0,Chennai
ORD005776,CUST0410,Mutton Curry,Main Course,2,776.58,Credit Card,In Progress,2023-07-19 09:10:00,4.0,21.0,Hyderabad
ORD003131,CUST0399,Cold Brew Coffee,Drinks,3,471.83,Net Banking,Delivered,03/01/2023 09:41,3.7,36.0,Pune
ORD005224,CUST0544,Paneer Butter Masala,MAIN COURSE,1,268.16,Net Banking,Delivered,2023-03-22 19:54:00,3.5,49.0,Chennai
ORD006046,CUST0034,Egg Curry,Main Course,1,185.72,Cash,Delivered,2022-12-29 08:29:00,,75.0,Hyderabad
ORD001576,CUST0247,Mushroom Risotto,Main Course,5,1516.87,Digital Wallet,Delivered,2023-08-17 19:26:00,3.6,34.0,Chennai
ORD005769,CUST0476,Chicken Soup,Starters,3,471.36,Net Banking,Cancelled,2023-06-16 17:49:00,,18.0,Bangalore
ORD001084,CUST0146,Pasta Arrabbiata,Main Course,1,233.4,Cash,Delivered,2022-12-16 21:52:00,2.9,34.0,Chennai
ORD005053,CUST0226,Mango Lassi,Drinks,1,81.24,Cash,Delivered,2022-10-22 21:05:00,3.6,51.0,Bangalore
ORD001080,CUST0603,Chicken Burger,Burgers,1,200.45,UPI,Delivered,2023-05-19 21:19:00,3.9,18.0,Chennai
ORD004563,CUST0587,Gulab Jamun,Desserts,4,327.81,Cash,In Progress,2023-09-30 12:32:00,3.3,42.0,Bangalore
ORD005235,CUST0095,Butter Chicken,Main Course,3,960.36,,Delivered,2023-10-01 13:08:00,4.4,65.0,Bangalore
ORD001233,CUST0023,Chicken Biryani,Main Course,2,704.12,UPI,Delivered,2023-09-10 20:46:00,4.5,62.0,Delhi
ORD004126,CUST0594,Veg Manchurian,Starters,2,307.19,UPI,Cancelled,2023-04-22 22:09:00,4.9,44.0,Bangalore
ORD001408,CUST0121,Fresh Lime Soda,Drinks,1,61.98,Debit Card,Delivered,2022-11-23 15:39:00,4.5,46.0,Delhi
ORD004426,CUST0391,Chicken Soup,Starters,1,144.89,Digital Wallet,Cancelled,2022-10-09 11:27:00,5.0,23.0,Hyderabad
ORD006772,CUST0307,Chicken Burger,Burgers,1,199.3,Credit Card,Pending,2023-07-11 21:45:00,4.1,59.0,Bangalore
ORD004918,CUST0746,Paneer Butter Masala,Main Course,3,862.38,UPI,Delivered,2023-02-19 22:17:00,4.2,21.0,Mumbai
ORD001501,CUST0351,Spring Rolls,Starters,3,350.94,Cash,Pending,2022-11-17 13:47:00,4.8,45.0,Bangalore
ORD004366,CUST0603,Strawberry Shake,Drinks,2,244.46,Net Banking,In Progress,2023-10-22 19:14:00,4.6,19.0,Pune
ORD006629,CUST0757,BBQ Chicken Pizza,Pizza,1,352.83,Credit Card,In Progress,2022-12-20 19:59:00,2.7,48.0,Pune
ORD002973,CUST0436,Club Sandwich,Sandwiches,1,163.49,Cash,Delivered,2023-02-12 20:40:00,4.3,73.0,Delhi
ORD006958,CUST0232,Tandoori Roti,Breads,2,60.21,Debit Card,Delivered,2023-07-21 13:08:00,4.7,18.0,Bangalore
ORD001323,CUST0509,Cold Coffee,Drinks,1,95.13,Debit Card,Pending,2022-12-10 19:10:00,3.8,67.0,Pune
ORD006379,CUST0656,Veg Supreme Pizza,Pizza,2,9999.0,Debit Card,Delivered,2022-10-29 20:40:00,4.9,16.0,Mumbai
ORD002670,CUST0122,Ice Cream Sundae,Desserts,1,149.6,Debit Card,Delivered,2022-10-16 12:23:00,3.7,,Hyderabad
ORD004786,CUST0411,Spring Rolls,Starters,1,118.25,Credit Card,In Progress,2022-12-01 22:23:00,4.6,74.0,Pune
ORD006289,CUST0765,Rasgulla,Desserts,2,143.85,Net Banking,In Progress,2022-12-01 13:19:00,,61.0,Chennai
ORD004690,CUST0274,Fresh Lime Soda,Drinks,2,120.23,Debit Card,Delivered,2023-10-18 19:53:00,4.7,50.0,Chennai
ORD003029,CUST0431,Palak Paneer,Main Course,3,805.26,Digital Wallet,Delivered,2023-03-22 21:09:00,3.5,32.0,Chennai
ORD001712,CUST0057,Paneer Tikka,Starters,2,413.64,Digital Wallet,In Progress,2023-05-17 13:20:00,,48.0,Delhi
ORD005567,CUST0666,Cheese Burst Burger,Burgers,2,459.64,Cash,Pending,2023-07-11 10:24:00,2.5,66.0,Chennai
ORD003673,CUST0469,Classic Burger,Burgers,1,172.67,Digital Wallet,Pending,2023-02-11 19:37:00,3.7,67.0,Bangalore
ORD006997,CUST0384,Lamb Rogan Josh,Main Course,4,1653.34,Net Banking,Cancelled,2023-04-14 19:02:00,4.7,46.0,Bangalore
ORD004396,CUST0741,Naan,Breads,1,40.63,UPI,Pending,2023-04-04 15:39:00,3.8,32.0,Bangalore
ORD005622,CUST0437,Cheesecake,Desserts,5,930.73,UPI,Delivered,2022-12-20 20:41:00,3.1,74.0,Hyderabad
ORD003004,CUST0377,Mutton Curry,MAIN COURSE,1,384.51,Digital Wallet,Delivered,2022-10-22 15:00:00,3.6,50.0,Delhi
ORD002419,CUST0553,Lamb Rogan Josh,Main Course,1,399.05,Debit Card,Pending,2023-02-09 09:42:00,,21.0,Hyderabad
ORD005305,CUST0036,Chicken Biryani,Main Course,1,365.15,Credit Card,In Progress,2022-12-25 20:28:00,3.4,30.0,Mumbai
ORD005295,CUST0614,Grilled Sandwich,Sandwiches,1,141.24,Credit Card,Delivered,2023-06-06 17:47:00,2.8,69.0,Pune
ORD004206,CUST0307,Farmhouse Pizza,Pizza,1,308.87,Debit Card,Cancelled,2023-08-28 20:43:00,3.3,20.0,Chennai
ORD001296,CUST0376,Garlic Naan,Breads,2,120.87,Digital Wallet,Delivered,2023-02-15 20:52:00,4.4,43.0,Chennai
ORD002406,CUST0239,Garlic Naan,Breads,2,116.42,Credit Card,Delivered,2022-12-23 13:17:00,2.6,,Hyderabad
ORD003728,CUST0499,Egg Curry,Main Course,1,172.35,Net Banking,Delivered,2022-12-11 19:18:00,4.8,,
ORD003522,CUST0168,Dal Makhani,Main Course,1,229.67,,Delivered,2023-06-09 12:45:00,4.9,57.0,Delhi
ORD001535,CUST0044,Farmhouse Pizza,Pizza,2,627.97,Net Banking,Pending,2023-03-15 09:46:00,3.8,31.0,
ORD006341,CUST0776,Chicken Tikka Masala,Main Course,1,336.71,Credit Card,In Progress,2023-08-03 13:21:00,3.5,19.0,Delhi
ORD006756,CUST0541,Gulab Jamun,Desserts,1,78.04,Net Banking,Cancelled,2023-06-27 20:45:00,3.2,55.0,Hyderabad
ORD002086,CUST0529,Kheer,Desserts,2,184.84,Net Banking,Pending,2022-12-22 22:32:00,4.1,74.0,Bangalore
ORD003647,CUST0780,Chicken Fried Rice,Main Course,1,261.91,Credit Card,Cancelled,2023-07-22 20:01:00,4.3,42.0,Bangalore
ORD004116,CUST0204,Mushroom Risotto,Main Course,1,313.38,Credit Card,Delivered,2023-02-11 19:15:00,3.2,18.0,Mumbai
ORD002485,CUST0701,Fish Fingers,Starters,1,216.74,UPI,In Progress,2023-07-03 08:52:00,3.8,69.0,Delhi
ORD002360,CUST0267,Chicken Burger,Burgers,4,839.64,Net Banking,Pending,2023-04-16 08:26:00,2.8,64.0,Chennai
ORD006274,CUST0661,Tiramisu,Desserts,3,601.9,UPI,Delivered,23/12/2022 13:22,3.0,29.0,Pune
ORD005845,CUST0277,Egg Curry,Main Course,3,554.01,Debit Card,Delivered,2023-06-07 20:24:00,2.8,55.0,Bangalore
ORD005458,CUST0170,Onion Rings,Starters,2,225.73,Debit Card,Delivered,2023-10-13 13:40:00,3.3,58.0,Chennai
ORD001050,CUST0200,Fish Fingers,Starters,3,631.81,Net Banking,In Progress,2023-05-01 21:36:00,3.5,40.0,Delhi
ORD003144,CUST0300,Garlic Bread,Starters,2,9999.0,Net Banking,Delivered,2023-03-19 20:55:00,3.3,,Mumbai
ORD001308,CUST0665,Paratha,Breads,1,49.3,Credit Card,Delivered,2022-11-12 13:57:00,3.5,34.0,Pune
ORD003142,CUST0307,Paneer Tikka,Starters,1,193.22,Credit Card,Delivered,2023-04-30 19:27:00,,54.0,Bangalore
ORD003594,CUST0733,Fresh Lime Soda,DRINKS,1,61.96,UPI,In Progress,2023-08-23 09:25:00,3.8,46.0,Mumbai
ORD006275,CUST0258,Fresh Lime Soda,Drinks,1,59.17,Debit Card,In Progress,2022-12-31 13:48:00,4.6,15.0,Delhi
ORD004664,CUST0272,Lamb Rogan Josh,Main Course,3,1186.2,UPI,In Progress,2023-02-10 20:40:00,2.7,37.0,Pune
ORD003787,CUST0603,Palak Paneer,Main Course,2,515.36,UPI,Delivered,2023-06-28 13:18:00,2.9,67.0,Chennai
ORD004947,CUST0450,Cheesecake,Desserts,2,377.94,Digital Wallet,Delivered,2023-02-10 22:59:00,3.2,15.0,Bangalore
ORD006080,CUST0131,Chocolate Brownie,Desserts,1,117.43,Debit Card,Delivered,2022-12-30 19:55:00,2.8,67.0,Chennai
ORD005630,CUST0180,BLT Sandwich,Sandwiches,1,164.52,Debit Card,Pending,2023-05-10 17:45:00,3.2,,Mumbai
ORD003402,CUST0557,Chocolate Brownie,Desserts,2,229.37,Debit Card,Delivered,2023-02-28 09:56:00,,68.0,Chennai
ORD002561,CUST0064,Kheer,Desserts,1,88.59,Digital Wallet,Cancelled,2022-11-05 14:34:00,4.1,40.0,Pune
ORD002193,CUST0751,Tandoori Roti,Breads,4,119.72,Credit Card,Delivered,2023-10-25 11:49:00,4.7,26.0,Pune
ORD003758,CUST0548,Paneer Tikka,Starters,1,208.85,Debit Card,Delivered,2023-04-22 18:20:00,3.6,69.0,
ORD003821,CUST0009,Onion Rings,Starters,2,221.41,Net Banking,Cancelled,2023-05-30 09:46:00,4.4,29.0,Chennai
ORD006476,CUST0096,Naan,Breads,1,40.75,Debit Card,Cancelled,2022-10-23 08:47:00,3.1,58.0,Hyderabad
ORD003259,CUST0687,Chicken Biryani,Main Course,3,1028.74,Digital Wallet,In Progress,2023-10-20 21:53:00,3.6,38.0,
ORD005692,CUST0117,Masala Chai,Drinks,2,76.19,Credit Card,Delivered,2023-05-22 13:23:00,4.2,64.0,Mumbai
ORD003170,CUST0735,BLT Sandwich,Sandwiches,3,525.16,Credit Card,Delivered,2023-10-30 08:29:00,4.2,,Bangalore
ORD005503,CUST0519,Masala Chai,Drinks,2,83.07,,Cancelled,2023-02-27 11:05:00,4.5,38.0,Chennai
ORD006075,CUST0626,Bruschetta,Starters,1,125.87,UPI,Pending,2023-10-29 09:25:00,4.5,75.0,Mumbai
ORD002411,CUST0668,Rasgulla,Desserts,1,73.12,Debit Card,Delivered,2022-11-03 13:54:00,,20.0,Pune
ORD006374,CUST0539,Chicken Biryani,Main Course,2,673.37,Credit Card,In Progress,2023-06-26 08:04:00,3.7,43.0,Pune
ORD003166,CUST0011,Fresh Lime Soda,DRINKS,2,119.13,,Cancelled,2023-05-22 13:52:00,2.9,45.0,Chennai
ORD005516,CUST0443,Fish Fingers,Starters,5,1085.13,Credit Card,Delivered,2023-04-07 08:51:00,3.0,22.0,Delhi
ORD005250,CUST0200,Margherita Pizza,Pizza,4,1094.67,Debit Card,Delivered,2023-01-17 20:36:00,4.4,69.0,Mumbai
ORD005691,CUST0060,Club Sandwich,Sandwiches,2,334.31,Debit Card,Cancelled,2023-10-18 16:15:00,2.5,46.0,Pune
ORD001239,CUST0104,Chicken Burger,Burgers,2,410.64,Digital Wallet,Delivered,2022-10-09 12:04:00,3.6,58.0,Pune
ORD004809,CUST0104,Classic Burger,Burgers,1,176.52,Cash,Delivered,2023-06-15 21:04:00,4.3,17.0,Delhi
ORD001199,CUST0592,Chicken Biryani,Main Course,4,1388.54,Net Banking,Delivered,2022-12-21 20:59:00,3.0,25.0,Hyderabad
ORD003063,CUST0768,Cheesecake,Desserts,2,344.94,UPI,In Progress,2023-07-29 21:36:00,4.9,25.0,Pune
ORD001465,CUST0288,Chicken Soup,Starters,2,288.26,Credit Card,Pending,2023-08-27 18:53:00,,61.0,Pune
ORD001346,CUST0557,Veg Biryani,Main Course,2,527.42,Cash,Cancelled,2023-06-27 12:51:00,4.5,37.0,Hyderabad
ORD001087,CUST0784,Chicken Burger,Burgers,5,1033.6,Net Banking,Delivered,2023-07-22 17:01:00,3.9,63.0,Delhi
ORD006891,CUST0770,Club Sandwich,Sandwiches,2,330.32,Net Banking,Delivered,2023-04-23 15:21:00,3.6,67.0,Hyderabad
ORD004509,CUST0142,Ice Cream Sundae,Desserts,2,301.64,UPI,Delivered,2023-09-03 11:58:00,3.4,55.0,Hyderabad
ORD006523,CUST0082,Veg Burger,Burgers,1,150.75,Credit Card,Delivered,2023-05-31 19:20:00,3.9,17.0,Mumbai
ORD006651,CUST0415,Chicken Burger,Burgers,2,384.53,Debit Card,Delivered,2023-07-07 13:46:00,3.9,19.0,Hyderabad
ORD003346,CUST0086,BBQ Chicken Pizza,Pizza,3,1083.3,UPI,Cancelled,2023-03-29 16:26:00,3.8,25.0,Bangalore
ORD001101,CUST0325,Cheesecake,Desserts,1,176.91,Net Banking,In Progress,2023-09-11 21:24:00,4.7,46.0,Chennai
ORD006617,CUST0715,Grilled Sandwich,Sandwiches,2,278.85,Credit Card,Cancelled,30/10/2022 16:30,3.0,55.0,
ORD003887,CUST0053,Mojito,Drinks,1,125.88,Digital Wallet,Delivered,07/09/2023 12:44,3.7,48.0,Delhi
ORD001259,CUST0083,Egg Curry,Main Course,2,377.65,Net Banking,In Progress,2023-01-24 12:52:00,4.4,20.0,Hyderabad
ORD003516,CUST0304,Egg Curry,Main Course,1,173.88,Cash,Delivered,2023-09-07 21:08:00,4.1,60.0,Pune
ORD003338,CUST0647,Onion Rings,Starters,2,224.11,Debit Card,Delivered,2022-11-05 19:50:00,3.9,33.0,
ORD003615,CUST0363,Mushroom Risotto,Main Course,1,289.41,Digital Wallet,Pending,2022-10-23 20:05:00,4.9,23.0,Bangalore
ORD003873,CUST0527,Margherita Pizza,PIZZA,5,1422.77,Credit Card,In Progress,2023-05-03 13:55:00,4.4,32.0,Chennai
ORD001506,CUST0034,Masala Chai,Drinks,1,40.1,Digital Wallet,Delivered,2023-05-05 14:34:00,3.5,58.0,Delhi
ORD005850,CUST0387,Paneer Butter Masala,Main Course,1,270.08,Cash,Delivered,2023-07-26 15:46:00,4.2,46.0,Chennai
ORD005302,CUST0753,Veg Burger,Burgers,2,314.72,Net Banking,Cancelled,2023-05-18 17:45:00,2.8,42.0,Delhi
ORD005338,CUST0148,BBQ Chicken Pizza,Pizza,2,732.45,Net Banking,In Progress,2023-03-30 08:24:00,4.8,71.0,Bangalore
ORD003623,CUST0783,Garlic Naan,Breads,1,57.55,Cash,Cancelled,29/06/2023 21:51,3.9,24.0,Bangalore
ORD005700,CUST0218,Paneer Butter Masala,Main Course,3,829.39,Credit Card,Delivered,2023-03-19 13:38:00,3.7,59.0,Chennai
ORD002741,CUST0366,Fresh Lime Soda,Drinks,4,234.66,UPI,Pending,2023-05-07 19:59:00,4.2,16.0,
ORD004862,CUST0047,Lamb Rogan Josh,Main Course,1,385.19,Cash,Delivered,2022-10-23 13:04:00,4.6,15.0,Mumbai
ORD005509,CUST0271,Palak Paneer,Main Course,1,266.69,Cash,Delivered,2023-09-10 13:26:00,2.6,34.0,Hyderabad
ORD006327,CUST0660,Chicken Soup,Starters,1,151.0,Digital Wallet,Delivered,2023-08-17 08:32:00,4.2,67.0,
ORD001996,CUST0587,Cheese Burst Burger,Burgers,1,223.11,Digital Wallet,Cancelled,2023-06-18 11:37:00,3.2,62.0,Mumbai
ORD004826,CUST0615,Chicken Soup,Starters,1,150.64,Cash,Delivered,2023-05-26 10:51:00,4.2,44.0,Pune
ORD002219,CUST0624,Tiramisu,Desserts,2,381.25,Debit Card,Delivered,2023-10-26 12:01:00,4.5,52.0,Delhi
ORD003917,CUST0390,Pepperoni Pizza,PIZZA,1,365.34,Digital Wallet,Delivered,2023-06-03 22:47:00,3.7,47.0,Chennai
ORD003879,CUST0475,Club Sandwich,Sandwiches,5,762.55,Credit Card,In Progress,2022-12-29 16:25:00,4.6,18.0,Hyderabad
ORD001865,CUST0569,Palak Paneer,Main Course,2,502.75,UPI,Delivered,2023-02-03 16:27:00,2.5,44.0,Chennai
ORD006224,CUST0428,Chocolate Brownie,Desserts,4,466.38,Credit Card,Delivered,2023-04-29 08:33:00,3.0,52.0,Chennai
ORD006356,CUST0068,Fresh Lime Soda,Drinks,3,174.95,Debit Card,Cancelled,2022-10-08 09:13:00,3.3,34.0,Delhi
ORD004318,CUST0529,Chicken Tikka Masala,Main Course,1,332.64,Cash,Pending,2023-04-30 20:10:00,2.8,21.0,Mumbai
ORD002945,CUST0146,Fish Fingers,Starters,1,209.26,Credit Card,Delivered,2023-07-15 12:24:00,3.9,30.0,Pune
ORD004919,CUST0017,Bruschetta,Starters,1,128.41,Debit Card,Delivered,2023-06-16 08:07:00,4.8,60.0,
ORD001544,CUST0785,Spring Rolls,Starters,5,619.14,Digital Wallet,Delivered,2023-01-06 15:31:00,4.0,35.0,Hyderabad
ORD006494,CUST0533,Veg Biryani,Main Course,1,269.1,Credit Card,Cancelled,2023-06-04 11:13:00,3.5,35.0,Delhi
ORD004492,CUST0659,Mutton Curry,Main Course,1,398.71,Credit Card,Delivered,2022-11-14 09:26:00,3.7,24.0,
ORD004908,CUST0749,Paneer Butter Masala,Main Course,1,270.4,Credit Card,Pending,2023-04-03 12:22:00,3.6,20.0,Hyderabad
ORD001655,CUST0225,Chocolate Brownie,Desserts,1,115.17,Net Banking,Delivered,2022-11-23 19:22:00,3.1,17.0,Mumbai
ORD004384,CUST0057,Spring Rolls,Starters,1,114.47,UPI,Delivered,28/05/2023 19:46,2.6,29.0,Delhi
ORD003252,CUST0218,Cold Brew Coffee,Drinks,1,152.87,Debit Card,In Progress,2023-04-28 12:42:00,3.1,66.0,Chennai
ORD002407,CUST0758,Mushroom Risotto,Main Course,1,313.44,Credit Card,Cancelled,2022-10-14 13:47:00,2.6,43.0,Hyderabad
ORD002038,CUST0100,Cold Coffee,Drinks,1,104.48,Net Banking,Delivered,2023-04-05 12:07:00,4.2,64.0,Delhi
ORD001538,CUST0634,Chicken Burger,Burgers,1,191.79,Debit Card,In Progress,2022-12-20 14:43:00,2.7,37.0,Pune
ORD002209,CUST0121,Strawberry Shake,Drinks,1,122.42,Digital Wallet,Delivered,2023-07-09 09:28:00,3.4,,Hyderabad
ORD002728,CUST0661,Paneer Tikka,Starters,2,397.53,UPI,Cancelled,2022-12-08 08:15:00,3.0,75.0,Chennai
ORD002509,CUST0794,Watermelon Juice,Drinks,1,67.26,Digital Wallet,Cancelled,2023-08-30 13:57:00,2.6,28.0,Bangalore
ORD005410,CUST0655,Tandoori Roti,Breads,1,29.04,UPI,Delivered,2023-06-06 12:35:00,3.2,35.0,Mumbai
ORD001324,CUST0751,Masala Chai,Drinks,1,39.49,Cash,Delivered,2023-10-19 20:17:00,3.3,42.0,Bangalore
ORD001565,CUST0329,Grilled Sandwich,Sandwiches,1,142.4,,Pending,2023-05-05 13:12:00,4.1,64.0,Bangalore
ORD004878,CUST0748,Veg Burger,Burgers,2,309.07,Credit Card,Delivered,2022-12-24 19:57:00,4.4,,Pune
ORD001325,CUST0467,Chicken Fried Rice,Main Course,2,488.15,Digital Wallet,Delivered,2023-07-23 19:31:00,2.6,69.0,Chennai
ORD004107,CUST0747,Cold Coffee,Drinks,5,492.14,UPI,Pending,2023-09-08 13:57:00,4.9,60.0,Mumbai
ORD003370,CUST0430,Paneer Butter Masala,Main Course,2,559.17,Digital Wallet,Delivered,2023-01-25 08:56:00,4.7,15.0,Delhi
ORD001132,CUST0053,Paratha,Breads,4,208.82,Debit Card,Pending,2023-05-05 21:46:00,3.3,21.0,Chennai
ORD002397,CUST0050,Dal Makhani,Main Course,1,218.04,Digital Wallet,Delivered,2023-04-21 20:51:00,4.8,47.0,Bangalore
ORD004075,CUST0366,Cold Coffee,Drinks,1,100.01,Debit Card,In Progress,2023-10-13 08:05:00,4.7,65.0,Pune
ORD001676,CUST0162,Mango Lassi,Drinks,1,82.33,Cash,Cancelled,2023-08-20 18:49:00,2.7,15.0,Delhi
ORD004063,CUST0779,Chicken Tikka Masala,Main Course,1,342.78,Cash,In Progress,2022-12-20 13:20:00,4.1,65.0,Chennai
ORD004816,CUST0110,Cheese Burst Burger,Burgers,1,212.9,UPI,Delivered,2022-12-27 09:40:00,3.5,39.0,Chennai
ORD004754,CUST0610,Paneer Butter Masala,Main Course,3,808.37,Credit Card,Delivered,2022-10-21 13:00:00,2.8,50.0,Chennai
ORD002780,CUST0780,Kheer,Desserts,4,368.04,Digital Wallet,Cancelled,2022-11-12 21:39:00,4.4,35.0,Hyderabad
ORD005899,CUST0292,Pasta Arrabbiata,Main Course,5,1156.39,UPI,Delivered,2022-11-01 20:24:00,4.3,68.0,Hyderabad
ORD003518,CUST0411,Chocolate Brownie,Desserts,4,460.91,Credit Card,Pending,2023-02-11 16:39:00,4.9,67.0,Chennai
ORD001742,CUST0411,Mushroom Risotto,Main Course,2,609.51,Net Banking,Pending,2022-11-13 09:25:00,4.9,62.0,Delhi
ORD003275,CUST0634,Paneer Butter Masala,Main Course,3,831.68,Cash,In Progress,2023-02-03 11:15:00,2.5,36.0,Chennai
ORD005222,CUST0765,Margherita Pizza,Pizza,2,555.99,Net Banking,Delivered,2023-02-05 21:19:00,3.4,59.0,Delhi
ORD006429,CUST0313,Club Sandwich,Sandwiches,1,154.38,,Delivered,2023-07-22 13:47:00,4.9,20.0,Chennai
ORD003244,CUST0336,Garlic Bread,Starters,1,93.23,UPI,Delivered,2022-11-21 13:32:00,4.0,43.0,Mumbai
ORD006072,CUST0489,Cold Brew Coffee,Drinks,1,150.39,Credit Card,Delivered,2022-12-19 13:28:00,2.8,74.0,Delhi
ORD006826,CUST0395,Pasta Arrabbiata,Main Course,1,239.64,Cash,Pending,2023-07-20 20:03:00,4.7,62.0,Bangalore
ORD002075,CUST0014,Classic Burger,Burgers,2,368.01,Debit Card,Delivered,2023-05-16 20:44:00,2.9,71.0,Pune
ORD001746,CUST0184,Cold Brew Coffee,Drinks,1,153.57,UPI,Pending,2022-11-04 14:01:00,4.2,24.0,Bangalore
ORD006430,CUST0159,Club Sandwich,Sandwiches,1,166.6,Credit Card,In Progress,2022-12-08 19:29:00,3.9,52.0,Pune
ORD001371,CUST0732,Garlic Bread,Starters,2,175.24,Cash,Pending,2023-03-03 08:57:00,3.9,48.0,Chennai
ORD006160,CUST0094,Palak Paneer,Main Course,3,767.51,Debit Card,In Progress,2022-11-10 20:51:00,2.9,18.0,Delhi
ORD006961,CUST0162,Dal Makhani,Main Course,2,430.96,Credit Card,Delivered,2022-11-26 14:44:00,4.7,16.0,Mumbai
ORD004045,CUST0024,Lamb Rogan Josh,Main Course,2,808.56,Debit Card,Delivered,2023-03-24 08:37:00,4.1,61.0,Chennai
ORD002962,CUST0587,Veg Manchurian,Starters,1,152.12,Debit Card,Delivered,2022-10-13 18:41:00,3.2,,Bangalore
ORD001401,CUST0752,Margherita Pizza,Pizza,3,842.61,Credit Card,Delivered,2022-10-10 19:40:00,4.2,,Bangalore
ORD005584,CUST0354,Fish Curry,Main Course,3,1069.63,UPI,Pending,2023-10-18 19:39:00,4.5,53.0,Mumbai
ORD001168,CUST0624,Margherita Pizza,Pizza,1,272.04,Digital Wallet,Cancelled,2022-12-16 16:46:00,,33.0,Delhi
ORD001696,CUST0114,Gulab Jamun,Desserts,4,320.47,UPI,Delivered,2023-09-11 13:03:00,3.7,17.0,
ORD006834,CUST0708,Chicken Burger,Burgers,1,201.66,Net Banking,Delivered,2022-11-20 12:54:00,3.3,64.0,Delhi
ORD002379,CUST0604,Farmhouse Pizza,Pizza,4,1230.28,Net Banking,Pending,2023-05-15 20:12:00,4.4,15.0,Bangalore
ORD004370,CUST0149,Veg Supreme Pizza,Pizza,2,596.69,Cash,Cancelled,2022-12-25 21:59:00,3.0,25.0,Pune
ORD002881,CUST0720,Veg Manchurian,Starters,2,308.6,Credit Card,Pending,2022-12-25 12:23:00,4.6,49.0,Delhi
ORD001198,CUST0461,Grilled Sandwich,Sandwiches,2,268.97,Credit Card,Delivered,2023-02-01 13:17:00,2.7,33.0,
ORD005836,CUST0389,Garlic Bread,Starters,4,343.5,Credit Card,Delivered,2023-09-13 16:33:00,4.3,48.0,Hyderabad
ORD005960,CUST0350,Chicken Soup,Starters,4,599.72,UPI,Delivered,2023-10-19 20:50:00,4.7,,Bangalore
ORD002253,CUST0270,Bruschetta,Starters,3,403.45,Cash,Delivered,2023-05-16 21:31:00,,61.0,Pune
ORD004649,CUST0502,Veg Manchurian,Starters,4,620.29,UPI,Delivered,2023-08-08 18:43:00,3.4,16.0,Mumbai
ORD003499,CUST0584,Lamb Rogan Josh,Main Course,2,779.89,UPI,Cancelled,2023-01-02 16:17:00,4.6,74.0,Pune
ORD005329,CUST0050,Veg Biryani,Main Course,1,247.87,Debit Card,Cancelled,15/10/2023 09:46,5.0,60.0,Delhi
ORD003617,CUST0372,Paneer Tikka,Starters,2,398.39,Digital Wallet,Delivered,2023-02-24 16:29:00,4.9,22.0,Pune
ORD005342,CUST0038,Cheese Burst Burger,Burgers,1,220.09,Digital Wallet,Delivered,2023-07-23 12:56:00,3.4,55.0,Bangalore
ORD001230,CUST0539,Palak Paneer,Main Course,3,794.07,UPI,Pending,2023-08-02 21:05:00,4.3,19.0,Chennai
ORD006139,CUST0186,Mango Lassi,Drinks,1,78.96,Debit Card,Delivered,2023-06-22 08:47:00,3.3,46.0,Mumbai
ORD002033,CUST0626,Fish Curry,Main Course,2,699.22,Credit Card,Delivered,2022-11-22 19:32:00,5.0,52.0,Pune
ORD001932,CUST0622,BLT Sandwich,Sandwiches,1,175.45,Cash,Delivered,2022-12-22 09:01:00,3.2,49.0,Pune
ORD004960,CUST0333,Grilled Salmon,Main Course,4,-50.0,,Delivered,2023-03-04 20:47:00,4.6,42.0,
ORD002223,CUST0405,Farmhouse Pizza,PIZZA,1,312.0,Cash,Pending,2023-07-05 12:36:00,3.2,32.0,Pune
ORD006676,CUST0301,Dal Makhani,Main Course,2,441.48,Credit Card,In Progress,2023-10-05 19:35:00,4.2,45.0,Bangalore
ORD004414,CUST0369,Veg Manchurian,Starters,3,472.77,,Pending,2022-11-30 21:04:00,4.5,23.0,
ORD003789,CUST0342,Mushroom Risotto,Main Course,1,302.02,Cash,Delivered,2023-03-17 13:59:00,4.5,18.0,
ORD004830,CUST0753,Veg Burger,Burgers,5,767.04,Debit Card,Cancelled,2022-12-15 21:56:00,2.9,40.0,Hyderabad
ORD005419,CUST0775,Ice Cream Sundae,Desserts,1,154.72,Digital Wallet,Pending,14/08/2023 08:35,3.7,38.0,Hyderabad
ORD001017,CUST0553,Mutton Curry,Main Course,1,381.05,Net Banking,In Progress,2023-08-07 13:13:00,3.0,34.0,
ORD001285,CUST0169,Gulab Jamun,Desserts,1,82.79,Net Banking,Delivered,2023-08-28 09:51:00,3.8,,Delhi
ORD002221,CUST0475,Chocolate Brownie,Desserts,5,625.95,UPI,Pending,2023-02-25 21:34:00,4.3,64.0,Chennai
ORD005604,CUST0469,Farmhouse Pizza,Pizza,4,1292.25,Net Banking,In Progress,2023-09-29 09:37:00,3.3,51.0,Mumbai
ORD006639,CUST0272,BLT Sandwich,Sandwiches,4,713.15,Net Banking,Delivered,14/03/2023 19:54,4.8,37.0,Hyderabad
ORD003254,CUST0607,Fresh Lime Soda,Drinks,1,59.88,UPI,Pending,2023-10-16 13:10:00,4.8,34.0,Delhi
ORD003378,CUST0025,Chocolate Brownie,Desserts,2,234.93,Cash,Delivered,2023-02-27 15:14:00,4.8,62.0,Hyderabad
ORD003091,CUST0066,Pepperoni Pizza,Pizza,1,365.09,UPI,Delivered,2023-08-01 20:24:00,4.8,23.0,Mumbai
ORD005977,CUST0168,Tiramisu,Desserts,1,202.1,Digital Wallet,In Progress,2023-03-21 12:01:00,4.1,59.0,Bangalore
ORD003944,CUST0512,Veg Biryani,Main Course,2,499.92,Cash,Cancelled,2023-01-15 19:00:00,5.0,37.0,Delhi
ORD002039,CUST0542,Spring Rolls,Starters,1,122.9,Digital Wallet,Delivered,2023-04-04 20:37:00,3.1,32.0,Delhi
ORD006333,CUST0470,Mutton Curry,Main Course,2,737.6,Digital Wallet,Delivered,2022-11-01 13:33:00,4.5,31.0,Mumbai
ORD003988,CUST0699,Bruschetta,Starters,5,672.39,Credit Card,Pending,2023-03-19 08:55:00,3.3,60.0,Hyderabad
ORD003775,CUST0739,Rasgulla,Desserts,1,70.33,Digital Wallet,Delivered,2023-04-27 19:51:00,2.9,30.0,Mumbai
ORD002477,CUST0198,Chicken Biryani,Main Course,2,706.31,,Delivered,2022-12-25 21:31:00,5.0,73.0,Bangalore
ORD006586,CUST0320,Masala Chai,Drinks,1,41.44,Credit Card,Pending,2023-10-20 16:30:00,4.4,45.0,
ORD004807,CUST0073,Rasgulla,DESSERTS,1,73.2,Digital Wallet,Pending,2022-11-24 20:51:00,4.7,54.0,Hyderabad
ORD001755,CUST0433,Veg Biryani,Main Course,1,247.51,Digital Wallet,Pending,2023-03-16 08:42:00,4.8,32.0,
ORD004326,CUST0121,Club Sandwich,Sandwiches,4,640.48,Digital Wallet,Cancelled,2023-09-27 20:30:00,2.7,71.0,Bangalore
ORD005348,CUST0372,Dal Makhani,Main Course,-1,230.41,Cash,Delivered,2023-05-04 09:18:00,4.4,57.0,Chennai
ORD003299,CUST0711,Lamb Rogan Josh,Main Course,3,1162.26,Net Banking,In Progress,2022-10-08 12:56:00,3.0,41.0,Mumbai
ORD002652,CUST0654,BBQ Chicken Pizza,Pizza,1,358.85,Credit Card,Cancelled,09/10/2022 11:49,4.7,65.0,Pune
ORD003439,CUST0173,Paratha,Breads,2,98.98,Debit Card,Delivered,2022-12-04 19:49:00,4.8,70.0,Pune
ORD005593,CUST0217,Chicken Soup,Starters,3,438.84,Debit Card,In Progress,2023-05-25 13:50:00,4.9,66.0,Hyderabad
ORD002212,CUST0491,Palak Paneer,Main Course,2,506.7,Net Banking,Delivered,2023-02-27 09:25:00,4.1,19.0,Bangalore
ORD001393,CUST0368,Chicken Fried Rice,Main Course,2,506.92,Digital Wallet,Delivered,2023-06-01 21:42:00,4.6,68.0,Pune
ORD004483,CUST0532,Lamb Rogan Josh,Main Course,1,407.79,Debit Card,Cancelled,2023-04-29 12:23:00,3.6,66.0,Bangalore
ORD001279,CUST0369,Veg Manchurian,Starters,4,663.66,Net Banking,Pending,2023-05-03 16:50:00,4.0,73.0,Mumbai
ORD003650,CUST0793,Cold Coffee,Drinks,1,99.39,Net Banking,Delivered,2022-11-23 15:35:00,4.3,23.0,Chennai
ORD004132,CUST0049,Garlic Bread,Starters,1,85.73,Cash,Delivered,2022-12-23 19:19:00,4.8,30.0,Delhi
ORD004523,CUST0528,Grilled Sandwich,Sandwiches,1,133.51,Credit Card,Delivered,2023-10-21 19:36:00,3.8,53.0,Delhi
ORD002090,CUST0265,Chicken Burger,Burgers,1,191.78,UPI,Delivered,2022-12-31 19:29:00,4.4,43.0,Pune
ORD002199,CUST0513,Garlic Bread,Starters,2,179.93,Debit Card,Delivered,2023-01-15 17:30:00,4.0,50.0,Delhi
ORD002186,CUST0029,Paratha,Breads,2,96.07,Debit Card,Cancelled,2023-05-02 20:09:00,2.8,,Mumbai
ORD001014,CUST0157,Tandoori Roti,Breads,4,117.58,Debit Card,Delivered,2023-08-24 15:12:00,3.8,64.0,Chennai
ORD001879,CUST0281,Garlic Naan,Breads,2,121.8,Cash,In Progress,2023-03-15 13:26:00,3.8,46.0,Bangalore
ORD004334,CUST0109,Cold Coffee,Drinks,3,285.21,Net Banking,Delivered,2023-06-11 12:57:00,4.4,61.0,Chennai
ORD004256,CUST0415,Butter Chicken,Main Course,5,1618.38,Debit Card,Delivered,2022-11-15 10:40:00,2.5,39.0,Mumbai
ORD002545,CUST0316,Kheer,Desserts,2,179.9,Net Banking,Delivered,2023-01-19 13:00:00,3.3,34.0,Pune
ORD004829,CUST0242,Strawberry Shake,Drinks,1,118.31,Debit Card,Delivered,2023-07-01 20:56:00,3.9,74.0,Pune
ORD002181,CUST0705,Cheesecake,Desserts,2,367.89,Credit Card,Delivered,2022-10-04 20:39:00,2.7,24.0,Chennai
ORD001410,CUST0014,Mango Lassi,Drinks,4,326.02,Net Banking,Delivered,2023-06-04 12:00:00,4.8,68.0,Chennai
ORD004671,CUST0396,Garlic Bread,Starters,5,466.9,Credit Card,Delivered,2022-11-14 12:46:00,4.5,60.0,Bangalore
ORD004349,CUST0419,Kheer,Desserts,3,265.18,Digital Wallet,Pending,2022-10-07 12:12:00,4.0,23.0,Chennai
ORD004567,CUST0623,Chicken Tikka Masala,Main Course,4,1339.13,Net Banking,Delivered,2023-09-10 13:25:00,3.2,29.0,Bangalore
ORD006453,CUST0631,Chicken Burger,BURGERS,1,201.09,Cash,In Progress,2022-12-26 18:04:00,3.4,43.0,Chennai
ORD001530,CUST0023,Tandoori Roti,Breads,2,58.92,,Delivered,17/12/2022 08:34,3.2,23.0,Pune
ORD001065,CUST0407,Gulab Jamun,Desserts,1,78.5,Net Banking,Delivered,2023-09-12 21:24:00,2.7,59.0,Pune
ORD004624,CUST0226,Mango Lassi,Drinks,3,250.57,Cash,In Progress,2023-02-09 20:16:00,4.5,15.0,Hyderabad
ORD003600,CUST0086,Chicken Burger,Burgers,1,200.86,UPI,Cancelled,2023-07-21 21:26:00,2.8,21.0,Hyderabad
ORD002103,CUST0470,Farmhouse Pizza,Pizza,3,982.73,Credit Card,Cancelled,2023-03-12 08:57:00,4.7,22.0,Pune
ORD002876,CUST0524,Chocolate Brownie,Desserts,4,501.22,Net Banking,In Progress,2023-03-16 09:05:00,3.6,72.0,Pune
ORD004757,CUST0424,Gulab Jamun,Desserts,4,309.62,,Delivered,2023-01-12 13:57:00,3.8,41.0,Delhi
ORD001351,CUST0193,Grilled Salmon,Main Course,3,1329.98,UPI,Pending,2023-07-18 17:36:00,3.3,,Mumbai
ORD005086,CUST0083,Cheese Burst Burger,Burgers,5,1081.57,Net Banking,Pending,2023-08-25 12:48:00,3.8,34.0,Delhi
ORD004096,CUST0473,Veg Burger,Burgers,4,592.37,Cash,Delivered,2023-10-28 13:07:00,4.0,39.0,Mumbai
ORD005993,CUST0136,Paneer Butter Masala,Main Course,3,879.13,Cash,In Progress,2023-08-29 12:06:00,3.7,25.0,Mumbai
ORD002666,CUST0337,Tandoori Roti,Breads,3,87.71,Digital Wallet,Delivered,2022-10-12 13:17:00,3.7,61.0,Hyderabad
ORD006713,CUST0792,Palak Paneer,Main Course,2,513.89,Cash,Cancelled,2023-05-04 20:45:00,4.5,55.0,Mumbai
ORD005039,CUST0254,Classic Burger,Burgers,3,562.6,Net Banking,Pending,2023-06-10 21:38:00,3.9,15.0,Mumbai
ORD003118,CUST0158,Lamb Rogan Josh,Main Course,5,1969.22,Net Banking,In Progress,2023-09-09 21:36:00,5.0,55.0,Delhi
ORD006898,CUST0205,Chicken Fried Rice,Main Course,2,491.17,Credit Card,Delivered,2023-01-31 11:00:00,4.9,51.0,Hyderabad
ORD001088,CUST0447,Paneer Tikka,Starters,2,406.06,Net Banking,Cancelled,2023-02-20 10:37:00,4.9,45.0,Bangalore
ORD006377,CUST0219,Butter Chicken,Main Course,1,317.29,Debit Card,Delivered,2023-03-17 21:07:00,4.1,70.0,Pune
ORD006907,CUST0296,Gulab Jamun,Desserts,1,81.47,Cash,Delivered,2023-02-28 08:27:00,3.0,59.0,Pune
ORD002513,CUST0067,Garlic Bread,Starters,2,182.31,Cash,Delivered,2022-10-19 19:50:00,2.5,70.0,Mumbai
ORD002562,CUST0782,Veg Manchurian,Starters,1,165.17,Debit Card,Delivered,2023-01-15 13:07:00,3.1,,Pune
ORD006750,CUST0377,Garlic Bread,Starters,2,177.7,Debit Card,Delivered,2023-10-13 20:34:00,3.7,59.0,Hyderabad
ORD001622,CUST0081,Tiramisu,Desserts,1,193.96,UPI,Pending,2023-10-24 19:34:00,2.8,67.0,
ORD002620,CUST0196,Bruschetta,Starters,1,135.55,Debit Card,Delivered,2023-03-15 21:36:00,3.0,36.0,Chennai
ORD002737,CUST0038,Mutton Curry,Main Course,3,1108.16,Debit Card,Delivered,2023-01-18 11:06:00,4.8,41.0,Mumbai
ORD005184,CUST0355,Garlic Bread,Starters,3,272.23,Net Banking,Cancelled,2022-11-16 19:38:00,4.4,47.0,Delhi
ORD006445,CUST0043,Naan,Breads,2,81.81,Credit Card,Pending,2023-03-24 20:44:00,4.8,37.0,Hyderabad
ORD002873,CUST0269,Pasta Arrabbiata,Main Course,1,228.19,UPI,Delivered,2022-11-16 15:26:00,3.0,50.0,Hyderabad
ORD005998,CUST0712,Tiramisu,Desserts,4,810.98,Credit Card,Cancelled,2023-03-17 15:17:00,3.6,41.0,Mumbai
ORD003523,CUST0509,Classic Burger,Burgers,2,364.27,UPI,Cancelled,2023-04-26 09:03:00,3.0,25.0,Mumbai
ORD006923,CUST0654,Watermelon Juice,Drinks,4,290.45,Digital Wallet,Delivered,2023-08-17 20:23:00,4.3,67.0,Mumbai
ORD001420,CUST0056,BLT Sandwich,Sandwiches,2,336.09,Cash,In Progress,2023-07-13 21:39:00,4.8,47.0,Hyderabad
ORD001907,CUST0361,Pasta Arrabbiata,Main Course,2,462.45,Credit Card,Pending,2022-11-13 12:33:00,2.6,47.0,Chennai
ORD006541,CUST0739,Garlic Naan,Breads,3,183.39,Credit Card,Delivered,2023-09-26 19:07:00,4.5,54.0,Bangalore
ORD001373,CUST0643,Grilled Salmon,Main Course,2,943.95,Credit Card,Pending,2023-05-11 10:52:00,3.1,73.0,
ORD005354,CUST0290,Fish Curry,Main Course,3,1034.72,Credit Card,Delivered,2023-01-05 21:47:00,3.3,52.0,Delhi
ORD001691,CUST0508,Onion Rings,Starters,2,219.54,Credit Card,Delivered,2023-09-22 20:28:00,3.9,15.0,Pune
ORD002662,CUST0168,Tiramisu,Desserts,2,402.73,Cash,Delivered,2023-01-16 08:04:00,4.3,65.0,Mumbai
ORD004208,CUST0751,Chicken Fried Rice,Main Course,3,718.15,Debit Card,Delivered,2022-11-16 20:52:00,3.4,62.0,Delhi
ORD001783,CUST0269,Fish Fingers,Starters,2,445.57,Net Banking,Delivered,2022-11-15 22:12:00,2.6,54.0,Hyderabad
ORD001626,CUST0546,Watermelon Juice,Drinks,3,206.34,UPI,Cancelled,2023-08-29 08:19:00,4.0,30.0,Chennai
ORD004471,CUST0404,Chicken Biryani,Main Course,1,361.39,Cash,Delivered,2023-10-23 20:07:00,4.2,56.0,Chennai
ORD006404,CUST0602,Mango Lassi,Drinks,2,162.38,Net Banking,Delivered,2023-04-06 12:05:00,4.4,31.0,Delhi
ORD006227,CUST0605,Rasgulla,Desserts,2,141.71,Digital Wallet,Delivered,2023-04-03 08:45:00,3.4,38.0,Hyderabad
ORD002144,CUST0424,Lamb Rogan Josh,Main Course,1,392.77,Net Banking,Cancelled,2022-12-15 20:56:00,4.2,48.0,Chennai
ORD005387,CUST0620,Garlic Bread,Starters,2,184.72,Debit Card,Cancelled,2023-07-26 12:40:00,4.7,40.0,Delhi
ORD001181,CUST0696,Gulab Jamun,Desserts,1,81.1,Credit Card,Delivered,2023-04-05 15:47:00,2.9,53.0,Pune
ORD001561,CUST0771,Grilled Sandwich,Sandwiches,1,133.71,Digital Wallet,Pending,2023-10-10 22:28:00,3.8,29.0,Hyderabad
ORD004601,CUST0532,Mango Lassi,Drinks,1,83.91,Debit Card,Pending,2023-09-10 19:56:00,4.8,23.0,Pune
ORD005470,CUST0561,Onion Rings,Starters,2,227.23,Credit Card,Cancelled,2022-12-09 08:12:00,3.1,40.0,Bangalore
ORD001599,CUST0576,Fresh Lime Soda,Drinks,1,60.97,Credit Card,Cancelled,2023-09-24 18:50:00,4.4,38.0,Mumbai
ORD002188,CUST0516,Garlic Naan,Breads,2,114.11,Credit Card,Delivered,2022-12-21 13:54:00,4.8,48.0,Hyderabad
ORD006613,CUST0637,Mango Lassi,Drinks,1,78.49,UPI,Delivered,2023-04-27 12:06:00,4.3,68.0,Pune
ORD006751,CUST0429,Masala Chai,Drinks,4,155.43,Debit Card,Delivered,2023-07-24 09:47:00,2.5,47.0,Mumbai
ORD002268,CUST0736,Paneer Butter Masala,Main Course,1,271.56,Credit Card,Delivered,2022-12-20 20:25:00,4.5,73.0,Bangalore
ORD001534,CUST0097,Grilled Salmon,Main Course,1,472.25,Digital Wallet,In Progress,2023-01-10 13:49:00,5.0,45.0,Hyderabad
ORD003874,CUST0362,Chicken Fried Rice,Main Course,1,244.92,Net Banking,Pending,2023-10-15 21:42:00,4.9,55.0,Delhi
ORD004544,CUST0219,Grilled Sandwich,Sandwiches,2,273.37,Net Banking,Pending,2022-12-07 15:35:00,2.6,53.0,Hyderabad
ORD004035,CUST0018,Tiramisu,Desserts,3,628.93,Cash,In Progress,2023-04-13 19:05:00,4.3,55.0,
ORD006095,CUST0172,Dal Makhani,MAIN COURSE,4,887.95,Cash,Delivered,2023-04-12 21:25:00,3.2,37.0,Pune
ORD002498,CUST0344,Grilled Sandwich,Sandwiches,4,560.31,Net Banking,In Progress,2023-01-24 10:12:00,3.6,70.0,Hyderabad
ORD005254,CUST0566,Classic Burger,Burgers,1,184.24,Net Banking,Delivered,2022-11-03 09:58:00,3.2,63.0,Chennai
ORD005201,CUST0677,Garlic Naan,Breads,1,58.21,Digital Wallet,In Progress,2022-10-07 12:08:00,3.1,,Pune
ORD005374,CUST0118,Grilled Salmon,Main Course,3,1309.28,UPI,Delivered,2022-10-23 21:22:00,4.0,24.0,Pune
ORD004357,CUST0665,Tiramisu,Desserts,1,193.08,Credit Card,In Progress,2022-12-16 21:34:00,4.3,16.0,Bangalore
ORD004932,CUST0424,Paneer Butter Masala,Main Course,1,272.87,Cash,Delivered,2023-08-26 19:36:00,3.1,19.0,Bangalore
ORD003656,CUST0662,Club Sandwich,Sandwiches,1,162.63,Debit Card,Delivered,2023-04-26 17:04:00,3.1,63.0,Bangalore
ORD003509,CUST0410,Veg Biryani,Main Course,1,255.34,Digital Wallet,Pending,2023-07-11 19:55:00,3.7,46.0,Hyderabad
ORD003755,CUST0628,Bruschetta,Starters,1,132.9,UPI,Delivered,2023-08-12 18:40:00,3.2,44.0,
ORD006610,CUST0109,Mutton Curry,Main Course,2,757.28,Cash,Delivered,2022-12-27 11:57:00,4.3,61.0,Chennai
ORD002894,CUST0426,Garlic Bread,Starters,1,91.01,UPI,Delivered,2023-01-09 21:36:00,3.0,52.0,Hyderabad
ORD006380,CUST0177,Tiramisu,Desserts,1,193.92,Debit Card,Pending,2023-02-12 09:30:00,2.9,55.0,Delhi
ORD005403,CUST0252,Fish Fingers,Starters,1,209.74,Cash,Delivered,2023-09-16 09:33:00,4.8,22.0,Chennai
ORD001015,CUST0372,Chicken Burger,Burgers,4,807.92,Debit Card,Delivered,08/06/2023 08:59,2.6,71.0,Chennai
ORD006478,CUST0789,Spring Rolls,Starters,2,234.06,Debit Card,Delivered,2023-06-11 12:44:00,3.4,49.0,Bangalore
ORD001683,CUST0594,Classic Burger,Burgers,2,346.18,Debit Card,Cancelled,2023-01-29 19:37:00,3.0,58.0,Bangalore
ORD004948,CUST0522,Tandoori Roti,Breads,1,30.38,UPI,Delivered,2023-01-11 13:04:00,3.5,52.0,Delhi
ORD004893,CUST0012,Veg Manchurian,Starters,3,499.25,UPI,Delivered,2023-08-24 09:24:00,3.1,40.0,Pune
ORD004066,CUST0063,Mango Lassi,Drinks,2,155.3,Cash,Cancelled,2023-10-13 15:11:00,4.5,68.0,Mumbai
ORD003603,CUST0458,Butter Chicken,Main Course,2,625.57,Debit Card,Pending,2022-10-04 08:33:00,4.5,41.0,Chennai
ORD002483,CUST0716,Cheese Burst Burger,Burgers,2,431.46,,Pending,2023-10-30 12:43:00,4.6,,Mumbai
ORD006883,CUST0581,Mango Lassi,Drinks,1,78.05,Debit Card,Delivered,2022-12-22 10:16:00,,21.0,Delhi
ORD002345,CUST0355,Veg Biryani,Main Course,1,271.18,UPI,Delivered,2022-10-07 12:20:00,3.7,62.0,Hyderabad
ORD004821,CUST0703,Palak Paneer,Main Course,1,249.23,Cash,In Progress,2023-07-27 21:41:00,,51.0,Chennai
ORD002321,CUST0309,Garlic Bread,Starters,1,85.51,Debit Card,Delivered,2022-12-15 10:11:00,3.0,69.0,Delhi
ORD005956,CUST0630,Grilled Salmon,Main Course,4,1712.73,Digital Wallet,Cancelled,2023-04-30 20:06:00,4.8,15.0,Hyderabad
ORD005154,CUST0398,Spring Rolls,Starters,5,603.94,Debit Card,Cancelled,2023-05-04 21:15:00,4.1,,Chennai
ORD004819,CUST0328,Gulab Jamun,Desserts,3,229.62,Digital Wallet,Delivered,2023-05-09 19:56:00,,54.0,Mumbai
ORD003357,CUST0266,Garlic Naan,Breads,2,119.04,Cash,Delivered,2022-10-12 22:25:00,4.6,,Mumbai
ORD006031,CUST0646,Chicken Soup,Starters,2,304.47,Debit Card,Delivered,2023-10-12 13:51:00,4.7,20.0,Pune
ORD002057,CUST0045,Chicken Soup,Starters,1,154.9,Credit Card,Delivered,2023-10-26 20:59:00,4.4,32.0,Delhi
ORD002859,CUST0485,Grilled Salmon,Main Course,1,451.31,Digital Wallet,Delivered,2022-12-02 19:33:00,4.0,68.0,Delhi
ORD005236,CUST0322,BBQ Chicken Pizza,Pizza,1,366.96,UPI,Delivered,2023-07-04 13:34:00,4.9,28.0,Bangalore
ORD002448,CUST0423,Paratha,Breads,2,95.24,Cash,In Progress,2023-03-18 09:58:00,3.6,72.0,Bangalore
ORD006123,CUST0294,Tiramisu,Desserts,2,385.45,Debit Card,Cancelled,2023-02-13 19:32:00,2.5,67.0,Mumbai
ORD003031,CUST0392,Pepperoni Pizza,Pizza,2,703.3,Net Banking,Delivered,2022-12-30 12:14:00,3.5,23.0,Chennai
ORD004312,CUST0237,Chicken Soup,Starters,1,147.33,Cash,In Progress,2022-12-18 20:33:00,,57.0,Bangalore
ORD002330,CUST0056,Mushroom Risotto,Main Course,2,599.17,Debit Card,Cancelled,2023-09-09 13:49:00,,55.0,Mumbai
ORD001710,CUST0297,Cheese Burst Burger,Burgers,5,1081.44,Digital Wallet,In Progress,2023-09-27 12:57:00,2.9,,Pune
ORD001008,CUST0217,Chicken Biryani,Main Course,1,333.62,Digital Wallet,In Progress,11/03/2023 13:04,3.3,56.0,Hyderabad
ORD002942,CUST0798,Naan,Breads,2,77.79,UPI,Pending,2023-10-06 13:06:00,4.5,66.0,Pune
ORD006213,CUST0728,Grilled Salmon,Main Course,1,450.94,Digital Wallet,Delivered,2023-03-06 19:21:00,4.1,66.0,Bangalore
ORD005926,CUST0570,Chicken Tikka Masala,Main Course,1,322.88,Digital Wallet,Delivered,2023-04-24 20:11:00,3.6,44.0,Delhi
ORD003215,CUST0430,Paneer Butter Masala,Main Course,2,560.18,Digital Wallet,Pending,2022-11-26 12:37:00,4.1,49.0,Pune
ORD004615,CUST0353,Chicken Tikka Masala,Main Course,2,636.94,UPI,Pending,2023-03-09 09:26:00,4.4,,
ORD001549,CUST0237,Spring Rolls,Starters,1,116.59,Digital Wallet,Cancelled,23/06/2023 09:46,3.0,,Pune
ORD005703,CUST0309,Lamb Rogan Josh,Main Course,2,792.92,Cash,Delivered,2022-10-24 13:09:00,3.7,54.0,Bangalore
ORD006415,CUST0344,Palak Paneer,Main Course,1,271.56,Credit Card,Delivered,2023-06-04 18:26:00,2.6,26.0,Delhi
ORD002520,CUST0685,Strawberry Shake,Drinks,2,250.0,,In Progress,2022-11-26 22:50:00,3.3,60.0,Mumbai
ORD001426,CUST0350,Cheese Burst Burger,Burgers,3,634.53,Debit Card,In Progress,2023-10-24 19:00:00,4.9,33.0,Chennai
ORD001033,CUST0289,Kheer,Desserts,1,93.51,Digital Wallet,Delivered,2023-10-16 16:17:00,4.3,28.0,Pune
ORD004954,CUST0252,Cheesecake,Desserts,5,857.77,Net Banking,Cancelled,2023-02-15 08:58:00,3.3,27.0,Delhi
ORD001044,CUST0755,Paneer Tikka,Starters,2,400.8,Net Banking,Delivered,2023-07-03 19:47:00,3.4,19.0,Pune
ORD004218,CUST0362,Tandoori Roti,Breads,3,92.1,UPI,Pending,15/11/2022 15:43,2.6,37.0,Pune
ORD006198,CUST0741,Classic Burger,Burgers,1,172.25,Cash,Cancelled,2022-10-28 19:49:00,2.9,27.0,Pune
ORD002496,CUST0194,Cold Coffee,Drinks,2,205.38,Credit Card,In Progress,2023-09-05 21:49:00,3.3,51.0,Mumbai
ORD003057,CUST0434,Naan,Breads,4,153.4,Debit Card,Delivered,31/07/2023 20:49,3.5,,Delhi
ORD003098,CUST0508,Chocolate Brownie,Desserts,4,457.44,Digital Wallet,Delivered,2023-08-27 19:07:00,4.8,24.0,Mumbai
ORD006951,CUST0319,Pepperoni Pizza,Pizza,1,335.25,Net Banking,Delivered,2023-03-02 20:11:00,4.6,34.0,Pune
ORD003598,CUST0455,Pepperoni Pizza,Pizza,1,358.86,Digital Wallet,Delivered,2023-03-16 15:43:00,3.9,65.0,Hyderabad
ORD004796,CUST0492,Veg Biryani,Main Course,1,264.56,Digital Wallet,Delivered,2023-07-09 21:16:00,2.8,50.0,Delhi
ORD003633,CUST0342,Palak Paneer,Main Course,1,263.42,Net Banking,Delivered,2023-09-07 18:40:00,3.9,66.0,
ORD001063,CUST0686,Mutton Curry,Main Course,1,361.77,Cash,Pending,2022-12-18 12:30:00,4.9,44.0,Pune
ORD002732,CUST0582,Fresh Lime Soda,Drinks,5,294.82,Debit Card,Delivered,2023-09-19 20:26:00,3.7,26.0,Mumbai
ORD003771,CUST0340,Pasta Arrabbiata,Main Course,2,478.34,UPI,Delivered,2023-07-01 20:18:00,3.6,33.0,Delhi
ORD004659,CUST0435,Gulab Jamun,Desserts,3,248.4,Digital Wallet,Delivered,2022-10-03 20:37:00,3.5,50.0,Pune
ORD005902,CUST0009,Garlic Bread,Starters,4,362.84,Credit Card,Pending,2022-12-27 15:07:00,3.4,36.0,Mumbai
ORD004625,CUST0612,Bruschetta,Starters,1,135.49,UPI,Delivered,2023-04-01 09:50:00,3.4,44.0,Bangalore
ORD003298,CUST0182,Cheesecake,Desserts,3,566.08,Debit Card,Delivered,2023-07-22 13:11:00,5.0,68.0,Bangalore
ORD002027,CUST0727,Fish Curry,Main Course,1,335.03,Credit Card,Delivered,2023-05-11 08:56:00,3.0,17.0,Delhi
ORD003067,CUST0550,Chicken Tikka Masala,Main Course,1,315.28,Credit Card,In Progress,2023-07-10 11:18:00,4.8,29.0,Delhi
ORD005602,CUST0681,Fish Fingers,Starters,2,451.4,Digital Wallet,Delivered,2023-02-06 19:05:00,3.0,72.0,Mumbai
ORD001893,CUST0712,Naan,Breads,4,164.56,Net Banking,Cancelled,2023-03-24 10:30:00,4.0,36.0,Chennai
ORD005889,CUST0224,Egg Curry,Main Course,2,362.95,Cash,Delivered,2023-05-13 21:21:00,3.4,38.0,Bangalore
ORD004805,CUST0273,Chocolate Brownie,Desserts,3,350.2,Cash,Delivered,2023-07-24 19:17:00,,19.0,Mumbai
ORD001625,CUST0619,Veg Biryani,Main Course,1,259.44,Digital Wallet,Delivered,2022-12-27 12:22:00,3.8,40.0,Pune
ORD001672,CUST0468,Masala Chai,Drinks,1,38.2,Digital Wallet,Delivered,2023-03-07 20:06:00,4.6,19.0,Mumbai
ORD005280,CUST0022,Veg Fried Rice,Main Course,3,571.88,Debit Card,Cancelled,2023-01-11 20:16:00,3.0,72.0,Hyderabad
ORD004322,CUST0731,Chicken Biryani,Main Course,2,681.45,Debit Card,Cancelled,2023-02-16 20:44:00,5.0,26.0,
ORD005340,CUST0191,Chicken Soup,Starters,5,753.94,UPI,Delivered,2023-06-08 13:06:00,4.7,57.0,Chennai
ORD002244,CUST0461,Watermelon Juice,Drinks,1,72.95,Net Banking,Cancelled,2023-05-18 21:40:00,3.2,45.0,
ORD002370,CUST0538,Ice Cream Sundae,Desserts,1,148.12,UPI,Delivered,2023-06-06 19:55:00,3.7,39.0,Mumbai
ORD004564,CUST0311,Chicken Biryani,Main Course,4,1342.3,Net Banking,Cancelled,2023-01-06 13:51:00,3.6,52.0,Chennai
ORD004184,CUST0782,Cold Brew Coffee,Drinks,2,310.05,Credit Card,Delivered,2023-08-11 21:03:00,4.8,56.0,Mumbai
ORD003857,CUST0551,Fresh Lime Soda,DRINKS,1,62.5,Digital Wallet,Delivered,2023-08-05 19:45:00,3.7,52.0,Chennai
ORD003292,CUST0198,Bruschetta,Starters,2,263.19,Digital Wallet,In Progress,2022-11-27 21:22:00,4.7,16.0,Delhi
ORD004916,CUST0235,Palak Paneer,Main Course,4,1071.31,Credit Card,Delivered,2023-05-13 19:33:00,4.8,32.0,Mumbai
ORD002176,CUST0144,Egg Curry,Main Course,4,685.9,Digital Wallet,Delivered,2023-10-28 13:48:00,4.5,52.0,Chennai
ORD005076,CUST0221,Cold Coffee,Drinks,5,522.87,Net Banking,In Progress,2023-08-14 18:12:00,3.3,45.0,Pune
ORD001811,CUST0272,Grilled Sandwich,Sandwiches,1,143.14,Debit Card,Delivered,2023-10-23 19:39:00,3.0,20.0,Pune
ORD005461,CUST0099,Strawberry Shake,Drinks,2,237.11,Debit Card,Delivered,2022-11-25 19:35:00,2.8,31.0,Bangalore
ORD004753,CUST0320,Chicken Burger,Burgers,3,582.93,Cash,In Progress,2023-06-15 20:02:00,3.7,61.0,Pune
ORD001473,CUST0229,Onion Rings,Starters,1,111.69,Digital Wallet,Cancelled,2022-11-09 15:24:00,3.4,70.0,Bangalore
ORD003345,CUST0762,Kheer,Desserts,2,176.99,Net Banking,Delivered,04/10/2022 13:46,4.9,34.0,Hyderabad
ORD006963,CUST0355,Gulab Jamun,Desserts,2,164.7,Digital Wallet,Delivered,2023-07-12 17:53:00,4.3,74.0,Pune
ORD001297,CUST0254,Butter Chicken,MAIN COURSE,1,317.6,Debit Card,Delivered,2023-10-12 20:48:00,3.6,37.0,Mumbai
ORD001303,CUST0712,Lamb Rogan Josh,Main Course,3,1232.27,Debit Card,Cancelled,2023-04-25 15:17:00,4.9,35.0,Chennai
ORD001812,CUST0019,Margherita Pizza,Pizza,5,1366.3,Cash,Cancelled,2023-09-10 09:34:00,2.8,25.0,Pune
ORD006550,CUST0684,Masala Chai,Drinks,1,38.14,UPI,Pending,2022-10-31 20:47:00,2.9,60.0,Pune
ORD003388,CUST0681,Chicken Soup,Starters,3,449.13,Net Banking,Delivered,2023-08-25 20:30:00,3.0,46.0,Bangalore
ORD004307,CUST0632,Tandoori Roti,Breads,1,29.05,UPI,Delivered,2023-05-30 09:04:00,3.9,23.0,Chennai
ORD005035,CUST0020,Rasgulla,Desserts,5,342.01,Credit Card,In Progress,2023-02-06 18:16:00,4.8,,Pune
ORD002097,CUST0616,Veg Supreme Pizza,Pizza,4,1157.46,UPI,Delivered,2023-01-18 12:02:00,4.8,38.0,Hyderabad
ORD004053,CUST0246,Spring Rolls,Starters,1,118.34,Digital Wallet,Delivered,2023-03-07 13:35:00,4.7,62.0,Hyderabad
ORD002261,CUST0116,Mojito,Drinks,1,128.14,Debit Card,Cancelled,04/06/2023 12:14,4.9,35.0,Delhi
ORD001240,CUST0553,Farmhouse Pizza,Pizza,4,1247.33,,Delivered,2022-10-23 13:14:00,2.9,33.0,Delhi
ORD003847,CUST0085,Chicken Burger,Burgers,1,208.32,Credit Card,Delivered,2022-10-13 15:51:00,4.2,42.0,Chennai
ORD002839,CUST0520,Spring Rolls,Starters,1,115.01,UPI,Delivered,2023-03-27 13:34:00,4.2,43.0,Mumbai
ORD004469,CUST0079,Cheesecake,Desserts,5,878.71,Debit Card,Pending,2023-04-07 13:31:00,3.7,40.0,Bangalore
ORD002916,CUST0474,Veg Fried Rice,Main Course,1,190.85,Net Banking,Delivered,2023-05-20 09:03:00,3.3,18.0,Bangalore
ORD006657,CUST0488,Pepperoni Pizza,Pizza,3,1045.67,Cash,Delivered,2023-01-26 21:32:00,2.8,69.0,Delhi
ORD002175,CUST0438,Veg Fried Rice,Main Course,1,208.7,UPI,Cancelled,2023-09-30 13:22:00,4.9,44.0,Mumbai
ORD003406,CUST0410,Watermelon Juice,Drinks,4,287.27,Credit Card,Cancelled,2023-01-19 20:05:00,4.7,17.0,Bangalore
ORD005424,CUST0322,Margherita Pizza,Pizza,4,-50.0,Digital Wallet,In Progress,2023-10-01 13:30:00,3.9,51.0,Hyderabad
ORD003820,CUST0005,Mutton Curry,Main Course,4,1500.33,Digital Wallet,Cancelled,2023-03-03 13:15:00,4.5,75.0,
ORD004680,CUST0191,Mojito,Drinks,2,266.98,UPI,Delivered,2023-09-17 10:02:00,4.3,,Chennai
ORD003846,CUST0428,Spring Rolls,Starters,1,125.08,UPI,Delivered,2023-09-27 11:28:00,3.1,41.0,Hyderabad
ORD005001,CUST0759,Chocolate Brownie,Desserts,2,241.67,Digital Wallet,Pending,2023-05-12 09:39:00,4.1,36.0,Chennai
ORD006766,CUST0368,Palak Paneer,Main Course,2,521.7,Net Banking,Pending,2022-11-04 22:02:00,3.6,73.0,Hyderabad
ORD002425,CUST0465,Mushroom Risotto,Main Course,2,619.02,Digital Wallet,Delivered,2023-07-23 13:13:00,3.9,22.0,Pune
ORD003788,CUST0641,Fish Curry,Main Course,1,335.5,Credit Card,Delivered,2022-12-01 08:26:00,2.5,41.0,Chennai
ORD006467,CUST0210,Gulab Jamun,Desserts,1,81.56,Net Banking,Pending,2023-02-19 09:37:00,3.2,,Mumbai
ORD001333,CUST0756,Margherita Pizza,Pizza,4,1170.51,Net Banking,Delivered,2022-10-01 20:24:00,2.8,48.0,Delhi
ORD001805,CUST0775,Grilled Salmon,Main Course,4,1795.76,UPI,Delivered,2023-07-16 18:05:00,4.0,42.0,Pune
ORD002888,CUST0477,Cold Coffee,Drinks,1,100.54,Digital Wallet,Pending,2023-08-07 20:43:00,3.8,51.0,Hyderabad
ORD005309,CUST0483,Veg Fried Rice,Main Course,4,779.0,Credit Card,Delivered,16/10/2022 19:55,4.7,24.0,Pune
ORD004388,CUST0236,Mojito,Drinks,1,129.66,Net Banking,In Progress,2023-09-17 20:40:00,4.0,17.0,Mumbai
ORD002488,CUST0234,Mojito,Drinks,4,528.3,Debit Card,Cancelled,2023-03-19 22:24:00,2.6,24.0,Chennai
ORD005623,CUST0446,Chicken Fried Rice,Main Course,3,753.02,Net Banking,Delivered,2023-08-22 10:29:00,3.2,,Pune
ORD004682,CUST0224,Grilled Sandwich,Sandwiches,2,272.7,Digital Wallet,Delivered,2023-10-04 13:06:00,2.8,46.0,Hyderabad
ORD006004,CUST0066,Garlic Bread,Starters,1,93.54,Credit Card,In Progress,2023-04-04 12:47:00,4.5,29.0,Chennai
ORD004482,CUST0651,Paneer Tikka,Starters,2,399.56,Credit Card,Delivered,2023-04-21 21:53:00,4.9,49.0,Mumbai
ORD006654,CUST0142,Lamb Rogan Josh,Main Course,1,380.61,Cash,In Progress,2022-12-11 13:14:00,3.4,40.0,Chennai
ORD005939,CUST0153,Farmhouse Pizza,Pizza,2,623.69,Credit Card,Delivered,2023-05-04 18:46:00,2.6,25.0,Pune
ORD001247,CUST0491,Ice Cream Sundae,Desserts,1,153.93,,Delivered,2023-10-06 19:13:00,3.3,73.0,Mumbai
ORD002921,CUST0413,Tiramisu,Desserts,2,399.0,UPI,Cancelled,2022-10-17 08:17:00,2.8,,
ORD006354,CUST0344,Masala Chai,Drinks,2,81.75,UPI,Pending,2022-12-14 08:40:00,4.4,30.0,Mumbai
ORD003133,CUST0119,Ice Cream Sundae,Desserts,4,611.1,Digital Wallet,Delivered,2023-09-23 19:12:00,4.1,39.0,Bangalore
ORD002755,CUST0028,Cold Coffee,Drinks,5,491.88,Net Banking,In Progress,2022-10-17 20:49:00,2.6,66.0,Pune
ORD005726,CUST0795,Veg Supreme Pizza,Pizza,3,-50.0,Debit Card,In Progress,2023-06-26 09:41:00,4.8,30.0,Hyderabad
ORD003350,CUST0062,Chicken Burger,Burgers,1,199.34,,Delivered,2022-11-11 19:37:00,3.4,17.0,Hyderabad
ORD004626,CUST0491,Masala Chai,Drinks,1,38.82,,Delivered,2022-11-05 18:39:00,4.2,38.0,Delhi
ORD003843,CUST0604,Butter Chicken,Main Course,3,920.58,Cash,Pending,2022-10-30 08:02:00,4.6,52.0,Delhi
ORD006337,CUST0326,Rasgulla,Desserts,1,71.58,,Delivered,2023-02-23 19:10:00,4.2,,Delhi
ORD003552,CUST0243,BLT Sandwich,Sandwiches,1,163.51,Net Banking,Delivered,2022-12-24 08:47:00,2.9,23.0,Mumbai
ORD003414,CUST0741,Palak Paneer,Main Course,1,266.47,Cash,Pending,2023-07-28 13:28:00,4.6,42.0,Bangalore
ORD005634,CUST0395,Cold Coffee,Drinks,2,208.12,UPI,In Progress,2022-10-31 22:38:00,3.6,52.0,Bangalore
ORD002499,CUST0147,Garlic Bread,Starters,1,87.71,Digital Wallet,Delivered,2023-06-28 12:10:00,2.6,58.0,Mumbai
ORD005907,CUST0607,BBQ Chicken Pizza,Pizza,1,367.44,Credit Card,In Progress,2023-06-01 13:25:00,4.2,19.0,Chennai
ORD006704,CUST0200,Tandoori Roti,Breads,2,59.48,Debit Card,Delivered,2023-07-01 09:47:00,3.1,36.0,Mumbai
ORD001598,CUST0051,Cheese Burst Burger,Burgers,2,454.87,Cash,Cancelled,2023-03-02 12:05:00,5.0,25.0,Pune
ORD004979,CUST0666,BBQ Chicken Pizza,Pizza,1,386.19,Digital Wallet,Cancelled,2023-07-20 21:12:00,4.3,20.0,Pune
ORD001315,CUST0675,Cheese Burst Burger,Burgers,2,444.73,Debit Card,Delivered,2023-09-19 08:54:00,3.8,47.0,Delhi
ORD003008,CUST0130,Classic Burger,Burgers,2,374.28,Cash,Delivered,2022-10-12 19:15:00,2.8,71.0,Pune
ORD002350,CUST0163,Cold Brew Coffee,Drinks,1,145.67,Net Banking,Cancelled,2022-11-26 17:11:00,3.9,37.0,Delhi
ORD001149,CUST0318,Lamb Rogan Josh,Main Course,1,390.99,UPI,Cancelled,2022-10-29 12:04:00,2.6,38.0,Bangalore
ORD002302,CUST0123,Paneer Tikka,Starters,3,580.61,Cash,Cancelled,2022-12-07 08:53:00,4.1,18.0,Bangalore
ORD005796,CUST0405,Mango Lassi,Drinks,1,78.96,Debit Card,In Progress,2023-08-25 20:53:00,3.6,27.0,Pune
ORD001290,CUST0630,Strawberry Shake,Drinks,2,247.53,Digital Wallet,Delivered,2023-09-27 20:58:00,4.2,35.0,Mumbai
ORD001453,CUST0265,Club Sandwich,Sandwiches,1,156.03,UPI,Cancelled,2022-11-06 17:14:00,3.6,40.0,Hyderabad
ORD004606,CUST0761,Chocolate Brownie,Desserts,1,117.28,UPI,Delivered,2023-01-12 12:21:00,2.5,35.0,Pune
ORD002049,CUST0333,Fresh Lime Soda,Drinks,1,60.89,Cash,In Progress,2023-08-20 18:23:00,4.7,31.0,Pune
ORD003436,CUST0059,Veg Manchurian,Starters,5,794.4,Credit Card,Delivered,2022-11-18 13:39:00,3.7,49.0,Pune
ORD001747,CUST0786,Mojito,Drinks,2,249.5,UPI,Cancelled,2022-11-09 19:33:00,3.0,57.0,Hyderabad
ORD002192,CUST0751,Grilled Sandwich,Sandwiches,2,289.24,Credit Card,Delivered,2022-11-04 08:54:00,2.7,21.0,Hyderabad
ORD002471,CUST0259,Cheesecake,Desserts,1,176.6,UPI,Delivered,2022-12-30 19:56:00,3.0,,Delhi
ORD002934,CUST0032,Egg Curry,Main Course,2,363.16,Cash,Pending,2023-02-26 21:32:00,4.8,72.0,Bangalore
ORD004409,CUST0555,Strawberry Shake,Drinks,2,240.08,Digital Wallet,Cancelled,2023-08-29 19:37:00,4.9,36.0,Bangalore
ORD002612,CUST0642,Mutton Curry,Main Course,2,797.23,,In Progress,2022-11-07 17:15:00,3.4,29.0,Bangalore
ORD005657,CUST0155,Grilled Sandwich,Sandwiches,2,291.52,UPI,Cancelled,2023-08-18 13:53:00,4.0,27.0,Pune
ORD004727,CUST0574,Tiramisu,Desserts,2,397.9,Digital Wallet,Pending,2022-12-26 21:04:00,3.0,,Bangalore
ORD003890,CUST0716,Paneer Tikka,Starters,3,588.76,Cash,Cancelled,2023-09-16 11:29:00,2.8,26.0,Chennai
ORD005570,CUST0457,Mutton Curry,Main Course,3,1144.99,Cash,In Progress,2022-11-19 11:13:00,3.1,32.0,Hyderabad
ORD002983,CUST0149,Mushroom Risotto,Main Course,5,1571.83,Debit Card,Pending,2023-03-16 19:32:00,4.7,36.0,Delhi
ORD004361,CUST0711,Fish Curry,Main Course,1,351.0,Net Banking,Delivered,2022-10-19 08:11:00,3.5,39.0,Pune
ORD006862,CUST0347,Naan,Breads,1,41.56,Debit Card,Delivered,2023-10-02 09:37:00,2.9,70.0,Hyderabad
ORD002046,CUST0526,Mushroom Risotto,Main Course,1,302.16,UPI,Pending,2023-07-31 19:56:00,4.3,48.0,Bangalore
ORD001787,CUST0597,Rasgulla,Desserts,5,340.74,Net Banking,In Progress,2023-05-19 21:23:00,3.6,15.0,Hyderabad
ORD004275,CUST0769,Mushroom Risotto,Main Course,3,905.16,Debit Card,Cancelled,2023-01-05 21:23:00,3.3,28.0,Chennai
ORD002022,CUST0647,Butter Chicken,Main Course,1,319.46,Digital Wallet,Cancelled,2023-02-13 11:47:00,3.0,34.0,Pune
ORD001800,CUST0045,Rasgulla,Desserts,2,146.37,Net Banking,Pending,2023-08-01 19:21:00,4.9,35.0,Pune
ORD002297,CUST0632,Spring Rolls,Starters,4,493.0,Digital Wallet,Delivered,2023-03-27 19:13:00,3.5,26.0,Pune
ORD006130,CUST0789,Classic Burger,Burgers,2,377.81,Debit Card,Cancelled,2023-01-23 19:36:00,3.1,53.0,Delhi
ORD003952,CUST0367,Chicken Burger,Burgers,1,200.84,Debit Card,Delivered,2023-01-28 17:16:00,4.6,61.0,Chennai
ORD006913,CUST0727,Chicken Soup,Starters,2,312.81,Credit Card,Delivered,2023-04-16 18:26:00,4.7,20.0,Pune
ORD004316,CUST0401,Veg Burger,Burgers,1,146.29,Debit Card,Pending,2022-10-10 13:27:00,3.7,16.0,Pune
ORD001349,CUST0755,Cheese Burst Burger,Burgers,1,214.31,Cash,Delivered,2023-07-01 20:58:00,3.9,,Hyderabad
ORD006359,CUST0754,Dal Makhani,Main Course,2,445.41,Digital Wallet,Cancelled,2023-08-30 14:37:00,4.2,37.0,Hyderabad
ORD003640,CUST0103,Chicken Burger,Burgers,3,620.39,Debit Card,Delivered,2023-09-02 21:13:00,3.4,17.0,Pune
ORD004745,CUST0257,Bruschetta,Starters,1,125.46,UPI,In Progress,2023-09-16 15:28:00,2.7,38.0,Delhi
ORD001381,CUST0519,Lamb Rogan Josh,Main Course,3,1201.83,UPI,Delivered,2022-12-21 08:45:00,4.5,48.0,Chennai
ORD006619,CUST0454,Chicken Tikka Masala,Main Course,1,345.49,UPI,Delivered,2023-08-23 18:41:00,2.6,53.0,Pune
ORD004148,CUST0420,Chicken Burger,Burgers,3,594.46,Digital Wallet,Cancelled,2023-01-20 15:59:00,2.6,64.0,
ORD004706,CUST0262,Chicken Fried Rice,Main Course,3,767.78,Debit Card,Cancelled,2023-06-19 17:41:00,4.3,17.0,Delhi
ORD001422,CUST0587,Grilled Salmon,Main Course,2,891.29,UPI,Delivered,2023-01-29 08:28:00,4.6,43.0,Bangalore
ORD006991,CUST0472,Chicken Soup,Starters,1,151.52,Net Banking,In Progress,2023-07-15 13:31:00,3.0,65.0,Hyderabad
ORD002505,CUST0421,BLT Sandwich,SANDWICHES,1,161.86,Net Banking,Pending,2023-03-03 09:29:00,4.6,40.0,Delhi
ORD004559,CUST0287,Garlic Bread,Starters,1,89.72,Cash,Cancelled,2023-04-01 18:40:00,5.0,65.0,Mumbai
ORD002672,CUST0154,Paneer Butter Masala,Main Course,4,1075.27,Digital Wallet,Cancelled,2022-11-12 20:00:00,3.7,20.0,Pune
ORD003053,CUST0033,Palak Paneer,Main Course,3,765.0,Digital Wallet,Delivered,2022-11-18 08:47:00,4.1,72.0,Hyderabad
ORD001124,CUST0539,Fresh Lime Soda,Drinks,1,58.05,Cash,In Progress,2022-10-27 09:26:00,2.7,43.0,Bangalore
ORD001102,CUST0233,Mushroom Risotto,Main Course,1,287.05,Net Banking,Delivered,2023-08-20 19:18:00,3.6,21.0,Pune
ORD005884,CUST0022,Mutton Curry,Main Course,2,734.28,Debit Card,Cancelled,2023-05-25 14:22:00,2.7,40.0,Pune
ORD002807,CUST0151,Tiramisu,Desserts,4,805.3,UPI,Pending,11/05/2023 12:35,4.4,49.0,Pune
ORD003405,CUST0433,Strawberry Shake,Drinks,1,118.77,Digital Wallet,Delivered,2023-06-11 20:03:00,4.7,43.0,Hyderabad
ORD004715,CUST0407,Spring Rolls,STARTERS,4,503.32,Debit Card,Delivered,2023-06-09 09:30:00,4.5,75.0,Bangalore
ORD001486,CUST0671,Strawberry Shake,Drinks,3,362.81,Credit Card,In Progress,30/11/2022 15:24,4.5,41.0,Bangalore
ORD002158,CUST0486,Veg Biryani,Main Course,1,270.4,UPI,Delivered,2022-12-12 21:42:00,2.6,31.0,Mumbai
ORD006218,CUST0258,Cheesecake,Desserts,1,179.88,Cash,Pending,2023-06-19 19:08:00,4.0,29.0,Pune
ORD002578,CUST0408,Veg Burger,Burgers,2,286.9,Net Banking,Cancelled,2023-09-20 09:04:00,,46.0,
ORD001135,CUST0720,Mojito,Drinks,4,537.13,Debit Card,Delivered,2023-02-14 08:17:00,3.4,26.0,Delhi
ORD006836,CUST0533,Bruschetta,Starters,3,390.68,Digital Wallet,Delivered,2023-07-01 12:57:00,3.5,49.0,
ORD002539,CUST0708,Lamb Rogan Josh,Main Course,2,819.6,Debit Card,Cancelled,2023-01-25 17:02:00,3.7,44.0,Bangalore
ORD002695,CUST0702,BBQ Chicken Pizza,Pizza,2,727.32,UPI,Delivered,2023-07-07 19:00:00,3.3,30.0,Hyderabad
ORD005398,CUST0374,Strawberry Shake,Drinks,1,118.96,Debit Card,Pending,2022-11-13 14:42:00,4.0,24.0,Delhi
ORD003462,CUST0034,Veg Biryani,Main Course,1,255.35,Digital Wallet,Delivered,2023-07-30 18:53:00,3.7,19.0,Bangalore
ORD004720,CUST0778,Garlic Bread,Starters,5,460.97,Net Banking,Delivered,2022-11-16 08:26:00,3.2,20.0,Hyderabad
ORD004080,CUST0348,Egg Curry,Main Course,2,352.76,Credit Card,In Progress,2023-03-07 18:10:00,2.8,73.0,Bangalore
ORD006972,CUST0134,Pepperoni Pizza,Pizza,2,711.58,Cash,In Progress,2023-06-11 16:13:00,4.2,19.0,Pune
ORD005168,CUST0004,Chicken Burger,Burgers,2,386.05,Net Banking,Cancelled,2023-02-02 20:34:00,4.6,58.0,Pune
ORD005296,CUST0647,Veg Burger,Burgers,4,598.83,,Delivered,2023-01-08 20:26:00,3.6,75.0,Bangalore
ORD005863,CUST0459,Butter Chicken,Main Course,2,614.84,Cash,Delivered,2022-11-06 14:07:00,2.9,30.0,Delhi
ORD004547,CUST0447,Chicken Soup,Starters,2,306.82,,In Progress,2022-12-05 12:25:00,4.1,40.0,Pune
ORD005307,CUST0525,Chicken Fried Rice,Main Course,1,238.85,Credit Card,In Progress,2023-02-22 13:29:00,2.6,28.0,Hyderabad
ORD003559,CUST0418,Spring Rolls,Starters,1,119.92,UPI,Delivered,2023-06-11 08:44:00,3.1,66.0,Hyderabad
ORD003264,CUST0164,Fish Curry,Main Course,3,1049.57,Digital Wallet,Cancelled,2023-01-14 13:48:00,5.0,21.0,Mumbai
ORD006871,CUST0023,Palak Paneer,Main Course,1,269.87,Net Banking,Pending,2023-01-19 12:18:00,3.1,54.0,Chennai
ORD004121,CUST0589,Egg Curry,Main Course,1,171.89,Credit Card,Delivered,2023-03-03 09:24:00,3.1,67.0,Pune
ORD005526,CUST0093,Strawberry Shake,Drinks,1,114.09,UPI,Cancelled,2022-12-02 19:50:00,4.7,20.0,Hyderabad
ORD006193,CUST0790,Paneer Butter Masala,Main Course,3,813.65,UPI,Delivered,2023-04-05 09:55:00,4.0,33.0,Hyderabad
ORD002623,CUST0649,Naan,Breads,3,117.5,Debit Card,Delivered,2023-02-04 10:50:00,4.7,66.0,Hyderabad
ORD003972,CUST0540,Pepperoni Pizza,Pizza,1,349.04,UPI,Cancelled,2022-11-22 21:47:00,4.8,31.0,Pune
ORD001144,CUST0537,Chicken Burger,Burgers,1,206.89,Cash,Cancelled,2023-02-02 13:25:00,4.7,62.0,Bangalore
ORD001380,CUST0217,Watermelon Juice,Drinks,1,69.42,UPI,In Progress,2023-08-27 09:28:00,3.7,48.0,Bangalore
ORD005896,CUST0460,Margherita Pizza,Pizza,2,546.89,Digital Wallet,Delivered,2022-10-17 09:15:00,3.4,50.0,Bangalore
ORD002480,CUST0102,Chicken Soup,Starters,3,468.44,Digital Wallet,Delivered,2023-09-28 20:37:00,4.2,35.0,Chennai
ORD006501,CUST0281,Rasgulla,Desserts,2,133.36,Cash,In Progress,2023-01-15 09:44:00,2.6,55.0,Hyderabad
ORD001121,CUST0129,Mushroom Risotto,Main Course,2,628.27,Digital Wallet,Delivered,2022-10-26 20:15:00,2.7,63.0,Chennai
ORD006773,CUST0603,Fresh Lime Soda,Drinks,2,124.48,Digital Wallet,Cancelled,2022-10-05 08:39:00,3.6,58.0,Pune
ORD001611,CUST0192,Tiramisu,Desserts,5,1012.65,Digital Wallet,Delivered,2022-12-24 17:24:00,4.7,63.0,Bangalore
ORD002634,CUST0630,Mojito,Drinks,-1,258.55,UPI,Delivered,2022-12-16 20:24:00,3.9,32.0,Delhi
ORD005084,CUST0734,Paratha,Breads,1,47.66,Cash,In Progress,2023-02-19 12:23:00,4.8,56.0,Bangalore
ORD001418,CUST0538,Pasta Arrabbiata,Main Course,1,243.72,Net Banking,Pending,2022-10-07 19:43:00,4.3,29.0,Pune
ORD002535,CUST0008,Mango Lassi,Drinks,1,78.01,Net Banking,In Progress,26/03/2023 20:33,3.1,63.0,Delhi
ORD005161,CUST0736,Fish Curry,Main Course,1,327.1,Cash,Delivered,2023-06-05 12:37:00,3.7,28.0,Mumbai
ORD003227,CUST0587,Watermelon Juice,Drinks,2,143.78,Digital Wallet,Delivered,2022-10-01 16:34:00,4.7,66.0,Mumbai
ORD002554,CUST0255,Naan,Breads,1,41.54,UPI,Cancelled,2023-06-26 20:18:00,4.3,69.0,Mumbai
ORD003596,CUST0051,Egg Curry,Main Course,1,182.83,UPI,In Progress,26/02/2023 08:33,2.7,,Delhi
ORD002729,CUST0535,Ice Cream Sundae,Desserts,2,313.02,,In Progress,2022-11-26 12:23:00,2.7,70.0,Pune
ORD004573,CUST0655,Paneer Tikka,Starters,3,612.66,Cash,Delivered,2023-09-25 08:36:00,4.5,34.0,Mumbai
ORD004411,CUST0004,Chicken Biryani,Main Course,3,1058.53,Net Banking,Delivered,2023-09-20 22:26:00,4.9,42.0,Delhi
ORD005160,CUST0577,Veg Biryani,Main Course,2,537.2,Net Banking,Delivered,2023-01-02 10:22:00,3.6,23.0,Delhi
ORD005678,CUST0606,Masala Chai,Drinks,3,122.26,Net Banking,Pending,2023-08-18 21:25:00,5.0,49.0,Mumbai
ORD001248,CUST0491,Veg Biryani,Main Course,1,251.94,Credit Card,In Progress,2023-10-15 09:48:00,4.0,28.0,Hyderabad
ORD005556,CUST0245,Chicken Fried Rice,Main Course,1,252.73,UPI,Delivered,2023-01-03 08:38:00,2.8,56.0,Chennai
ORD006448,CUST0229,Veg Fried Rice,Main Course,1,194.34,UPI,Cancelled,2023-06-22 21:07:00,4.2,69.0,Hyderabad
ORD005104,CUST0722,Paratha,Breads,1,52.4,Debit Card,In Progress,2023-07-24 13:33:00,4.0,70.0,Chennai
ORD006533,CUST0570,Cheese Burst Burger,Burgers,3,638.34,Credit Card,Cancelled,2023-07-05 12:55:00,4.6,35.0,Bangalore
ORD001447,CUST0118,Pasta Arrabbiata,Main Course,2,503.84,Net Banking,Delivered,2023-10-21 22:00:00,3.6,72.0,
ORD005333,CUST0407,Mango Lassi,Drinks,2,163.64,Credit Card,Delivered,2023-07-17 15:12:00,3.6,,
ORD005731,CUST0317,Mojito,Drinks,4,518.83,Cash,Cancelled,2023-05-11 09:33:00,3.8,60.0,Hyderabad
ORD003127,CUST0489,Mushroom Risotto,Main Course,1,301.41,Cash,Delivered,2023-04-02 20:03:00,2.5,25.0,Hyderabad
ORD005347,CUST0138,Fish Curry,Main Course,3,1048.47,Digital Wallet,Delivered,2022-10-17 09:50:00,2.7,44.0,Hyderabad
ORD006011,CUST0788,Farmhouse Pizza,Pizza,2,611.31,Debit Card,Cancelled,2023-03-27 19:20:00,4.3,19.0,Delhi
ORD003480,CUST0007,Tiramisu,Desserts,3,584.0,Digital Wallet,Cancelled,2022-11-16 13:58:00,4.6,34.0,Chennai
ORD005320,CUST0177,Pepperoni Pizza,Pizza,4,1365.06,UPI,Delivered,2023-03-21 11:53:00,3.2,70.0,Bangalore
ORD006876,CUST0464,Butter Chicken,Main Course,3,943.38,Credit Card,Delivered,2023-10-25 13:13:00,3.0,25.0,Hyderabad
ORD002837,CUST0679,Masala Chai,Drinks,4,164.77,Digital Wallet,Cancelled,2023-08-06 19:14:00,4.9,53.0,Pune
ORD006103,CUST0693,Chicken Biryani,Main Course,3,1060.65,Digital Wallet,Delivered,2023-10-24 08:50:00,2.7,44.0,Chennai
ORD005676,CUST0201,Paneer Butter Masala,Main Course,5,1434.35,UPI,Cancelled,2023-08-15 14:14:00,4.8,32.0,Pune
ORD006136,CUST0384,Veg Biryani,Main Course,2,544.36,Digital Wallet,Delivered,2023-05-15 13:20:00,4.1,41.0,
ORD003364,CUST0770,Classic Burger,Burgers,4,695.2,Cash,In Progress,2023-03-31 19:39:00,3.8,21.0,Chennai
ORD002599,CUST0519,Mushroom Risotto,Main Course,2,605.61,UPI,Delivered,2023-09-11 20:59:00,3.8,44.0,Bangalore
ORD001414,CUST0351,Margherita Pizza,Pizza,5,1367.56,Credit Card,Delivered,2023-10-11 09:52:00,3.5,44.0,Bangalore
ORD001752,CUST0329,Paneer Tikka,Starters,5,1011.69,Cash,Delivered,2023-03-30 20:18:00,4.0,23.0,Bangalore
ORD004119,CUST0619,Chicken Tikka Masala,Main Course,5,1606.64,Debit Card,Delivered,2023-05-27 13:47:00,3.7,56.0,Hyderabad
ORD001794,CUST0194,Chocolate Brownie,Desserts,2,250.15,Credit Card,Delivered,2023-08-22 20:03:00,3.1,17.0,Hyderabad
ORD003794,CUST0470,Mojito,Drinks,1,134.73,Cash,Delivered,2023-02-27 19:03:00,3.1,54.0,Chennai
ORD001654,CUST0321,Veg Supreme Pizza,Pizza,3,901.8,Digital Wallet,Delivered,2023-09-12 19:11:00,4.2,68.0,Mumbai
ORD005048,CUST0060,Paneer Tikka,Starters,1,202.38,Net Banking,In Progress,28/11/2022 13:40,3.9,15.0,Delhi
ORD005377,CUST0010,Garlic Bread,Starters,2,179.68,Debit Card,In Progress,2022-10-25 11:04:00,4.1,43.0,Chennai
ORD004543,CUST0203,Veg Biryani,Main Course,1,252.36,Net Banking,Pending,2022-12-14 19:28:00,3.6,48.0,Bangalore
ORD005071,CUST0275,Margherita Pizza,PIZZA,2,582.52,Digital Wallet,Cancelled,2023-07-27 21:08:00,4.3,21.0,Hyderabad
ORD005778,CUST0753,Spring Rolls,Starters,3,377.78,Credit Card,Delivered,20/11/2022 13:21,4.9,19.0,Pune
ORD004931,CUST0088,Chicken Soup,Starters,2,290.18,Credit Card,Delivered,2023-07-15 19:30:00,3.8,69.0,Bangalore
ORD004185,CUST0052,Paratha,Breads,2,96.25,Net Banking,Delivered,2023-05-30 17:26:00,4.3,51.0,Bangalore
ORD002550,CUST0098,Veg Biryani,Main Course,2,518.43,UPI,Delivered,2022-10-10 12:56:00,4.1,,Chennai
ORD001589,CUST0093,Gulab Jamun,Desserts,2,166.46,Net Banking,Pending,2023-05-26 20:28:00,2.8,64.0,Chennai
ORD006580,CUST0553,Veg Biryani,Main Course,4,996.69,Digital Wallet,Cancelled,2022-12-25 13:39:00,4.8,19.0,Mumbai
ORD002197,CUST0645,Veg Supreme Pizza,Pizza,2,601.71,Net Banking,Delivered,2023-01-07 08:01:00,3.0,,Delhi
ORD002874,CUST0724,Tiramisu,Desserts,1,200.65,Cash,In Progress,2023-10-28 14:33:00,3.6,65.0,Delhi
ORD002669,CUST0068,Cold Brew Coffee,Drinks,1,144.94,Debit Card,Delivered,2023-06-04 21:42:00,3.6,67.0,Hyderabad
ORD006608,CUST0691,Classic Burger,Burgers,1,171.1,Digital Wallet,Delivered,2023-04-25 21:33:00,3.4,21.0,Chennai
ORD004313,CUST0339,Naan,Breads,2,83.02,Credit Card,Pending,2023-08-24 12:29:00,2.8,42.0,Chennai
ORD006679,CUST0282,Pepperoni Pizza,Pizza,1,362.43,Debit Card,Delivered,2023-04-21 15:36:00,3.6,67.0,Chennai
ORD006030,CUST0060,Kheer,Desserts,2,184.48,Credit Card,Cancelled,2022-10-01 09:11:00,3.7,26.0,Chennai
ORD001701,CUST0184,Cold Brew Coffee,Drinks,1,155.76,Debit Card,Delivered,2022-11-14 08:57:00,2.8,32.0,Mumbai
ORD003245,CUST0372,Ice Cream Sundae,Desserts,1,156.24,Debit Card,Pending,2023-06-28 20:03:00,2.7,43.0,Hyderabad
ORD006808,CUST0568,Onion Rings,Starters,1,112.86,Cash,Delivered,18/10/2022 20:21,2.6,38.0,
ORD006512,CUST0102,Cold Coffee,Drinks,3,297.41,Debit Card,Pending,2023-02-21 21:04:00,4.1,35.0,Chennai
ORD004504,CUST0704,Chicken Burger,Burgers,1,204.65,,Delivered,2023-08-07 14:05:00,2.6,43.0,Mumbai
ORD004055,CUST0542,Fresh Lime Soda,Drinks,1,60.06,Net Banking,Cancelled,2023-06-22 13:40:00,4.6,36.0,Hyderabad
ORD001208,CUST0486,Margherita Pizza,Pizza,1,291.17,Debit Card,In Progress,2023-09-18 19:38:00,4.5,64.0,Chennai
ORD002608,CUST0151,Veg Supreme Pizza,Pizza,1,297.4,Debit Card,Delivered,2023-07-14 08:12:00,4.4,40.0,Mumbai
ORD002421,CUST0257,Veg Fried Rice,Main Course,1,198.08,Credit Card,In Progress,2023-08-11 09:14:00,,36.0,Pune
ORD001425,CUST0574,Mojito,Drinks,1,124.21,Digital Wallet,Pending,2023-01-23 20:21:00,3.7,57.0,Bangalore
ORD005032,CUST0654,Tiramisu,Desserts,1,193.54,Debit Card,Cancelled,2023-09-10 19:16:00,3.5,21.0,Mumbai
ORD004252,CUST0108,Grilled Salmon,Main Course,3,1344.43,Debit Card,Delivered,2023-01-17 08:12:00,4.4,39.0,Bangalore
ORD006703,CUST0174,Chocolate Brownie,Desserts,3,345.97,UPI,Delivered,2023-01-18 18:29:00,4.4,31.0,Chennai
ORD004125,CUST0700,Cheesecake,Desserts,3,566.89,Cash,Delivered,2023-09-27 21:28:00,3.9,62.0,Bangalore
ORD006831,CUST0306,Grilled Salmon,Main Course,1,447.09,,Delivered,2023-09-10 09:43:00,4.7,29.0,Delhi
ORD006579,CUST0245,Spring Rolls,Starters,2,251.06,,In Progress,2023-03-06 12:32:00,2.6,46.0,Mumbai
ORD001110,CUST0644,Tandoori Roti,Breads,2,61.33,Cash,In Progress,2023-09-03 19:08:00,4.1,34.0,Hyderabad
ORD006018,CUST0724,Paratha,Breads,1,49.15,Debit Card,In Progress,2023-04-05 20:23:00,5.0,67.0,Delhi
ORD002840,CUST0490,Mushroom Risotto,Main Course,1,290.37,Credit Card,Pending,2023-07-06 13:24:00,4.4,57.0,Delhi
ORD003312,CUST0138,BLT Sandwich,Sandwiches,3,521.23,Debit Card,Delivered,2022-10-13 21:43:00,4.6,37.0,Chennai
ORD002671,CUST0169,Gulab Jamun,Desserts,2,158.49,Debit Card,Delivered,2023-01-29 12:39:00,4.0,52.0,Hyderabad
ORD006714,CUST0452,Paratha,Breads,4,207.84,Net Banking,Cancelled,2023-01-28 11:24:00,3.6,34.0,Mumbai
ORD002220,CUST0747,Paratha,Breads,3,147.61,Net Banking,Delivered,2023-08-15 13:27:00,4.5,50.0,Hyderabad
ORD006663,CUST0156,Dal Makhani,Main Course,1,224.22,Cash,Delivered,2022-10-14 19:17:00,2.5,34.0,
ORD002965,CUST0787,Ice Cream Sundae,Desserts,1,155.89,Debit Card,Delivered,2023-07-20 13:19:00,3.0,47.0,Chennai
ORD002740,CUST0422,Classic Burger,Burgers,3,552.35,Debit Card,Delivered,2023-06-08 20:13:00,2.7,52.0,Delhi
ORD002665,CUST0734,Cold Brew Coffee,Drinks,1,152.47,Digital Wallet,Pending,2023-06-27 09:43:00,4.2,66.0,Chennai
ORD006515,CUST0188,Pepperoni Pizza,Pizza,2,708.97,Digital Wallet,Delivered,2023-01-21 15:50:00,2.6,33.0,Mumbai
ORD006849,CUST0589,Fresh Lime Soda,Drinks,2,114.51,Net Banking,Delivered,2022-12-05 16:41:00,2.9,48.0,Bangalore
ORD002183,CUST0560,Egg Curry,Main Course,1,179.71,Debit Card,Pending,2023-01-03 20:53:00,4.2,69.0,Pune
ORD005323,CUST0268,Watermelon Juice,Drinks,3,204.71,UPI,Delivered,2022-12-12 09:43:00,4.4,47.0,Mumbai
ORD006694,CUST0565,BLT Sandwich,Sandwiches,4,679.2,Cash,Pending,2023-04-17 19:33:00,,58.0,Chennai
ORD004442,CUST0711,BLT Sandwich,Sandwiches,1,176.11,Cash,Delivered,2023-02-03 17:01:00,4.3,47.0,Hyderabad
ORD003980,CUST0658,Kheer,Desserts,2,178.35,Cash,Cancelled,2022-11-24 13:54:00,4.0,20.0,Bangalore
ORD001437,CUST0294,Cheese Burst Burger,Burgers,1,210.25,Net Banking,Delivered,2023-02-14 20:10:00,2.9,18.0,Pune
ORD002867,CUST0209,Farmhouse Pizza,Pizza,1,304.18,Net Banking,In Progress,2023-03-24 14:33:00,3.6,62.0,Delhi
ORD002101,CUST0364,Mojito,Drinks,2,264.91,Net Banking,Pending,2022-12-22 21:27:00,3.5,15.0,Chennai
ORD006875,CUST0146,Margherita Pizza,Pizza,5,1341.69,Debit Card,Delivered,2023-09-22 19:02:00,3.4,22.0,Hyderabad
ORD002951,CUST0718,Fresh Lime Soda,Drinks,1,60.07,Cash,Delivered,2023-04-24 12:53:00,3.4,32.0,Bangalore
ORD001107,CUST0243,Veg Burger,Burgers,2,294.06,UPI,Pending,2023-04-15 21:06:00,3.4,33.0,Pune
ORD003942,CUST0575,Masala Chai,Drinks,1,40.39,Digital Wallet,Delivered,2023-08-08 13:31:00,,68.0,Delhi
ORD001029,CUST0245,Paratha,Breads,2,104.35,Debit Card,Cancelled,2023-01-13 19:20:00,2.8,56.0,Bangalore
ORD003446,CUST0087,Bruschetta,Starters,1,126.51,Digital Wallet,Delivered,2022-11-08 08:48:00,3.1,,Delhi
ORD003609,CUST0796,Watermelon Juice,Drinks,1,70.78,Debit Card,In Progress,2023-07-01 11:38:00,2.7,32.0,Pune
ORD001969,CUST0380,Grilled Sandwich,Sandwiches,4,558.5,Net Banking,Delivered,2023-03-22 18:21:00,5.0,67.0,Delhi
ORD002611,CUST0150,Masala Chai,Drinks,1,40.53,Net Banking,Delivered,2023-07-05 21:04:00,4.6,24.0,Mumbai
ORD003751,CUST0707,Farmhouse Pizza,Pizza,3,969.86,Debit Card,Delivered,2023-05-09 17:03:00,4.7,48.0,Chennai
ORD001751,CUST0161,Chocolate Brownie,Desserts,2,240.95,Digital Wallet,Delivered,2023-05-29 14:54:00,3.5,46.0,Chennai
ORD002726,CUST0788,Veg Fried Rice,Main Course,1,195.74,Cash,Cancelled,2023-02-23 12:27:00,4.5,48.0,Mumbai
ORD001584,CUST0450,Mutton Curry,Main Course,2,737.42,Digital Wallet,Cancelled,2023-01-13 08:59:00,4.2,70.0,Hyderabad
ORD005837,CUST0785,Garlic Bread,Starters,3,272.07,UPI,Delivered,2023-10-11 20:01:00,4.1,38.0,Chennai
ORD003210,CUST0195,Palak Paneer,Main Course,2,509.84,Credit Card,In Progress,2022-11-25 08:04:00,3.8,25.0,Delhi
ORD005038,CUST0481,Butter Chicken,Main Course,2,615.76,UPI,Pending,24/07/2023 20:17,2.7,23.0,Pune
ORD004583,CUST0791,Veg Burger,Burgers,1,156.93,Debit Card,Delivered,2022-10-22 17:55:00,4.2,75.0,Delhi
ORD004102,CUST0219,Farmhouse Pizza,Pizza,1,321.09,Credit Card,Delivered,2023-01-18 12:05:00,4.6,63.0,Delhi
ORD002328,CUST0699,Onion Rings,Starters,3,314.65,Digital Wallet,Delivered,2023-05-04 10:25:00,3.7,20.0,Bangalore
ORD005772,CUST0262,Pasta Arrabbiata,Main Course,1,250.99,Net Banking,Cancelled,2023-06-11 18:03:00,2.6,47.0,Chennai
ORD004926,CUST0255,Fish Curry,Main Course,1,339.89,Cash,Delivered,2023-04-03 21:30:00,3.4,15.0,Chennai
ORD002544,CUST0332,Onion Rings,Starters,2,223.65,Net Banking,Cancelled,2023-03-30 21:04:00,4.0,24.0,Delhi
ORD004977,CUST0137,Bruschetta,Starters,2,255.41,Net Banking,Delivered,2023-06-25 14:23:00,3.4,51.0,Hyderabad
ORD001964,CUST0138,Cold Coffee,Drinks,1,99.31,Credit Card,Cancelled,2022-12-30 13:45:00,3.0,75.0,Mumbai
ORD005709,CUST0247,Chocolate Brownie,Desserts,1,114.09,Credit Card,In Progress,2022-12-19 20:13:00,3.8,55.0,Delhi
ORD005449,CUST0448,Egg Curry,Main Course,3,517.64,Cash,Delivered,2023-08-22 13:24:00,4.1,16.0,Pune
ORD004464,CUST0605,Tandoori Roti,Breads,1,28.85,Cash,Pending,2023-07-21 09:36:00,2.9,57.0,Delhi
ORD006929,CUST0203,Veg Manchurian,STARTERS,2,329.48,Cash,Cancelled,2023-04-11 12:17:00,2.9,16.0,Hyderabad
ORD003418,CUST0251,Cheese Burst Burger,Burgers,1,213.23,Debit Card,Delivered,2023-01-14 09:10:00,2.6,66.0,Bangalore
ORD001179,CUST0314,Mutton Curry,Main Course,2,746.41,UPI,Pending,2022-11-10 12:18:00,4.3,25.0,Pune
ORD004937,CUST0772,Chicken Soup,Starters,2,295.14,Cash,Delivered,2022-10-03 17:36:00,3.3,33.0,Chennai
ORD003574,CUST0140,Chicken Tikka Masala,Main Course,1,331.15,Credit Card,In Progress,2023-03-23 19:02:00,3.0,51.0,
ORD005793,CUST0285,Grilled Sandwich,Sandwiches,1,133.27,Net Banking,Delivered,2023-03-31 17:17:00,3.5,75.0,Mumbai
ORD003182,CUST0197,Palak Paneer,Main Course,1,268.08,Credit Card,In Progress,2023-07-30 21:24:00,4.3,59.0,Chennai
ORD005522,CUST0117,Garlic Bread,Starters,2,175.49,Cash,Delivered,02/06/2023 22:20,3.1,61.0,Bangalore
ORD004652,CUST0257,Cold Brew Coffee,Drinks,2,296.81,UPI,In Progress,2023-04-15 20:58:00,4.0,34.0,Pune
ORD005539,CUST0613,Gulab Jamun,Desserts,2,164.11,Net Banking,Delivered,2022-10-07 21:34:00,4.1,49.0,Hyderabad
ORD004214,CUST0080,Egg Curry,Main Course,3,549.05,Debit Card,Delivered,2023-05-04 18:29:00,4.2,59.0,Hyderabad
ORD004258,CUST0618,Mutton Curry,Main Course,1,387.05,UPI,In Progress,2022-10-19 08:34:00,3.3,41.0,Mumbai
ORD006291,CUST0264,Bruschetta,Starters,1,130.9,UPI,Cancelled,2023-08-19 19:08:00,4.1,71.0,
ORD002172,CUST0310,Fish Fingers,Starters,2,460.54,Digital Wallet,Delivered,2022-11-20 21:58:00,2.9,42.0,Pune
ORD001090,CUST0332,Fish Fingers,Starters,3,663.31,Cash,Cancelled,21/05/2023 08:16,4.7,67.0,Mumbai
ORD004430,CUST0773,Rasgulla,Desserts,3,205.09,Net Banking,In Progress,2023-08-21 12:55:00,3.4,30.0,Bangalore
ORD003834,CUST0467,Chicken Biryani,Main Course,3,1067.79,Digital Wallet,Delivered,2023-05-28 21:38:00,3.1,33.0,Chennai
ORD004114,CUST0553,Paneer Butter Masala,Main Course,1,267.62,Cash,In Progress,2023-07-10 20:41:00,4.0,43.0,Pune
ORD003173,CUST0656,BBQ Chicken Pizza,Pizza,4,1433.07,Digital Wallet,Delivered,2023-02-13 08:23:00,3.8,73.0,Hyderabad
ORD005615,CUST0057,Mushroom Risotto,MAIN COURSE,1,295.66,Credit Card,Delivered,2023-05-19 20:29:00,5.0,62.0,Mumbai
ORD001624,CUST0339,Veg Biryani,Main Course,1,256.45,Debit Card,Cancelled,2023-01-02 19:42:00,3.7,19.0,Hyderabad
ORD001069,CUST0089,Chicken Soup,Starters,3,454.16,Debit Card,Cancelled,2023-03-15 20:53:00,3.1,44.0,Chennai
ORD004360,CUST0500,Cold Coffee,Drinks,2,203.44,UPI,Delivered,2023-01-19 11:08:00,3.9,53.0,Mumbai
ORD001889,CUST0263,BBQ Chicken Pizza,Pizza,2,765.22,Debit Card,Cancelled,2023-07-21 09:32:00,3.7,54.0,Hyderabad
ORD003457,CUST0316,Chocolate Brownie,Desserts,1,124.59,Debit Card,Delivered,2023-02-24 17:28:00,2.7,46.0,Delhi
ORD004784,CUST0615,Paneer Butter Masala,Main Course,1,275.4,UPI,Delivered,2023-08-28 19:47:00,3.6,,Hyderabad
ORD006549,CUST0642,Cheesecake,Desserts,3,542.12,Cash,Delivered,2023-08-31 20:14:00,3.7,58.0,Bangalore
ORD006210,CUST0689,Kheer,Desserts,1,94.01,Cash,Pending,2023-01-29 13:06:00,4.3,54.0,Chennai
ORD001877,CUST0234,Chocolate Brownie,Desserts,2,245.9,,In Progress,2022-12-05 12:36:00,4.5,27.0,Pune
ORD001977,CUST0446,Ice Cream Sundae,Desserts,1,145.06,Net Banking,Delivered,2023-09-03 19:06:00,2.9,74.0,Bangalore
ORD002073,CUST0162,Grilled Sandwich,Sandwiches,3,426.84,Cash,Delivered,2022-11-07 14:38:00,3.4,20.0,Delhi
ORD001764,CUST0423,Veg Manchurian,Starters,3,475.69,Debit Card,Delivered,2022-11-02 19:54:00,4.1,31.0,Pune
ORD001293,CUST0497,Butter Chicken,Main Course,1,318.43,Credit Card,Delivered,2022-10-28 21:00:00,4.5,50.0,Chennai
ORD005279,CUST0589,Onion Rings,Starters,1,113.55,UPI,Cancelled,2023-04-18 22:21:00,3.1,39.0,
ORD002315,CUST0645,Mango Lassi,Drinks,2,162.53,Debit Card,Delivered,2022-10-18 12:06:00,,45.0,Bangalore
ORD001445,CUST0189,Chicken Burger,BURGERS,2,382.92,Digital Wallet,Delivered,28/09/2023 12:14,4.5,25.0,Hyderabad
ORD001468,CUST0407,Veg Supreme Pizza,Pizza,3,881.19,Debit Card,Pending,2023-05-26 15:05:00,2.5,30.0,Chennai
ORD006649,CUST0102,Chicken Tikka Masala,Main Course,1,325.56,Debit Card,Delivered,2023-05-22 14:00:00,2.8,20.0,Bangalore
ORD002074,CUST0482,Chicken Soup,Starters,1,151.04,Net Banking,Delivered,2023-05-02 09:11:00,4.4,59.0,Bangalore
ORD001432,CUST0352,Tiramisu,Desserts,5,1041.59,Debit Card,Cancelled,2023-10-26 12:25:00,4.5,23.0,Hyderabad
ORD004901,CUST0031,Mango Lassi,Drinks,4,314.66,Debit Card,Delivered,2023-08-27 09:33:00,4.8,46.0,Bangalore
ORD004813,CUST0393,Cold Coffee,Drinks,3,292.38,Cash,Pending,2023-03-01 11:24:00,4.8,68.0,Bangalore
ORD004622,CUST0221,BLT Sandwich,Sandwiches,2,333.66,Net Banking,Cancelled,2022-11-06 19:52:00,3.9,53.0,Delhi
ORD002718,CUST0415,Tiramisu,Desserts,2,387.7,Digital Wallet,Cancelled,2023-06-28 12:08:00,4.8,33.0,Bangalore
ORD005927,CUST0445,Tandoori Roti,Breads,1,29.63,Credit Card,Delivered,2023-07-07 13:48:00,3.2,27.0,Pune
ORD001577,CUST0555,Veg Burger,Burgers,1,150.63,Net Banking,Delivered,2023-01-14 19:37:00,4.7,,Pune
ORD003233,CUST0036,Gulab Jamun,Desserts,2,160.49,Cash,Delivered,2022-12-22 13:41:00,4.1,28.0,Hyderabad
ORD001245,CUST0249,Club Sandwich,Sandwiches,2,334.97,Debit Card,Delivered,2023-07-13 16:24:00,3.3,20.0,Hyderabad
ORD005231,CUST0098,Chicken Tikka Masala,Main Course,1,321.44,Digital Wallet,Delivered,2023-07-24 12:46:00,3.2,38.0,Bangalore
ORD001367,CUST0408,Gulab Jamun,Desserts,2,167.63,,Cancelled,2023-05-31 20:19:00,4.7,31.0,Mumbai
ORD006778,CUST0332,Garlic Bread,Starters,1,93.67,Credit Card,Delivered,2023-10-09 19:48:00,4.9,15.0,Delhi
ORD002272,CUST0098,Dal Makhani,Main Course,2,418.65,Net Banking,Pending,2023-07-05 18:09:00,4.5,27.0,Chennai
ORD005155,CUST0074,Spring Rolls,Starters,4,471.05,Credit Card,Delivered,2023-09-22 13:55:00,4.0,41.0,Delhi
ORD005974,CUST0409,Veg Burger,Burgers,1,156.97,UPI,Cancelled,2022-10-27 12:15:00,3.7,39.0,Hyderabad
ORD006716,CUST0688,Farmhouse Pizza,Pizza,2,671.12,Debit Card,Delivered,2022-10-29 21:13:00,4.1,30.0,Bangalore
ORD006462,CUST0674,Rasgulla,Desserts,2,140.17,Digital Wallet,Delivered,2023-06-20 21:45:00,2.9,60.0,Pune
ORD006554,CUST0794,Onion Rings,Starters,4,454.23,Net Banking,Cancelled,2023-02-15 08:53:00,3.6,61.0,Pune
ORD006602,CUST0562,Veg Manchurian,Starters,2,329.25,Cash,Pending,2023-09-26 15:53:00,4.5,30.0,Bangalore
ORD002371,CUST0154,Chocolate Brownie,Desserts,2,229.55,Debit Card,Pending,2023-01-24 12:14:00,4.4,65.0,Mumbai
ORD003662,CUST0033,Chicken Tikka Masala,Main Course,1,321.44,Credit Card,Delivered,2022-12-29 20:58:00,2.8,59.0,Delhi
ORD005515,CUST0790,Veg Burger,Burgers,1,155.12,UPI,Delivered,2023-10-23 20:26:00,4.1,25.0,Hyderabad
ORD006709,CUST0559,Fish Fingers,Starters,1,215.83,Net Banking,In Progress,2023-09-06 13:03:00,3.5,59.0,Hyderabad
ORD001555,CUST0707,Tiramisu,Desserts,1,194.44,Debit Card,Pending,2023-03-11 08:52:00,3.8,51.0,Chennai
ORD004269,CUST0222,Naan,Breads,2,82.65,Digital Wallet,Delivered,2023-01-29 09:29:00,4.4,59.0,Delhi
ORD006565,CUST0756,BLT Sandwich,Sandwiches,2,353.45,Cash,Delivered,2022-12-07 20:28:00,,24.0,Delhi
ORD002310,CUST0232,Classic Burger,Burgers,3,522.61,Credit Card,Delivered,2022-12-11 17:26:00,4.7,26.0,Bangalore
ORD003582,CUST0516,Classic Burger,Burgers,1,171.62,Debit Card,Delivered,2023-08-11 12:39:00,4.1,20.0,Pune
ORD003168,CUST0789,Margherita Pizza,Pizza,1,291.3,Debit Card,Cancelled,2023-01-27 19:35:00,2.9,16.0,
ORD003042,CUST0237,Club Sandwich,Sandwiches,3,484.31,Net Banking,Delivered,2023-04-06 19:58:00,2.6,40.0,Bangalore
ORD003585,CUST0196,Bruschetta,Starters,3,371.04,Digital Wallet,In Progress,2022-10-21 12:25:00,,55.0,Hyderabad
ORD002786,CUST0601,Egg Curry,Main Course,1,178.15,Credit Card,Cancelled,2023-06-02 12:01:00,3.0,67.0,Pune
ORD006457,CUST0129,Veg Manchurian,Starters,4,625.4,,Cancelled,2023-01-25 18:29:00,3.3,37.0,Hyderabad
ORD006065,CUST0408,Paratha,Breads,3,143.81,Cash,In Progress,2023-10-04 19:26:00,4.6,73.0,Delhi
ORD006638,CUST0505,Tiramisu,Desserts,1,209.61,Cash,Cancelled,2022-10-22 12:45:00,3.2,53.0,
ORD001151,CUST0620,Veg Manchurian,STARTERS,4,636.78,UPI,Pending,2023-07-20 19:20:00,2.9,18.0,Hyderabad
ORD004933,CUST0360,Mutton Curry,Main Course,3,1186.39,Cash,Cancelled,2023-08-16 15:29:00,3.4,65.0,Chennai
ORD006845,CUST0061,Lamb Rogan Josh,Main Course,1,404.58,Net Banking,Cancelled,2023-05-11 12:26:00,4.6,60.0,Mumbai
ORD006001,CUST0735,Watermelon Juice,Drinks,2,146.48,Net Banking,Delivered,2022-11-12 13:52:00,4.7,68.0,Pune
ORD003859,CUST0563,Veg Biryani,Main Course,1,262.68,Credit Card,Pending,2023-06-11 13:01:00,3.4,62.0,Chennai
ORD004220,CUST0002,Butter Chicken,Main Course,1,319.33,Net Banking,In Progress,2022-12-19 19:10:00,5.0,,Pune
ORD001915,CUST0592,Onion Rings,Starters,1,109.45,Credit Card,Delivered,2023-07-13 08:08:00,4.9,15.0,Hyderabad
ORD006321,CUST0623,Grilled Salmon,Main Course,1,465.51,UPI,Delivered,2023-01-09 19:57:00,2.8,,Chennai
ORD003671,CUST0308,Veg Fried Rice,Main Course,2,387.22,UPI,Delivered,02/07/2023 11:00,4.9,19.0,Bangalore
ORD002557,CUST0127,Cheese Burst Burger,Burgers,2,430.53,Cash,Delivered,2023-07-28 09:01:00,3.9,38.0,Delhi
ORD004768,CUST0592,Classic Burger,Burgers,2,348.97,Digital Wallet,Delivered,2023-09-24 21:00:00,2.8,64.0,Bangalore
ORD005393,CUST0711,Club Sandwich,Sandwiches,2,328.65,Digital Wallet,Pending,2023-05-31 09:11:00,,63.0,
ORD003477,CUST0063,Paratha,Breads,3,142.95,Cash,Cancelled,2023-04-19 11:53:00,4.4,51.0,Pune
ORD003549,CUST0222,Cheesecake,Desserts,1,179.75,UPI,Pending,2023-07-12 21:00:00,3.5,36.0,Mumbai
ORD006015,CUST0773,Fish Curry,Main Course,2,650.16,Credit Card,Delivered,2022-12-24 20:46:00,3.9,74.0,Mumbai
ORD006324,CUST0422,Strawberry Shake,Drinks,1,123.59,Debit Card,Pending,2023-08-02 14:16:00,4.7,36.0,Bangalore
ORD002344,CUST0472,Fish Fingers,Starters,1,222.45,Digital Wallet,Cancelled,2023-10-08 19:52:00,4.1,36.0,Chennai
ORD001748,CUST0560,Pasta Arrabbiata,Main Course,2,468.56,Cash,Delivered,2023-03-25 20:34:00,5.0,,Mumbai
ORD002295,CUST0285,Fish Fingers,STARTERS,2,456.86,Net Banking,Delivered,2023-01-18 21:40:00,4.6,50.0,Hyderabad
ORD005095,CUST0387,Mutton Curry,Main Course,2,778.5,Digital Wallet,In Progress,2023-04-18 09:01:00,3.5,62.0,
ORD003306,CUST0260,Tiramisu,Desserts,2,399.82,Debit Card,In Progress,2023-01-04 09:51:00,4.4,62.0,Hyderabad
ORD002174,CUST0385,Lamb Rogan Josh,Main Course,1,402.67,UPI,Delivered,2023-08-18 13:11:00,2.8,43.0,Pune
ORD006184,CUST0586,Chicken Tikka Masala,Main Course,1,325.48,Credit Card,In Progress,2023-07-12 19:24:00,4.6,44.0,Pune
ORD006930,CUST0652,Ice Cream Sundae,Desserts,2,294.28,,Pending,2023-09-12 22:35:00,4.0,22.0,Chennai
ORD004532,CUST0026,Egg Curry,Main Course,3,523.81,Cash,In Progress,25/10/2023 19:37,4.5,68.0,Delhi
ORD002862,CUST0306,Bruschetta,Starters,2,267.6,Credit Card,Delivered,2023-05-19 16:17:00,3.7,36.0,Chennai
ORD006985,CUST0591,Veg Burger,Burgers,1,142.87,Credit Card,Pending,2023-01-24 21:07:00,3.7,43.0,
ORD002420,CUST0528,Fish Fingers,Starters,2,454.57,,Delivered,2023-07-20 10:14:00,3.1,20.0,Pune
ORD001491,CUST0615,Paneer Butter Masala,Main Course,1,283.8,UPI,Delivered,2022-11-16 20:30:00,2.7,29.0,Bangalore
ORD002743,CUST0678,Mojito,Drinks,1,126.22,UPI,Delivered,2022-12-07 12:03:00,4.0,17.0,Mumbai
ORD005378,CUST0703,Veg Biryani,Main Course,1,247.03,Net Banking,Delivered,2023-06-02 08:57:00,4.7,16.0,Hyderabad
ORD002872,CUST0661,Cheesecake,Desserts,1,186.05,Cash,In Progress,2022-12-04 10:09:00,3.3,20.0,Mumbai
ORD002129,CUST0211,Fish Curry,Main Course,5,1632.49,Net Banking,Cancelled,2023-10-28 17:10:00,3.6,43.0,
ORD001471,CUST0466,Veg Biryani,Main Course,1,270.6,Cash,Delivered,2023-04-03 13:58:00,5.0,35.0,Mumbai
ORD006977,CUST0070,Masala Chai,Drinks,2,76.06,Digital Wallet,Pending,2023-04-19 10:38:00,4.8,48.0,Delhi
ORD004026,CUST0395,Masala Chai,Drinks,3,125.91,Credit Card,Delivered,2023-06-30 08:16:00,2.8,53.0,Delhi
ORD004127,CUST0653,Tandoori Roti,Breads,1,31.38,UPI,In Progress,2023-02-04 08:15:00,2.8,70.0,Bangalore
ORD004803,CUST0191,Grilled Sandwich,SANDWICHES,2,289.93,Digital Wallet,Delivered,2023-05-19 19:26:00,3.0,51.0,Mumbai
ORD001807,CUST0082,Veg Burger,Burgers,2,304.42,UPI,Delivered,2022-11-12 12:27:00,2.9,23.0,Pune
ORD006725,CUST0051,Mango Lassi,Drinks,4,334.06,Debit Card,Delivered,2023-03-19 08:14:00,3.2,21.0,Bangalore
ORD003784,CUST0718,Egg Curry,Main Course,2,343.09,UPI,Cancelled,2023-04-17 20:10:00,3.2,42.0,Hyderabad
ORD005645,CUST0610,Pasta Arrabbiata,Main Course,3,684.57,Debit Card,Delivered,2022-11-22 17:08:00,4.5,30.0,Hyderabad
ORD001896,CUST0367,Veg Burger,Burgers,2,309.78,Cash,Pending,2022-10-04 13:04:00,2.8,33.0,
ORD002788,CUST0302,Veg Fried Rice,Main Course,1,208.68,Credit Card,Pending,2023-09-22 20:46:00,3.8,75.0,Pune
ORD003638,CUST0336,Pepperoni Pizza,Pizza,4,1363.97,UPI,Pending,2023-03-11 08:31:00,4.0,70.0,Chennai
ORD003229,CUST0015,Veg Supreme Pizza,Pizza,5,1508.0,Credit Card,Cancelled,2023-05-01 22:15:00,4.5,73.0,Mumbai
ORD006452,CUST0144,Kheer,Desserts,4,365.87,Digital Wallet,Cancelled,2023-04-17 19:28:00,3.6,24.0,Mumbai
ORD001354,CUST0406,Fish Fingers,Starters,4,920.53,Digital Wallet,Delivered,2023-04-10 19:42:00,3.3,35.0,Delhi
ORD001251,CUST0599,Tandoori Roti,Breads,4,122.9,Digital Wallet,In Progress,2022-10-09 12:59:00,3.5,24.0,Delhi
ORD001185,CUST0711,Veg Burger,Burgers,3,459.18,UPI,Delivered,2023-01-18 22:18:00,2.8,69.0,Mumbai
ORD002886,CUST0532,Strawberry Shake,Drinks,3,371.43,Credit Card,Delivered,2022-12-10 17:35:00,2.9,66.0,Pune
ORD005047,CUST0117,Grilled Sandwich,Sandwiches,1,136.06,Debit Card,Delivered,2023-06-19 21:30:00,3.3,61.0,Hyderabad
ORD003153,CUST0118,Veg Manchurian,Starters,1,163.8,Credit Card,In Progress,2023-04-01 09:49:00,4.7,36.0,Hyderabad
ORD005326,CUST0123,Paneer Tikka,Starters,2,410.57,Credit Card,Cancelled,2023-08-28 19:46:00,3.8,46.0,Chennai
ORD001227,CUST0164,Chicken Soup,Starters,1,146.04,UPI,In Progress,2023-09-07 09:19:00,3.8,72.0,Pune
ORD005862,CUST0452,Cold Brew Coffee,Drinks,1,144.89,Debit Card,Cancelled,2023-04-16 13:44:00,2.5,18.0,Delhi
ORD003117,CUST0018,Fish Fingers,Starters,5,1060.58,,Delivered,2022-12-22 21:32:00,4.4,33.0,Bangalore
ORD002322,CUST0795,Spring Rolls,Starters,2,245.38,Debit Card,Delivered,2022-12-18 19:54:00,3.7,37.0,Mumbai
ORD004691,CUST0205,Kheer,Desserts,2,187.22,Credit Card,In Progress,2023-10-16 17:01:00,2.6,55.0,Bangalore
ORD006060,CUST0696,Palak Paneer,Main Course,1,262.99,UPI,In Progress,2023-09-30 19:03:00,4.5,37.0,Pune
ORD005020,CUST0047,Grilled Salmon,Main Course,1,456.35,Debit Card,Delivered,2023-01-26 14:26:00,3.2,74.0,Hyderabad
ORD006568,CUST0054,Chicken Soup,Starters,2,295.37,UPI,Delivered,2023-06-02 08:43:00,2.9,53.0,Chennai
ORD001292,CUST0178,Mango Lassi,Drinks,1,81.08,Digital Wallet,Delivered,2023-09-21 21:59:00,3.7,23.0,Delhi
ORD002319,CUST0308,Lamb Rogan Josh,Main Course,5,1980.15,Digital Wallet,In Progress,2022-10-15 09:10:00,4.9,27.0,Chennai
ORD003273,CUST0473,Rasgulla,Desserts,1,68.79,Credit Card,Cancelled,2022-12-09 12:45:00,2.7,36.0,Pune
ORD003503,CUST0255,Pasta Arrabbiata,Main Course,2,461.71,Digital Wallet,Delivered,2023-10-03 17:31:00,3.2,60.0,Hyderabad
ORD006532,CUST0687,Garlic Naan,Breads,2,114.36,UPI,Pending,2023-09-15 13:58:00,3.2,28.0,Bangalore
ORD002084,CUST0025,Pasta Arrabbiata,Main Course,4,960.34,Digital Wallet,Cancelled,2023-06-15 20:09:00,3.7,70.0,Mumbai
ORD002487,CUST0391,Pepperoni Pizza,Pizza,1,339.74,Credit Card,In Progress,2023-08-24 18:02:00,2.8,33.0,Mumbai
ORD003115,CUST0505,Veg Burger,Burgers,2,313.86,Net Banking,In Progress,2023-09-27 09:54:00,,60.0,Bangalore
ORD004479,CUST0538,Garlic Naan,Breads,2,114.06,Debit Card,Pending,2023-07-23 14:09:00,4.6,24.0,Pune
ORD003481,CUST0736,BBQ Chicken Pizza,Pizza,1,366.49,Net Banking,Pending,2023-02-27 09:13:00,,57.0,Delhi
ORD005597,CUST0024,Veg Manchurian,Starters,1,162.8,Debit Card,Delivered,07/04/2023 17:38,,75.0,Mumbai
ORD003232,CUST0054,Farmhouse Pizza,Pizza,2,665.42,Digital Wallet,Cancelled,2023-02-28 13:36:00,4.8,73.0,Mumbai
ORD002738,CUST0349,Fish Curry,Main Course,5,1724.31,Credit Card,Pending,2023-05-19 21:05:00,2.8,66.0,Bangalore
ORD005055,CUST0480,Bruschetta,Starters,2,260.14,Net Banking,Pending,2022-11-27 20:59:00,3.5,23.0,Chennai
ORD005954,CUST0229,Veg Supreme Pizza,Pizza,3,873.75,Digital Wallet,In Progress,2022-12-22 18:00:00,4.9,34.0,Delhi
ORD001613,CUST0797,Rasgulla,Desserts,1,68.62,Credit Card,Delivered,2022-11-27 13:02:00,3.6,16.0,Hyderabad
ORD005827,CUST0454,Dal Makhani,Main Course,1,214.77,,In Progress,2023-08-15 20:09:00,4.4,18.0,Chennai
ORD005874,CUST0454,Tiramisu,Desserts,1,194.43,Credit Card,Delivered,2022-12-04 08:25:00,4.7,74.0,Chennai
ORD006718,CUST0447,Chicken Biryani,Main Course,1,355.75,Net Banking,Delivered,2023-05-12 13:18:00,2.7,75.0,Chennai
ORD006857,CUST0533,Classic Burger,Burgers,2,360.95,Credit Card,Pending,2023-08-18 11:27:00,4.2,38.0,Delhi
ORD006460,CUST0633,BLT Sandwich,Sandwiches,3,493.99,Digital Wallet,Cancelled,2022-11-29 21:09:00,3.7,28.0,Bangalore
ORD001505,CUST0188,Mutton Curry,Main Course,4,1577.91,Digital Wallet,Delivered,2023-07-22 21:31:00,3.5,63.0,Chennai
ORD006843,CUST0604,Kheer,Desserts,1,92.32,Credit Card,Delivered,2023-09-02 21:16:00,4.9,67.0,Bangalore
ORD001272,CUST0739,Fresh Lime Soda,Drinks,1,58.8,Net Banking,Cancelled,2022-11-09 13:15:00,4.0,27.0,Hyderabad
ORD006157,CUST0407,Chocolate Brownie,Desserts,2,245.94,Digital Wallet,Cancelled,2023-08-27 13:34:00,4.7,62.0,Pune
ORD005561,CUST0676,Chicken Biryani,Main Course,1,337.7,Net Banking,Delivered,2023-01-31 12:06:00,3.1,28.0,Mumbai
ORD003375,CUST0146,Paneer Tikka,Starters,1,201.56,Cash,Delivered,2023-04-05 19:56:00,2.6,22.0,Hyderabad
ORD005381,CUST0251,Garlic Bread,Starters,1,87.57,Net Banking,Delivered,2023-04-18 13:42:00,,37.0,Delhi
ORD001106,CUST0602,Spring Rolls,Starters,4,488.53,,In Progress,2022-12-20 08:22:00,4.9,59.0,Bangalore
ORD006251,CUST0081,Dal Makhani,Main Course,1,213.46,Debit Card,Delivered,2023-04-23 19:42:00,4.5,72.0,Delhi
ORD002782,CUST0115,Fish Fingers,Starters,5,1048.23,Digital Wallet,Delivered,2022-11-24 12:26:00,,48.0,Mumbai
ORD001952,CUST0494,Mojito,Drinks,2,258.27,Cash,Cancelled,2022-12-19 20:50:00,3.6,20.0,Bangalore
ORD002559,CUST0524,Ice Cream Sundae,Desserts,2,294.72,Cash,In Progress,23/10/2023 17:56,4.3,23.0,Hyderabad
ORD002769,CUST0418,Farmhouse Pizza,Pizza,1,322.29,Debit Card,Delivered,2023-09-08 19:19:00,2.6,71.0,Hyderabad
ORD004309,CUST0336,Tandoori Roti,Breads,2,58.96,Debit Card,Delivered,2022-12-20 19:46:00,,60.0,Mumbai
ORD005686,CUST0100,Watermelon Juice,Drinks,3,216.77,Digital Wallet,Delivered,2023-08-29 21:31:00,4.1,33.0,Mumbai
ORD002024,CUST0412,Tiramisu,Desserts,1,192.14,Debit Card,Delivered,2023-03-29 21:11:00,2.8,,Delhi
ORD004480,CUST0116,Paneer Butter Masala,Main Course,1,292.48,Credit Card,Pending,2023-10-16 12:20:00,4.4,72.0,Chennai
ORD006732,CUST0251,Strawberry Shake,Drinks,3,365.07,Cash,Delivered,2023-07-28 19:23:00,4.7,73.0,Mumbai
ORD001416,CUST0449,Ice Cream Sundae,DESSERTS,1,156.17,Credit Card,Pending,2023-06-05 20:43:00,3.4,37.0,Chennai
ORD005366,CUST0507,Classic Burger,Burgers,5,859.65,UPI,Pending,2023-08-13 12:13:00,3.6,40.0,Pune
ORD002433,CUST0330,Grilled Sandwich,Sandwiches,1,145.61,Credit Card,In Progress,2023-05-04 21:29:00,4.8,15.0,Mumbai
ORD003420,CUST0595,Gulab Jamun,DESSERTS,1,81.74,Digital Wallet,Pending,2022-10-18 11:25:00,4.5,33.0,Pune
ORD001564,CUST0074,Palak Paneer,Main Course,1,263.02,Debit Card,Cancelled,2023-10-12 15:15:00,3.3,74.0,Chennai
ORD001478,CUST0737,Mango Lassi,Drinks,5,403.97,Net Banking,In Progress,2023-07-16 19:56:00,4.6,75.0,Mumbai
ORD006812,CUST0356,Paneer Tikka,STARTERS,3,622.79,Net Banking,In Progress,2023-06-24 21:07:00,5.0,68.0,Mumbai
ORD001142,CUST0080,Ice Cream Sundae,Desserts,1,155.43,Debit Card,Pending,2022-10-22 13:29:00,3.6,40.0,Pune
ORD002263,CUST0030,Egg Curry,MAIN COURSE,3,559.66,Debit Card,Delivered,2023-08-04 13:15:00,3.8,71.0,Hyderabad
ORD002170,CUST0575,Chicken Fried Rice,Main Course,1,259.47,Credit Card,Delivered,2023-06-15 19:49:00,4.3,24.0,Pune
ORD006465,CUST0534,Cheese Burst Burger,Burgers,2,458.71,Digital Wallet,Delivered,2022-10-25 13:36:00,3.8,57.0,Delhi
ORD003187,CUST0368,Garlic Naan,Breads,2,119.98,Digital Wallet,Delivered,2023-03-13 20:10:00,2.5,20.0,Hyderabad
ORD001605,CUST0047,Fish Curry,Main Course,3,990.15,Debit Card,Delivered,2023-08-12 22:26:00,3.9,55.0,Delhi
ORD002891,CUST0329,Chicken Fried Rice,Main Course,4,1014.54,Cash,Cancelled,2023-07-21 21:36:00,2.7,68.0,Delhi
ORD004552,CUST0577,Veg Manchurian,Starters,2,333.34,Debit Card,Delivered,2023-02-25 08:35:00,4.5,33.0,Hyderabad
ORD001497,CUST0180,Garlic Naan,Breads,2,116.33,UPI,Pending,2023-04-25 17:16:00,2.8,19.0,Chennai
ORD003318,CUST0755,Paratha,Breads,1,49.69,Net Banking,Pending,2022-10-23 08:36:00,4.8,64.0,Delhi
ORD003951,CUST0721,Cheese Burst Burger,Burgers,3,684.26,Credit Card,In Progress,2022-12-31 21:06:00,3.0,66.0,Mumbai
ORD004460,CUST0473,Watermelon Juice,Drinks,2,142.6,UPI,Pending,2023-05-10 19:57:00,3.5,26.0,Hyderabad
ORD005710,CUST0028,Chicken Biryani,Main Course,1,352.45,Digital Wallet,In Progress,2022-10-03 20:20:00,4.3,24.0,Hyderabad
ORD001721,CUST0123,Grilled Salmon,Main Course,2,899.27,Debit Card,Cancelled,2023-09-18 19:01:00,5.0,19.0,Chennai
ORD002941,CUST0658,Egg Curry,Main Course,2,354.77,Credit Card,Delivered,2022-10-23 14:35:00,3.7,58.0,Pune
ORD002025,CUST0500,Gulab Jamun,Desserts,1,80.11,Cash,Delivered,2022-12-18 13:58:00,4.4,,Delhi
ORD004197,CUST0635,Pepperoni Pizza,Pizza,3,1027.33,UPI,Pending,2023-08-25 12:25:00,2.9,60.0,Pune
ORD006099,CUST0360,Veg Burger,Burgers,3,449.43,Digital Wallet,Delivered,2023-09-01 12:20:00,2.6,24.0,Pune
ORD006620,CUST0692,Rasgulla,Desserts,2,133.88,Net Banking,Cancelled,2023-01-19 09:40:00,3.5,70.0,Mumbai
ORD002501,CUST0788,Tandoori Roti,Breads,1,29.64,Digital Wallet,Delivered,2023-07-16 08:24:00,4.6,63.0,Pune
ORD006765,CUST0424,Cheese Burst Burger,Burgers,2,438.1,UPI,In Progress,2023-05-16 20:34:00,4.3,59.0,
ORD005879,CUST0401,Mutton Curry,Main Course,3,1132.08,Debit Card,Delivered,2023-02-01 19:17:00,4.9,65.0,Mumbai
ORD004929,CUST0164,Strawberry Shake,Drinks,3,360.62,Net Banking,In Progress,2022-10-27 21:49:00,3.6,73.0,Bangalore
ORD006417,CUST0272,Bruschetta,Starters,1,123.96,Credit Card,In Progress,2023-01-22 13:05:00,2.8,66.0,Hyderabad
ORD006932,CUST0297,Dal Makhani,Main Course,2,428.46,Cash,Pending,2023-08-28 11:07:00,4.3,22.0,Mumbai
ORD006044,CUST0495,Chicken Burger,Burgers,3,605.04,Digital Wallet,Delivered,2023-08-17 11:52:00,3.8,69.0,Hyderabad
ORD003149,CUST0585,Mango Lassi,Drinks,1,76.83,UPI,Delivered,2022-10-05 22:48:00,2.7,26.0,Mumbai
ORD001336,CUST0403,Veg Supreme Pizza,Pizza,2,577.84,Net Banking,In Progress,2023-02-27 12:20:00,3.3,43.0,Bangalore
ORD006307,CUST0625,Butter Chicken,Main Course,1,331.76,Credit Card,Delivered,2023-07-25 12:39:00,2.7,68.0,Delhi
ORD005442,CUST0409,Veg Burger,Burgers,2,297.77,UPI,Cancelled,2023-09-07 13:59:00,3.4,74.0,Bangalore
ORD002225,CUST0492,Grilled Salmon,Main Course,2,856.55,Net Banking,Pending,2022-10-05 13:22:00,3.0,18.0,Chennai
ORD006151,CUST0429,Chicken Fried Rice,Main Course,1,238.79,Digital Wallet,In Progress,2023-06-09 08:23:00,3.1,36.0,Bangalore
ORD004082,CUST0038,Lamb Rogan Josh,Main Course,2,794.75,UPI,Delivered,2023-04-13 20:37:00,3.4,34.0,Pune
ORD003288,CUST0465,Masala Chai,Drinks,2,83.14,Debit Card,Delivered,2022-12-09 20:07:00,2.6,42.0,Chennai
ORD004656,CUST0274,Fresh Lime Soda,Drinks,1,61.79,Debit Card,Pending,2023-07-18 17:10:00,5.0,21.0,Pune
ORD005990,CUST0213,Fresh Lime Soda,Drinks,1,62.41,Digital Wallet,Delivered,2023-01-24 20:25:00,3.1,75.0,Delhi
ORD004245,CUST0125,Tandoori Roti,Breads,1,30.26,Digital Wallet,Delivered,2022-12-02 21:50:00,4.2,41.0,Mumbai
ORD001724,CUST0365,Veg Supreme Pizza,Pizza,1,289.9,Cash,Delivered,2023-02-17 13:40:00,3.2,55.0,Mumbai
ORD001765,CUST0252,Veg Manchurian,Starters,2,316.99,Debit Card,Cancelled,2022-11-28 09:01:00,3.7,42.0,Hyderabad
ORD001286,CUST0645,Chocolate Brownie,Desserts,1,119.12,Credit Card,Delivered,2023-05-25 11:25:00,4.1,42.0,Hyderabad
ORD001307,CUST0136,Masala Chai,Drinks,2,76.01,Net Banking,Delivered,2023-05-08 10:44:00,2.9,74.0,Bangalore
ORD003226,CUST0558,Cheesecake,Desserts,1,176.22,Credit Card,Delivered,2023-08-05 21:01:00,,31.0,Bangalore
ORD005713,CUST0211,Ice Cream Sundae,Desserts,2,297.8,UPI,Delivered,2023-04-30 15:22:00,3.8,,
ORD003795,CUST0793,Mushroom Risotto,Main Course,1,293.78,,Delivered,2023-07-12 19:09:00,3.6,61.0,Delhi
ORD006488,CUST0687,Veg Burger,Burgers,2,312.3,Debit Card,Cancelled,2023-10-30 19:51:00,4.0,,Delhi
ORD004877,CUST0424,Pepperoni Pizza,Pizza,2,730.73,UPI,Cancelled,2023-06-22 19:43:00,,47.0,Chennai
ORD003498,CUST0020,Fish Fingers,Starters,1,212.57,Digital Wallet,Delivered,2023-04-10 11:38:00,4.8,24.0,Delhi
ORD006133,CUST0634,Mushroom Risotto,Main Course,2,573.35,UPI,In Progress,2023-02-27 10:50:00,3.3,61.0,
ORD005788,CUST0118,Veg Burger,Burgers,1,152.31,Digital Wallet,In Progress,2023-02-15 20:51:00,3.9,57.0,Bangalore
ORD001071,CUST0196,Margherita Pizza,Pizza,1,282.69,Cash,Delivered,2023-02-19 16:33:00,4.3,46.0,Chennai
ORD002632,CUST0625,Veg Fried Rice,Main Course,1,194.92,Credit Card,Delivered,2023-04-27 11:29:00,4.8,,Mumbai
ORD001711,CUST0042,Garlic Naan,Breads,4,238.61,Credit Card,In Progress,2023-09-18 09:30:00,3.9,34.0,Mumbai
ORD004789,CUST0269,Rasgulla,Desserts,1,67.42,Digital Wallet,Cancelled,2022-11-27 14:31:00,4.9,33.0,Hyderabad
ORD002020,CUST0077,Veg Biryani,Main Course,2,539.86,Debit Card,Delivered,2023-06-26 21:11:00,3.8,75.0,Mumbai
ORD002400,CUST0075,Masala Chai,Drinks,2,79.75,Net Banking,Cancelled,2023-08-29 22:48:00,4.5,44.0,Hyderabad
ORD002068,CUST0429,Tiramisu,Desserts,1,206.04,Digital Wallet,Cancelled,2023-08-31 21:24:00,3.8,46.0,Chennai
ORD003339,CUST0178,Cheese Burst Burger,Burgers,4,870.99,Credit Card,Delivered,2022-10-17 08:38:00,3.2,41.0,Mumbai
ORD001737,CUST0604,Cold Coffee,Drinks,4,416.82,Credit Card,Cancelled,2023-09-28 14:44:00,4.2,21.0,Delhi
ORD002966,CUST0391,Onion Rings,Starters,1,105.94,Credit Card,In Progress,2023-04-08 12:25:00,3.0,41.0,Bangalore
ORD003484,CUST0544,Garlic Naan,Breads,3,178.91,Credit Card,Delivered,2022-10-02 13:38:00,3.1,73.0,Chennai
ORD002586,CUST0588,Margherita Pizza,Pizza,1,275.57,Credit Card,Delivered,2023-08-20 20:10:00,4.6,40.0,Mumbai
ORD006624,CUST0201,Club Sandwich,Sandwiches,3,498.87,Debit Card,In Progress,2022-11-04 19:36:00,4.0,15.0,Hyderabad
ORD006545,CUST0056,Mango Lassi,Drinks,1,76.4,Debit Card,Delivered,2023-06-17 21:11:00,3.8,57.0,Pune
ORD006138,CUST0762,Farmhouse Pizza,Pizza,2,627.65,Debit Card,Delivered,2022-12-27 20:48:00,4.0,26.0,Delhi
ORD002095,CUST0111,Tandoori Roti,Breads,2,61.91,UPI,Cancelled,2022-11-25 08:46:00,3.0,36.0,Mumbai
ORD004386,CUST0036,Tandoori Roti,Breads,2,61.02,Digital Wallet,Delivered,2023-03-17 22:05:00,2.6,45.0,Mumbai
ORD003997,CUST0287,Paneer Butter Masala,Main Course,2,544.31,Debit Card,Cancelled,2022-12-03 21:19:00,3.7,42.0,
ORD004410,CUST0242,Spring Rolls,Starters,1,120.15,Debit Card,Delivered,2023-05-20 20:04:00,2.8,54.0,Delhi
ORD004995,CUST0208,Kheer,Desserts,3,257.16,Cash,Delivered,2023-02-13 12:19:00,4.8,15.0,
ORD001978,CUST0488,Kheer,Desserts,4,369.59,Net Banking,Delivered,2023-01-21 19:42:00,4.2,74.0,Chennai
ORD006659,CUST0746,Cheese Burst Burger,Burgers,1,213.37,Digital Wallet,In Progress,2023-10-11 10:57:00,2.7,46.0,Bangalore
ORD006156,CUST0402,Veg Biryani,Main Course,1,267.99,Debit Card,Delivered,2022-10-08 12:43:00,3.8,63.0,Chennai
ORD005852,CUST0181,Mango Lassi,Drinks,2,162.42,,In Progress,2023-08-30 20:58:00,2.6,52.0,Hyderabad
ORD004941,CUST0620,Paratha,Breads,2,98.86,Credit Card,Pending,2023-09-05 10:18:00,4.8,21.0,Hyderabad
ORD006332,CUST0566,Palak Paneer,Main Course,2,504.72,Digital Wallet,Cancelled,2022-11-12 09:23:00,3.9,59.0,Bangalore
ORD001344,CUST0192,Club Sandwich,Sandwiches,2,316.25,Debit Card,Delivered,2023-05-07 09:13:00,3.6,24.0,Mumbai
ORD003240,CUST0171,Palak Paneer,Main Course,5,1272.37,Net Banking,Pending,2023-10-09 12:06:00,2.6,62.0,Delhi
ORD001911,CUST0142,Lamb Rogan Josh,Main Course,3,1232.22,Net Banking,In Progress,2023-02-18 10:38:00,3.9,31.0,Mumbai
ORD002654,CUST0252,Farmhouse Pizza,Pizza,2,664.47,Credit Card,In Progress,2023-05-26 09:03:00,4.8,33.0,Bangalore
ORD001047,CUST0594,Garlic Naan,Breads,2,114.0,Digital Wallet,In Progress,2023-02-24 11:50:00,3.3,43.0,Hyderabad
ORD003409,CUST0760,Chicken Tikka Masala,Main Course,4,1254.7,UPI,Delivered,2023-01-22 21:02:00,3.2,25.0,Bangalore
ORD006245,CUST0411,Chicken Tikka Masala,Main Course,3,998.69,Debit Card,Pending,2023-04-15 16:51:00,3.9,,Delhi
ORD001443,CUST0262,Veg Manchurian,Starters,2,321.81,Cash,Delivered,2022-12-06 09:54:00,3.7,74.0,Delhi
ORD003471,CUST0188,Chocolate Brownie,Desserts,3,373.96,Net Banking,Delivered,2022-12-01 16:08:00,3.6,71.0,Hyderabad
ORD004195,CUST0465,Cold Brew Coffee,Drinks,2,306.1,UPI,Delivered,2023-08-22 08:19:00,4.7,,Bangalore
ORD004289,CUST0592,Pasta Arrabbiata,Main Course,2,456.72,Net Banking,Delivered,2023-02-02 09:50:00,4.3,,Delhi
ORD005162,CUST0478,Tiramisu,Desserts,3,575.43,Net Banking,In Progress,2023-06-15 21:15:00,2.5,48.0,Bangalore
ORD004323,CUST0110,Egg Curry,Main Course,3,549.52,Cash,Delivered,2023-08-02 13:49:00,4.8,64.0,Delhi
ORD005531,CUST0287,Gulab Jamun,Desserts,2,167.35,Credit Card,Delivered,2023-02-26 08:26:00,4.4,26.0,Bangalore
ORD003553,CUST0776,Veg Manchurian,Starters,2,314.85,Debit Card,Pending,2023-09-18 10:29:00,3.7,53.0,Bangalore
ORD003895,CUST0319,Spring Rolls,Starters,2,250.8,Debit Card,Delivered,2023-05-12 20:03:00,4.3,61.0,Chennai
ORD003317,CUST0586,Naan,Breads,3,120.69,Cash,Cancelled,2022-11-15 22:07:00,3.2,69.0,Chennai
ORD002055,CUST0623,Mango Lassi,Drinks,1,78.48,Credit Card,Delivered,2022-12-30 20:43:00,2.9,42.0,Delhi
ORD001848,CUST0467,Egg Curry,Main Course,1,183.68,UPI,Delivered,2023-06-28 09:13:00,4.4,75.0,Chennai
ORD005982,CUST0308,Fish Fingers,Starters,2,426.2,Debit Card,Delivered,2022-10-28 13:23:00,4.3,45.0,Chennai
ORD003124,CUST0258,Chicken Biryani,Main Course,1,342.19,Digital Wallet,Delivered,2023-06-01 08:20:00,4.5,74.0,
ORD006555,CUST0589,Margherita Pizza,Pizza,2,569.4,Credit Card,Delivered,2023-01-18 13:53:00,4.4,,Pune
ORD004158,CUST0332,Veg Fried Rice,Main Course,1,209.26,Credit Card,Cancelled,2022-12-13 15:00:00,3.5,34.0,Delhi
ORD006660,CUST0321,Dal Makhani,Main Course,3,635.87,Debit Card,Delivered,2023-07-04 19:53:00,,33.0,Pune
ORD005633,CUST0670,Veg Burger,Burgers,1,156.22,Credit Card,Delivered,2023-07-30 12:05:00,4.5,67.0,Delhi
ORD002383,CUST0782,Mutton Curry,Main Course,1,387.1,Credit Card,Delivered,2023-01-02 10:06:00,3.3,34.0,Bangalore
ORD002112,CUST0661,Kheer,Desserts,1,92.64,Net Banking,In Progress,2023-05-26 13:52:00,3.5,75.0,Bangalore
ORD006687,CUST0376,Watermelon Juice,Drinks,2,134.36,Credit Card,Delivered,2023-02-03 10:11:00,4.3,27.0,Mumbai
ORD001776,CUST0325,Paneer Butter Masala,Main Course,1,290.06,Net Banking,Cancelled,2022-12-22 21:40:00,4.5,,Mumbai
ORD006731,CUST0525,Chocolate Brownie,Desserts,5,577.23,Net Banking,Delivered,2023-10-15 10:42:00,4.2,34.0,Chennai
ORD001183,CUST0079,Mushroom Risotto,Main Course,1,298.5,Digital Wallet,Delivered,2023-04-08 13:48:00,3.8,40.0,Bangalore
ORD003670,CUST0278,Egg Curry,Main Course,1,184.11,Debit Card,In Progress,2023-01-15 20:50:00,3.1,50.0,Hyderabad
ORD006939,CUST0747,Cold Brew Coffee,Drinks,1,148.66,Debit Card,Pending,2022-12-21 09:54:00,3.2,60.0,Bangalore
ORD002242,CUST0543,Gulab Jamun,Desserts,1,77.34,UPI,Cancelled,2022-11-07 09:55:00,3.4,40.0,Pune
ORD002468,CUST0629,Chicken Soup,Starters,3,443.63,Cash,Pending,2022-12-01 20:04:00,3.5,25.0,Pune
ORD001734,CUST0030,Garlic Bread,Starters,4,349.39,Cash,Delivered,2023-01-11 10:22:00,4.6,,Bangalore
ORD005881,CUST0515,Garlic Naan,Breads,1,61.46,Cash,In Progress,26/08/2023 09:06,4.8,16.0,Delhi
ORD002168,CUST0296,Garlic Naan,Breads,5,303.71,Cash,Delivered,2023-09-06 09:31:00,2.5,17.0,Delhi
ORD005318,CUST0664,Fish Fingers,Starters,4,857.69,Credit Card,Delivered,2023-05-09 08:24:00,4.2,19.0,Bangalore
ORD004872,CUST0401,Mango Lassi,Drinks,1,83.88,Net Banking,Delivered,2023-08-23 12:42:00,2.6,72.0,Bangalore
ORD005808,CUST0260,Paratha,Breads,3,150.57,Digital Wallet,Delivered,2023-05-09 22:28:00,4.8,29.0,Mumbai
ORD001485,CUST0557,Chicken Soup,Starters,2,291.98,UPI,Delivered,2022-11-12 12:56:00,3.0,60.0,Pune
ORD004392,CUST0292,Fish Fingers,Starters,1,223.27,Cash,Delivered,2022-10-29 12:25:00,4.4,28.0,Hyderabad
ORD001452,CUST0471,Classic Burger,Burgers,2,375.83,Net Banking,Delivered,2023-10-18 19:01:00,2.6,19.0,Mumbai
ORD001250,CUST0328,Tandoori Roti,BREADS,2,61.82,Credit Card,Delivered,2023-10-05 13:53:00,3.3,17.0,Chennai
ORD005639,CUST0285,Butter Chicken,Main Course,1,309.05,Net Banking,In Progress,2023-05-16 18:09:00,3.3,64.0,Pune
ORD001030,CUST0577,Garlic Naan,Breads,2,125.15,Cash,Delivered,2022-11-07 08:39:00,3.8,47.0,Bangalore
ORD001789,CUST0483,Pasta Arrabbiata,Main Course,1,241.37,Debit Card,Pending,2022-10-27 12:15:00,4.8,66.0,Chennai
ORD003586,CUST0588,Chicken Soup,Starters,4,617.73,UPI,Delivered,2023-04-29 19:18:00,3.3,46.0,
ORD004515,CUST0686,Chicken Biryani,Main Course,3,1099.36,UPI,Delivered,2023-01-03 12:46:00,3.9,68.0,Pune
ORD002109,CUST0102,Veg Burger,BURGERS,2,298.12,,Delivered,2023-02-23 19:59:00,2.7,16.0,Chennai
ORD001100,CUST0481,Onion Rings,Starters,3,327.03,Debit Card,Delivered,2023-09-01 21:04:00,4.1,40.0,Pune
ORD006345,CUST0403,Cheesecake,Desserts,1,176.53,Credit Card,Delivered,2023-02-28 12:18:00,4.5,16.0,Pune
ORD003404,CUST0563,Chocolate Brownie,Desserts,1,124.78,Cash,Delivered,2023-10-18 13:36:00,5.0,71.0,Bangalore
ORD005207,CUST0669,Pepperoni Pizza,Pizza,2,702.36,Credit Card,Delivered,2023-02-24 12:44:00,3.8,47.0,Delhi
ORD005315,CUST0510,Naan,Breads,1,39.76,Cash,Delivered,2023-10-12 12:23:00,4.9,25.0,Chennai
ORD003765,CUST0161,Masala Chai,Drinks,3,125.65,Digital Wallet,Delivered,2022-12-02 20:37:00,3.3,64.0,Bangalore
ORD004006,CUST0441,Butter Chicken,Main Course,5,1666.21,Cash,In Progress,2023-09-12 09:26:00,4.2,73.0,
ORD004834,CUST0512,Paneer Butter Masala,Main Course,1,279.15,UPI,Delivered,2022-10-27 22:44:00,2.7,43.0,Pune
ORD004193,CUST0610,BBQ Chicken Pizza,Pizza,2,738.27,Cash,Delivered,2022-11-12 22:15:00,2.9,64.0,Delhi
ORD001861,CUST0385,Paratha,Breads,1,49.1,Cash,Delivered,2023-04-30 21:16:00,3.0,63.0,Chennai
ORD002564,CUST0020,Gulab Jamun,Desserts,2,157.17,Digital Wallet,Delivered,2023-10-23 19:25:00,3.7,57.0,Pune
ORD001903,CUST0482,Masala Chai,Drinks,4,167.49,,Pending,2023-06-08 11:05:00,2.7,47.0,Hyderabad
ORD006860,CUST0767,Naan,Breads,3,121.68,Debit Card,Cancelled,2023-09-30 19:09:00,2.8,37.0,Hyderabad
ORD001109,CUST0622,Watermelon Juice,Drinks,3,216.99,Debit Card,Delivered,2023-02-24 20:14:00,4.1,54.0,Bangalore
ORD006546,CUST0797,Onion Rings,Starters,1,108.0,Digital Wallet,Delivered,2023-08-06 14:49:00,3.5,31.0,Chennai
ORD005325,CUST0258,Farmhouse Pizza,Pizza,2,610.79,Credit Card,Cancelled,2023-07-12 18:42:00,4.4,75.0,Bangalore
ORD006082,CUST0106,Club Sandwich,Sandwiches,3,470.95,Net Banking,Pending,24/11/2022 20:06,4.1,17.0,Pune
ORD003833,CUST0517,Grilled Salmon,Main Course,1,464.8,Cash,Delivered,2022-12-17 13:01:00,3.5,50.0,Chennai
ORD003893,CUST0671,Spring Rolls,Starters,3,343.03,UPI,Cancelled,2023-02-09 15:32:00,2.9,,Chennai
ORD004648,CUST0669,Cheese Burst Burger,Burgers,2,427.68,Digital Wallet,Delivered,2023-07-12 08:35:00,2.9,65.0,Hyderabad
ORD005941,CUST0031,Strawberry Shake,Drinks,1,114.62,Cash,In Progress,2023-09-21 13:35:00,3.9,39.0,Hyderabad
ORD006920,CUST0561,Egg Curry,Main Course,3,564.47,Digital Wallet,Delivered,20/05/2023 15:02,4.5,17.0,Hyderabad
ORD002879,CUST0159,Tiramisu,Desserts,5,1045.67,Digital Wallet,Pending,2022-10-15 12:11:00,4.8,28.0,Pune
ORD006803,CUST0788,Tandoori Roti,Breads,2,61.69,Debit Card,Delivered,2023-06-12 08:48:00,3.1,56.0,Delhi
ORD003926,CUST0223,Veg Burger,Burgers,3,464.54,,In Progress,2022-10-24 09:08:00,4.8,63.0,Bangalore
ORD001364,CUST0195,Garlic Naan,Breads,2,119.21,UPI,In Progress,2022-10-28 09:13:00,3.9,74.0,Pune
ORD002756,CUST0600,Mushroom Risotto,Main Course,1,294.67,Cash,Delivered,2023-10-23 20:40:00,4.2,45.0,Mumbai
ORD003276,CUST0093,Tiramisu,Desserts,1,207.48,Debit Card,In Progress,2023-10-20 20:27:00,4.9,43.0,Pune
ORD006693,CUST0006,Palak Paneer,Main Course,3,765.83,Cash,Pending,2023-10-31 13:00:00,4.2,24.0,Mumbai
ORD004967,CUST0604,Cheesecake,Desserts,2,356.06,Credit Card,Pending,2023-03-01 12:35:00,2.7,21.0,Hyderabad
ORD002094,CUST0474,Mango Lassi,Drinks,1,80.56,Net Banking,Delivered,2022-11-07 11:55:00,3.4,,Pune
ORD002121,CUST0611,Mutton Curry,Main Course,2,766.03,Cash,Delivered,2022-11-22 09:59:00,2.9,31.0,Delhi
ORD005327,CUST0528,Chicken Fried Rice,Main Course,1,255.7,Digital Wallet,Pending,2023-06-24 20:20:00,4.0,15.0,Bangalore
ORD003687,CUST0613,Fresh Lime Soda,Drinks,5,288.5,Debit Card,Delivered,2023-01-18 09:46:00,4.6,41.0,Pune
ORD001809,CUST0260,Pepperoni Pizza,Pizza,2,693.91,Debit Card,Delivered,2023-05-26 19:36:00,4.0,64.0,Chennai
ORD004306,CUST0734,Masala Chai,Drinks,2,77.62,UPI,Delivered,2022-12-27 19:14:00,4.4,33.0,Chennai
ORD002770,CUST0442,Mojito,Drinks,3,375.59,,Delivered,2023-10-05 19:33:00,3.3,64.0,Bangalore
ORD006967,CUST0642,Kheer,Desserts,1,90.2,Digital Wallet,Pending,2023-09-02 08:21:00,3.0,38.0,Chennai
ORD005247,CUST0344,Spring Rolls,Starters,2,243.29,Credit Card,Pending,2023-05-15 12:42:00,,54.0,Mumbai
ORD002393,CUST0155,Paneer Tikka,Starters,1,209.54,Digital Wallet,Delivered,2023-10-11 13:09:00,3.9,50.0,Mumbai
ORD006722,CUST0735,Kheer,Desserts,4,363.2,Digital Wallet,Delivered,2022-12-30 20:40:00,2.7,49.0,Pune
ORD006708,CUST0041,Tandoori Roti,Breads,4,120.12,Debit Card,Delivered,2023-06-08 21:17:00,3.0,19.0,Bangalore
ORD006583,CUST0591,Bruschetta,Starters,1,124.67,Debit Card,Delivered,2023-07-17 13:32:00,3.6,37.0,Mumbai
ORD005747,CUST0047,Club Sandwich,Sandwiches,1,164.39,Net Banking,Cancelled,2023-04-23 17:06:00,2.6,49.0,Pune
ORD003316,CUST0468,Pepperoni Pizza,Pizza,5,1821.37,Debit Card,Delivered,2023-06-14 15:19:00,3.8,29.0,Hyderabad
ORD003519,CUST0379,Masala Chai,Drinks,4,167.66,UPI,Pending,2022-10-18 19:54:00,2.8,15.0,Mumbai
ORD006286,CUST0550,Watermelon Juice,Drinks,1,69.62,Cash,Delivered,2023-05-22 10:50:00,4.7,,Hyderabad
ORD003905,CUST0501,Strawberry Shake,Drinks,1,121.37,Credit Card,Pending,2023-10-16 08:32:00,2.9,21.0,Chennai
ORD006905,CUST0628,Mutton Curry,Main Course,2,777.11,Digital Wallet,Delivered,2023-10-02 18:48:00,4.3,53.0,Hyderabad
ORD002566,CUST0407,Gulab Jamun,Desserts,1,83.05,Credit Card,Delivered,2023-06-18 21:10:00,3.8,73.0,Pune
ORD005505,CUST0490,Tandoori Roti,Breads,1,29.73,Debit Card,Delivered,2023-08-03 20:15:00,4.9,56.0,Bangalore
ORD005260,CUST0658,Paneer Tikka,Starters,1,205.17,UPI,Delivered,13/09/2023 20:30,3.1,53.0,Chennai
ORD002204,CUST0752,Egg Curry,Main Course,1,186.98,Debit Card,In Progress,2022-10-31 09:35:00,4.8,18.0,Delhi
ORD006683,CUST0096,Butter Chicken,Main Course,1,325.09,Credit Card,In Progress,2023-05-07 20:25:00,4.7,68.0,Hyderabad
ORD002831,CUST0063,Grilled Sandwich,Sandwiches,2,285.06,UPI,Cancelled,2022-11-30 13:44:00,3.1,40.0,Chennai
ORD005578,CUST0195,Cold Coffee,Drinks,1,97.45,Debit Card,In Progress,2023-01-14 19:53:00,2.6,46.0,Hyderabad
ORD005773,CUST0530,Chocolate Brownie,Desserts,5,614.55,UPI,Cancelled,2023-08-25 12:38:00,4.2,25.0,Pune
ORD006896,CUST0399,Chicken Tikka Masala,Main Course,4,1285.58,Cash,Delivered,2023-08-03 14:34:00,4.7,30.0,
ORD002372,CUST0013,Cheese Burst Burger,Burgers,2,433.69,,Pending,2023-05-24 17:40:00,4.7,62.0,Delhi
ORD001518,CUST0424,Mojito,DRINKS,3,407.11,Credit Card,Delivered,2023-10-18 17:28:00,4.6,23.0,Pune
ORD001829,CUST0520,Ice Cream Sundae,Desserts,2,310.75,Cash,Delivered,2022-11-22 20:02:00,4.1,70.0,Delhi
ORD004128,CUST0434,Classic Burger,Burgers,5,891.14,Digital Wallet,In Progress,2022-10-02 09:07:00,4.8,16.0,Chennai
ORD002569,CUST0211,Pepperoni Pizza,Pizza,1,336.44,Credit Card,Pending,2023-04-17 20:47:00,4.3,34.0,Pune
ORD001438,CUST0464,Mushroom Risotto,Main Course,3,873.36,Cash,Pending,2023-07-05 08:52:00,4.7,62.0,Chennai
ORD001627,CUST0214,Dal Makhani,Main Course,1,212.5,Net Banking,Pending,2023-06-04 13:21:00,3.6,42.0,Chennai
ORD004799,CUST0660,Garlic Bread,Starters,1,91.99,Net Banking,Delivered,2023-05-13 13:48:00,3.3,45.0,Pune
ORD006904,CUST0143,Mojito,Drinks,1,125.89,Debit Card,In Progress,2023-10-22 19:13:00,3.0,34.0,Chennai
ORD001925,CUST0729,Palak Paneer,Main Course,1,263.8,Debit Card,Cancelled,2023-05-22 12:53:00,4.0,66.0,Delhi
ORD004487,CUST0425,Veg Biryani,Main Course,1,252.57,Digital Wallet,Cancelled,2023-04-13 21:04:00,2.8,34.0,Hyderabad
ORD003778,CUST0663,Farmhouse Pizza,Pizza,4,1264.45,Digital Wallet,Delivered,2023-08-22 15:18:00,3.5,73.0,Hyderabad
ORD003302,CUST0425,Bruschetta,Starters,1,127.86,Net Banking,Delivered,2023-01-30 13:51:00,2.7,38.0,Delhi
ORD005734,CUST0625,Fish Curry,Main Course,1,334.36,Credit Card,Pending,2023-05-05 13:11:00,4.0,44.0,Delhi
ORD003488,CUST0670,Fresh Lime Soda,Drinks,4,241.94,Digital Wallet,Delivered,2023-10-06 19:57:00,3.3,27.0,Hyderabad
ORD002173,CUST0257,Chicken Biryani,Main Course,4,1442.61,Credit Card,Cancelled,2022-12-11 19:12:00,3.9,34.0,Bangalore
ORD005019,CUST0362,Cold Brew Coffee,Drinks,5,722.09,UPI,Pending,2022-11-17 19:21:00,4.1,68.0,Pune
ORD003802,CUST0430,Tiramisu,DESSERTS,4,807.95,Debit Card,Pending,2022-10-13 17:23:00,,18.0,Mumbai
ORD001944,CUST0062,Margherita Pizza,Pizza,1,286.66,Credit Card,Delivered,2023-10-23 12:05:00,3.7,27.0,Delhi
ORD005814,CUST0121,Fish Fingers,Starters,2,428.38,Net Banking,Pending,2023-07-03 08:14:00,2.7,,Chennai
ORD003337,CUST0097,Mushroom Risotto,Main Course,5,99999.0,Digital Wallet,Delivered,2023-02-28 08:39:00,3.9,36.0,Mumbai
ORD001012,CUST0699,BBQ Chicken Pizza,Pizza,5,1916.74,Digital Wallet,Delivered,2022-10-06 19:07:00,4.4,36.0,Mumbai
ORD002117,CUST0567,Rasgulla,Desserts,2,143.98,Credit Card,Delivered,2023-10-26 19:16:00,3.0,20.0,Mumbai
ORD005406,CUST0609,Strawberry Shake,Drinks,4,482.69,UPI,Delivered,2023-09-14 20:31:00,3.1,42.0,Mumbai
ORD004488,CUST0623,Paratha,Breads,4,207.19,Credit Card,Cancelled,2023-04-11 08:33:00,4.4,16.0,Bangalore
ORD003741,CUST0785,Chicken Burger,Burgers,1,209.34,Net Banking,Pending,2023-05-15 21:10:00,4.0,74.0,Mumbai
ORD001642,CUST0553,Club Sandwich,Sandwiches,2,327.73,Digital Wallet,Delivered,2023-09-08 08:40:00,4.0,72.0,Bangalore
ORD002357,CUST0730,Bruschetta,Starters,2,265.8,Credit Card,Delivered,2023-01-31 09:59:00,2.8,19.0,Mumbai
ORD006761,CUST0647,Chicken Fried Rice,Main Course,1,257.71,Digital Wallet,Delivered,2023-08-22 18:45:00,3.7,46.0,Delhi
ORD005714,CUST0045,Paneer Tikka,Starters,3,628.57,Digital Wallet,Cancelled,2022-12-15 10:56:00,2.6,53.0,Chennai
ORD005274,CUST0236,Chicken Burger,Burgers,1,195.35,Digital Wallet,Delivered,2023-08-09 20:32:00,2.5,54.0,Bangalore
ORD004402,CUST0741,Chicken Burger,Burgers,1,203.32,Net Banking,Delivered,2022-10-27 20:29:00,,,Chennai
ORD006155,CUST0312,Paratha,Breads,2,98.88,Debit Card,Cancelled,2023-07-23 19:00:00,4.7,38.0,Mumbai
ORD006540,CUST0510,Mutton Curry,Main Course,1,381.54,Cash,Delivered,2023-05-31 21:33:00,3.9,20.0,Pune
ORD002600,CUST0260,Mango Lassi,Drinks,2,158.21,,Delivered,2023-07-02 19:03:00,4.2,46.0,Delhi
ORD006066,CUST0655,Fish Fingers,Starters,1,229.46,Digital Wallet,Delivered,2023-07-01 08:05:00,3.2,27.0,Bangalore
ORD003132,CUST0431,Rasgulla,Desserts,2,140.43,Debit Card,Delivered,2023-08-15 14:34:00,4.6,74.0,Delhi
ORD003313,CUST0589,Cheesecake,Desserts,2,346.03,Net Banking,Delivered,2022-10-19 09:06:00,3.3,74.0,Chennai
ORD001653,CUST0792,Spring Rolls,Starters,1,115.18,Net Banking,In Progress,2023-09-01 17:29:00,3.1,58.0,Chennai
ORD001429,CUST0462,Strawberry Shake,Drinks,4,496.2,UPI,In Progress,2023-07-29 09:57:00,4.0,47.0,Delhi
ORD006084,CUST0321,BBQ Chicken Pizza,Pizza,3,1110.72,Digital Wallet,Delivered,2023-08-30 12:51:00,3.2,72.0,Pune
ORD003706,CUST0143,Chocolate Brownie,Desserts,1,118.87,Net Banking,Pending,2023-01-06 18:29:00,4.7,,Pune
ORD003571,CUST0137,Paneer Tikka,Starters,2,404.15,Credit Card,Pending,2023-06-03 11:43:00,5.0,40.0,Bangalore
ORD006813,CUST0674,Pepperoni Pizza,Pizza,5,1709.94,Digital Wallet,Delivered,2023-04-27 09:38:00,3.1,44.0,Mumbai
ORD003704,CUST0293,Gulab Jamun,Desserts,3,241.77,UPI,Delivered,2022-11-30 09:07:00,4.0,34.0,Hyderabad
ORD002580,CUST0193,Fish Curry,Main Course,1,332.09,Credit Card,In Progress,2023-09-09 12:55:00,3.6,15.0,Pune
ORD004162,CUST0484,Tiramisu,Desserts,5,1027.57,Digital Wallet,Pending,2023-09-04 09:51:00,4.4,,Chennai
ORD001838,CUST0665,Tandoori Roti,Breads,2,60.71,UPI,Delivered,2023-05-15 19:56:00,4.7,20.0,Mumbai
ORD002087,CUST0442,Farmhouse Pizza,Pizza,2,616.4,Cash,In Progress,2023-02-26 13:54:00,4.4,39.0,Delhi
ORD002803,CUST0024,Strawberry Shake,Drinks,2,241.44,Digital Wallet,Cancelled,2022-10-29 13:44:00,2.9,55.0,Mumbai
ORD003966,CUST0684,Gulab Jamun,Desserts,2,152.89,Cash,Delivered,2022-12-31 13:04:00,4.1,35.0,Hyderabad
ORD002374,CUST0254,Butter Chicken,Main Course,2,613.08,Credit Card,Delivered,2022-10-29 13:33:00,4.5,26.0,Pune
ORD002700,CUST0257,Garlic Naan,Breads,3,177.36,Net Banking,Delivered,2023-04-17 20:34:00,4.8,54.0,Mumbai
ORD005195,CUST0430,Fish Fingers,Starters,1,211.08,Credit Card,Delivered,2023-07-29 20:27:00,3.2,46.0,Chennai
ORD001856,CUST0055,Mutton Curry,Main Course,2,736.62,Digital Wallet,Pending,2023-08-13 16:48:00,3.0,45.0,Chennai
ORD006000,CUST0021,Onion Rings,Starters,3,327.88,Cash,Pending,2023-08-12 12:09:00,3.2,65.0,Bangalore
ORD005010,CUST0041,Lamb Rogan Josh,Main Course,2,777.46,Cash,Delivered,2023-07-04 20:13:00,4.0,72.0,Mumbai
ORD003900,CUST0625,Chicken Burger,Burgers,1,197.42,Cash,Delivered,2023-04-12 13:38:00,4.3,33.0,Chennai
ORD005041,CUST0373,Onion Rings,Starters,1,104.56,Credit Card,Delivered,2022-12-18 12:06:00,2.7,27.0,Delhi
ORD004209,CUST0632,Butter Chicken,Main Course,3,941.77,Net Banking,Cancelled,2023-02-08 21:04:00,2.8,59.0,Hyderabad
ORD003025,CUST0423,Farmhouse Pizza,Pizza,2,634.45,Debit Card,Delivered,2023-07-12 17:55:00,4.0,,Hyderabad
ORD001693,CUST0475,Veg Biryani,Main Course,3,807.92,Credit Card,In Progress,2023-10-18 17:29:00,3.5,65.0,Bangalore
ORD003699,CUST0749,Strawberry Shake,Drinks,1,120.93,Digital Wallet,Delivered,2023-04-30 20:25:00,3.2,45.0,Chennai
ORD003722,CUST0307,Farmhouse Pizza,Pizza,1,308.24,Debit Card,Delivered,2023-07-01 13:40:00,4.8,74.0,Pune
ORD001188,CUST0027,Palak Paneer,Main Course,1,252.23,Debit Card,Pending,2022-12-11 12:31:00,3.9,44.0,Chennai
ORD001287,CUST0399,Mango Lassi,Drinks,1,80.91,Cash,In Progress,2023-01-10 13:27:00,3.0,32.0,Pune
ORD004484,CUST0237,Cheesecake,Desserts,2,368.57,UPI,Delivered,2023-09-30 12:25:00,2.8,40.0,Delhi
ORD003135,CUST0794,Chicken Fried Rice,Main Course,1,240.53,Debit Card,Cancelled,2022-11-05 12:01:00,4.5,,Bangalore
ORD003798,CUST0051,Onion Rings,Starters,5,571.08,Net Banking,In Progress,2022-12-17 08:53:00,3.8,47.0,Bangalore
ORD004264,CUST0096,Egg Curry,Main Course,3,566.61,Debit Card,Delivered,2023-02-20 18:10:00,3.2,75.0,Bangalore
ORD004755,CUST0290,Grilled Sandwich,Sandwiches,2,275.5,UPI,Delivered,2023-01-11 20:07:00,4.9,24.0,Mumbai
ORD003110,CUST0710,Egg Curry,Main Course,2,374.74,UPI,Delivered,2022-12-15 09:40:00,4.2,27.0,
ORD006459,CUST0224,Tandoori Roti,Breads,2,59.35,Digital Wallet,Delivered,2023-04-28 19:03:00,4.1,25.0,Chennai
ORD004159,CUST0564,Paratha,Breads,1,-50.0,Digital Wallet,In Progress,2023-06-03 16:27:00,4.9,49.0,Hyderabad
ORD003163,CUST0345,Chicken Biryani,Main Course,4,1389.1,Net Banking,Delivered,2023-03-23 10:48:00,3.0,23.0,Chennai
ORD004907,CUST0022,Chicken Soup,Starters,1,152.27,Digital Wallet,Delivered,2023-02-26 19:24:00,2.8,16.0,Bangalore
ORD004859,CUST0531,Paratha,Breads,3,142.86,Debit Card,Cancelled,2022-11-14 13:08:00,2.7,55.0,Chennai
ORD001210,CUST0196,Paneer Butter Masala,Main Course,3,818.34,Cash,Cancelled,2023-07-21 21:07:00,3.3,24.0,Hyderabad
ORD006166,CUST0532,Garlic Bread,Starters,5,435.77,Debit Card,Cancelled,2023-02-21 21:44:00,4.3,66.0,Hyderabad
ORD003531,CUST0081,Butter Chicken,Main Course,3,960.85,Net Banking,In Progress,2023-03-26 12:47:00,4.5,35.0,Hyderabad
ORD005643,CUST0636,Garlic Naan,Breads,1,62.23,UPI,Delivered,2022-12-24 18:55:00,3.0,62.0,Bangalore
ORD003698,CUST0294,Tiramisu,Desserts,2,388.98,UPI,Pending,2023-02-16 11:42:00,3.3,62.0,Hyderabad
ORD001073,CUST0436,Cold Coffee,Drinks,1,100.82,Net Banking,Pending,2023-05-31 16:22:00,3.3,59.0,Hyderabad
ORD003629,CUST0041,Kheer,Desserts,2,188.8,UPI,In Progress,2023-07-06 16:43:00,3.0,47.0,Mumbai
ORD002616,CUST0285,Grilled Sandwich,Sandwiches,3,431.64,UPI,Delivered,2023-10-31 19:23:00,3.7,66.0,Bangalore
ORD003655,CUST0453,Veg Biryani,Main Course,3,813.02,,Delivered,2023-08-09 09:04:00,2.5,25.0,Delhi
ORD005054,CUST0396,Cheese Burst Burger,Burgers,3,637.93,UPI,In Progress,2023-10-17 11:56:00,2.6,62.0,Mumbai
ORD004857,CUST0098,Margherita Pizza,Pizza,2,533.48,,Delivered,2023-01-29 20:34:00,3.1,41.0,Bangalore
ORD002765,CUST0063,Strawberry Shake,Drinks,3,376.31,Debit Card,Delivered,2023-06-27 10:04:00,4.8,70.0,Hyderabad
ORD004377,CUST0411,Strawberry Shake,Drinks,1,121.18,Net Banking,In Progress,2023-06-20 20:09:00,2.7,,Hyderabad
ORD006648,CUST0651,Mutton Curry,Main Course,3,1153.08,UPI,In Progress,2022-10-01 09:14:00,3.5,65.0,Chennai
ORD004590,CUST0569,Paneer Tikka,Starters,1,205.81,Net Banking,In Progress,2023-09-05 12:27:00,3.8,53.0,Mumbai
ORD002231,CUST0668,Pasta Arrabbiata,Main Course,1,235.84,Debit Card,Cancelled,2023-04-03 12:26:00,4.9,33.0,Chennai
ORD006159,CUST0578,Club Sandwich,Sandwiches,1,153.68,UPI,Delivered,2022-10-20 20:54:00,4.3,30.0,Hyderabad
ORD002617,CUST0482,Pepperoni Pizza,Pizza,1,351.24,Digital Wallet,Cancelled,2023-03-17 21:54:00,3.5,70.0,Pune
ORD006925,CUST0554,Ice Cream Sundae,Desserts,1,153.54,Digital Wallet,In Progress,2022-12-16 11:36:00,3.4,21.0,Pune
ORD004641,CUST0674,Chocolate Brownie,Desserts,1,124.54,Debit Card,Cancelled,2023-07-15 09:33:00,,24.0,Bangalore
ORD001113,CUST0773,Naan,Breads,4,164.87,Credit Card,In Progress,2023-05-28 21:09:00,4.3,40.0,Chennai
ORD006924,CUST0476,Margherita Pizza,Pizza,2,539.8,Credit Card,Delivered,2023-08-17 09:02:00,3.0,65.0,Delhi
ORD006260,CUST0284,Grilled Salmon,Main Course,3,1368.53,Debit Card,Delivered,2023-01-24 21:15:00,2.9,48.0,Delhi
ORD002954,CUST0560,Cheese Burst Burger,Burgers,1,220.84,Digital Wallet,In Progress,2023-10-21 16:02:00,2.5,40.0,Hyderabad
ORD004262,CUST0228,Rasgulla,Desserts,1,67.0,Net Banking,Cancelled,2023-06-06 21:48:00,3.3,,Bangalore
ORD002961,CUST0528,Rasgulla,Desserts,1,69.38,Digital Wallet,Delivered,2023-09-29 19:06:00,3.3,53.0,Mumbai
ORD005697,CUST0780,Chicken Biryani,Main Course,1,360.53,Debit Card,Delivered,2023-07-11 15:43:00,4.3,22.0,Delhi
ORD002871,CUST0178,Lamb Rogan Josh,Main Course,1,418.35,Net Banking,Pending,2023-06-27 11:52:00,4.5,21.0,Pune
ORD006109,CUST0681,Mojito,Drinks,4,508.83,Debit Card,Cancelled,16/01/2023 21:42,3.3,24.0,Pune
ORD006937,CUST0118,Mutton Curry,Main Course,1,363.21,Net Banking,In Progress,2023-10-15 15:21:00,3.6,23.0,Delhi
ORD006162,CUST0756,Tandoori Roti,BREADS,2,62.58,Digital Wallet,Delivered,2023-03-02 09:16:00,2.9,30.0,Mumbai
ORD004896,CUST0702,Chicken Soup,Starters,1,148.87,Debit Card,In Progress,03/12/2022 20:06,4.4,51.0,Pune
ORD005932,CUST0213,Garlic Naan,Breads,3,172.86,Net Banking,Pending,2022-11-08 13:57:00,3.0,59.0,Chennai
ORD005351,CUST0264,Cheesecake,Desserts,2,373.98,UPI,Cancelled,2023-05-05 19:47:00,4.1,23.0,Mumbai
ORD003570,CUST0369,Tiramisu,Desserts,3,576.02,UPI,Cancelled,2023-01-04 09:38:00,3.1,27.0,Delhi
ORD005031,CUST0729,Ice Cream Sundae,Desserts,3,446.08,Credit Card,Cancelled,2023-07-04 20:38:00,4.9,61.0,Pune
ORD001252,CUST0702,Kheer,Desserts,1,88.92,Debit Card,Delivered,2023-02-03 14:41:00,4.4,46.0,Pune
ORD001350,CUST0326,Cheesecake,Desserts,1,186.11,Net Banking,In Progress,2022-12-28 09:37:00,3.4,52.0,Mumbai
ORD006564,CUST0349,Veg Manchurian,STARTERS,1,164.43,Debit Card,Pending,2023-09-25 18:31:00,3.0,28.0,Hyderabad
ORD004525,CUST0349,Chocolate Brownie,Desserts,1,119.7,UPI,Delivered,2023-02-24 19:17:00,3.6,42.0,Hyderabad
ORD001457,CUST0747,Strawberry Shake,DRINKS,1,121.61,Net Banking,Delivered,2023-03-02 19:58:00,4.9,15.0,Chennai
ORD004518,CUST0682,Veg Biryani,Main Course,2,523.73,UPI,Cancelled,2023-07-27 08:26:00,4.3,24.0,
ORD001479,CUST0225,Club Sandwich,Sandwiches,1,161.7,UPI,Pending,2023-05-30 21:10:00,2.9,52.0,Delhi
ORD002114,CUST0760,Palak Paneer,Main Course,1,247.68,Digital Wallet,Delivered,2023-04-10 20:33:00,3.3,51.0,Hyderabad
ORD001798,CUST0337,Fresh Lime Soda,Drinks,2,114.92,Cash,Delivered,29/10/2023 14:06,4.2,58.0,Mumbai
ORD005262,CUST0672,Margherita Pizza,Pizza,2,546.26,Credit Card,Delivered,19/11/2022 12:26,4.0,17.0,Chennai
ORD002832,CUST0386,Watermelon Juice,Drinks,3,202.58,,Delivered,2022-10-08 13:00:00,2.7,68.0,Delhi
ORD003934,CUST0703,Gulab Jamun,Desserts,1,76.35,Credit Card,Pending,2023-02-13 08:47:00,2.7,49.0,Hyderabad
ORD001026,CUST0766,Dal Makhani,Main Course,1,230.31,Debit Card,Delivered,2023-07-24 20:03:00,2.6,45.0,Chennai
ORD004903,CUST0721,Chocolate Brownie,Desserts,3,371.61,Net Banking,Cancelled,2022-12-07 13:17:00,3.7,45.0,Bangalore
ORD003663,CUST0743,Cold Coffee,Drinks,1,100.88,UPI,Cancelled,2022-10-21 08:13:00,3.9,72.0,Hyderabad
ORD004341,CUST0175,Chocolate Brownie,Desserts,1,125.56,Net Banking,Cancelled,2023-05-20 13:57:00,2.8,55.0,Bangalore
ORD006661,CUST0345,Chicken Burger,Burgers,2,389.85,,Pending,2023-07-26 12:56:00,4.9,45.0,Delhi
ORD002287,CUST0097,Veg Manchurian,Starters,3,465.56,Cash,Pending,2022-11-18 16:21:00,3.7,25.0,Mumbai
ORD002281,CUST0776,Veg Fried Rice,Main Course,1,192.1,Cash,Delivered,2023-09-24 08:08:00,3.8,22.0,Delhi
ORD005245,CUST0320,Cold Brew Coffee,Drinks,1,153.96,,Cancelled,2022-11-23 19:32:00,2.7,39.0,Pune
ORD004203,CUST0470,Lamb Rogan Josh,Main Course,1,402.8,Credit Card,Delivered,2023-04-10 10:52:00,3.1,37.0,Mumbai
ORD004198,CUST0585,Fish Fingers,Starters,1,218.52,Credit Card,Pending,2023-04-05 20:17:00,3.0,29.0,Pune
ORD002730,CUST0110,Mango Lassi,Drinks,2,156.96,Credit Card,Delivered,2023-04-25 08:36:00,3.1,30.0,Pune
ORD004787,CUST0625,Chicken Fried Rice,Main Course,2,514.85,Credit Card,Delivered,2023-10-10 16:42:00,2.6,46.0,Bangalore
ORD006202,CUST0456,Classic Burger,Burgers,2,343.4,Debit Card,In Progress,2023-05-01 08:27:00,2.8,22.0,Bangalore
ORD005762,CUST0785,Chicken Tikka Masala,MAIN COURSE,5,1645.02,Credit Card,Delivered,2022-10-26 21:55:00,3.8,19.0,Mumbai
ORD005233,CUST0163,Naan,Breads,4,157.55,Digital Wallet,Delivered,2023-01-24 08:57:00,3.6,27.0,Bangalore
ORD002869,CUST0434,Garlic Naan,Breads,1,62.78,UPI,In Progress,19/09/2023 22:14,4.5,61.0,Bangalore
ORD003977,CUST0469,Cheese Burst Burger,Burgers,1,227.96,Cash,Pending,2023-04-26 12:16:00,3.8,15.0,Mumbai
ORD005983,CUST0665,BLT Sandwich,Sandwiches,2,325.07,Credit Card,Pending,2023-03-21 12:52:00,3.7,72.0,
ORD001607,CUST0030,Garlic Bread,Starters,1,88.5,Credit Card,Delivered,2023-04-21 19:39:00,3.3,36.0,Pune
ORD003181,CUST0154,Spring Rolls,Starters,2,232.36,Credit Card,Delivered,2022-10-11 13:18:00,3.4,39.0,Pune
ORD006561,CUST0070,Grilled Sandwich,Sandwiches,1,142.71,Debit Card,In Progress,2023-04-04 14:33:00,3.3,35.0,Delhi
ORD004477,CUST0771,Chocolate Brownie,Desserts,1,116.59,UPI,Delivered,2023-01-19 20:51:00,4.7,64.0,Hyderabad
ORD004254,CUST0461,Tiramisu,Desserts,3,571.64,Debit Card,Delivered,2023-01-18 21:59:00,4.0,52.0,Chennai
ORD004123,CUST0771,Garlic Bread,Starters,2,178.22,Credit Card,Pending,2023-03-15 19:43:00,4.2,39.0,Bangalore
ORD005900,CUST0049,Mutton Curry,Main Course,1,378.61,Digital Wallet,Delivered,2023-04-01 13:21:00,4.8,18.0,Pune
ORD006953,CUST0017,Tiramisu,Desserts,2,388.84,Cash,Delivered,2023-07-24 21:48:00,4.0,41.0,Chennai
ORD006823,CUST0683,Fish Fingers,Starters,2,456.77,Digital Wallet,Delivered,2023-03-27 15:21:00,4.2,22.0,Delhi
ORD001203,CUST0564,Fish Curry,Main Course,1,332.81,Debit Card,Pending,2023-04-16 15:48:00,4.2,22.0,Delhi
ORD001339,CUST0336,Tandoori Roti,Breads,1,30.61,Credit Card,Delivered,2023-08-05 08:53:00,4.3,37.0,Hyderabad
ORD003525,CUST0740,Spring Rolls,Starters,2,248.0,Cash,Pending,2023-10-17 20:38:00,3.0,45.0,
ORD001837,CUST0718,Cheesecake,Desserts,1,176.04,UPI,Cancelled,2023-06-28 18:09:00,4.1,71.0,Chennai
ORD005400,CUST0797,Tiramisu,Desserts,1,205.68,Net Banking,Delivered,2022-12-17 20:35:00,4.0,29.0,Delhi
ORD001387,CUST0659,BBQ Chicken Pizza,Pizza,1,381.29,Debit Card,Cancelled,2023-03-06 19:45:00,4.7,69.0,
ORD006008,CUST0003,Grilled Salmon,Main Course,3,1354.45,UPI,In Progress,2023-05-05 20:41:00,5.0,20.0,Delhi
ORD006557,CUST0540,Farmhouse Pizza,Pizza,1,322.88,Debit Card,Pending,2023-07-16 08:52:00,4.9,74.0,Chennai
ORD005384,CUST0396,Watermelon Juice,Drinks,2,136.14,Debit Card,In Progress,2023-08-01 12:29:00,3.5,58.0,Mumbai
ORD003584,CUST0431,Club Sandwich,Sandwiches,2,328.28,Credit Card,Delivered,2023-06-17 09:29:00,3.9,15.0,Hyderabad
ORD001106,CUST0602,Spring Rolls,Starters,4,488.53,,In Progress,2022-12-20 08:22:00,4.9,59.0,Bangalore
ORD006863,CUST0266,Lamb Rogan Josh,Main Course,2,777.96,Cash,Delivered,2023-01-06 09:22:00,4.9,74.0,Delhi
ORD003458,CUST0399,Pepperoni Pizza,Pizza,1,344.59,Digital Wallet,Delivered,2023-03-21 20:32:00,3.6,63.0,Mumbai
ORD004050,CUST0458,Ice Cream Sundae,Desserts,1,146.69,Cash,Pending,2023-07-29 12:48:00,4.0,28.0,Chennai
ORD006749,CUST0413,Bruschetta,Starters,1,131.06,Digital Wallet,Cancelled,2022-12-25 13:54:00,2.6,58.0,Delhi
ORD004491,CUST0581,Rasgulla,Desserts,1,71.3,Debit Card,In Progress,2023-02-21 22:54:00,3.5,42.0,Mumbai
ORD002760,CUST0520,Dal Makhani,Main Course,2,452.69,UPI,Cancelled,2023-03-10 13:02:00,2.6,53.0,Mumbai
ORD005585,CUST0551,Paratha,Breads,3,147.21,Cash,Pending,2023-09-25 12:58:00,4.0,66.0,Hyderabad
ORD005842,CUST0551,Naan,Breads,3,115.08,UPI,Delivered,2023-05-14 22:37:00,3.8,70.0,Pune
ORD001677,CUST0711,Paneer Tikka,Starters,4,816.54,UPI,In Progress,2023-07-31 21:26:00,2.8,24.0,Pune
ORD002615,CUST0444,Veg Fried Rice,Main Course,1,201.98,Digital Wallet,Delivered,2023-02-25 14:04:00,3.5,50.0,Mumbai
ORD003191,CUST0078,Gulab Jamun,Desserts,1,82.11,Debit Card,In Progress,2023-01-01 08:24:00,,47.0,Mumbai
ORD006690,CUST0084,Fresh Lime Soda,Drinks,2,114.23,Cash,Cancelled,2023-04-03 19:27:00,3.8,41.0,Bangalore
ORD001061,CUST0389,Chicken Soup,Starters,1,147.41,,Cancelled,2023-05-21 12:48:00,3.1,20.0,
ORD003845,CUST0615,Veg Burger,Burgers,1,156.78,Credit Card,Pending,2022-11-03 12:56:00,4.2,54.0,Pune
ORD002789,CUST0244,Club Sandwich,Sandwiches,1,157.87,UPI,Cancelled,2022-10-11 20:21:00,3.6,65.0,Pune
ORD006312,CUST0398,Classic Burger,Burgers,1,181.06,Digital Wallet,Delivered,2023-10-21 08:40:00,4.9,17.0,Bangalore
ORD006179,CUST0625,Palak Paneer,Main Course,2,524.29,Cash,Delivered,2023-08-16 08:57:00,3.1,17.0,Chennai
ORD002543,CUST0499,Veg Biryani,Main Course,2,502.23,Digital Wallet,In Progress,2023-07-09 12:12:00,3.7,42.0,Delhi
ORD001790,CUST0391,Chicken Fried Rice,Main Course,3,773.24,Debit Card,Cancelled,2022-10-03 12:39:00,4.2,23.0,Chennai
ORD004332,CUST0610,Veg Manchurian,Starters,1,164.43,UPI,Delivered,2023-01-12 13:33:00,2.5,47.0,Delhi
ORD004276,CUST0679,Veg Manchurian,Starters,2,323.07,Net Banking,In Progress,2022-10-08 09:18:00,3.3,46.0,Mumbai
ORD006487,CUST0242,Tandoori Roti,Breads,2,62.69,Digital Wallet,Pending,01/11/2022 09:55,3.1,40.0,Chennai
ORD005817,CUST0507,BBQ Chicken Pizza,Pizza,1,379.64,Digital Wallet,Pending,2023-08-12 12:09:00,4.7,70.0,Pune
ORD006140,CUST0277,Strawberry Shake,Drinks,4,492.76,Credit Card,Delivered,2022-12-31 20:29:00,2.8,65.0,Bangalore
ORD004433,CUST0459,Bruschetta,Starters,1,131.77,Cash,Delivered,2022-12-04 09:22:00,4.3,,Bangalore
ORD002359,CUST0072,Fresh Lime Soda,Drinks,3,186.7,,In Progress,2022-12-21 12:46:00,2.6,58.0,Hyderabad
ORD003836,CUST0518,Garlic Bread,Starters,1,87.77,UPI,In Progress,2023-02-02 21:45:00,3.5,33.0,Pune
ORD005441,CUST0436,Farmhouse Pizza,Pizza,2,651.74,Digital Wallet,Delivered,2023-06-14 10:55:00,3.6,25.0,Delhi
ORD006672,CUST0071,Paneer Butter Masala,Main Course,2,581.61,Credit Card,Delivered,2023-06-01 08:59:00,4.9,71.0,Chennai
ORD005087,CUST0376,Paneer Butter Masala,Main Course,4,1150.05,Cash,Delivered,2023-04-12 12:07:00,4.1,22.0,Hyderabad
ORD002536,CUST0635,Paratha,BREADS,1,47.81,UPI,Delivered,2023-03-26 21:03:00,4.2,72.0,Pune
ORD001733,CUST0068,Paratha,Breads,2,95.59,Debit Card,In Progress,2022-11-30 21:02:00,2.5,21.0,Mumbai
ORD006498,CUST0278,Veg Supreme Pizza,Pizza,2,588.6,Cash,Delivered,2023-08-01 09:28:00,2.8,61.0,Pune
ORD005594,CUST0565,Ice Cream Sundae,Desserts,1,147.92,Digital Wallet,Pending,2022-10-10 12:57:00,2.9,33.0,Hyderabad
ORD004614,CUST0083,Mutton Curry,Main Course,2,765.0,Digital Wallet,Delivered,2023-09-14 21:33:00,,17.0,Pune
ORD006137,CUST0215,Cheese Burst Burger,BURGERS,1,209.76,Cash,Pending,23/06/2023 12:55,4.2,30.0,
ORD002918,CUST0364,Garlic Bread,Starters,2,174.27,UPI,Cancelled,2023-06-30 21:43:00,,53.0,Bangalore
ORD003328,CUST0528,Veg Manchurian,Starters,1,152.81,Debit Card,In Progress,2023-08-02 20:37:00,3.0,42.0,Mumbai
ORD001527,CUST0388,Palak Paneer,Main Course,2,506.99,Credit Card,Delivered,2023-10-02 20:24:00,2.7,55.0,Delhi
ORD002870,CUST0528,Watermelon Juice,Drinks,2,135.1,Net Banking,In Progress,2022-10-04 09:54:00,2.9,38.0,Bangalore
ORD006371,CUST0510,BBQ Chicken Pizza,Pizza,2,737.0,Digital Wallet,Delivered,2022-11-03 08:52:00,4.1,32.0,Mumbai
ORD003291,CUST0461,Spring Rolls,Starters,1,116.81,Cash,Delivered,2023-04-26 12:30:00,2.7,60.0,Mumbai
ORD004039,CUST0649,Chocolate Brownie,Desserts,2,231.34,Debit Card,Cancelled,2023-08-21 19:59:00,2.8,23.0,Chennai
ORD003876,CUST0521,Butter Chicken,Main Course,3,957.39,Digital Wallet,Delivered,2023-06-26 14:59:00,3.1,64.0,Pune
ORD005626,CUST0198,Veg Fried Rice,Main Course,2,391.52,,Cancelled,2022-11-03 17:24:00,4.0,16.0,Pune
ORD001803,CUST0158,Bruschetta,Starters,1,133.63,Cash,Delivered,2023-02-23 19:41:00,3.7,42.0,Pune
ORD001857,CUST0282,Kheer,Desserts,4,346.33,Credit Card,Delivered,2023-06-30 10:01:00,4.6,68.0,Chennai
ORD003002,CUST0403,Margherita Pizza,Pizza,1,273.52,Debit Card,Delivered,2022-11-07 08:41:00,4.7,60.0,Mumbai
ORD005558,CUST0657,Chicken Soup,Starters,5,772.02,Cash,Pending,24/01/2023 21:57,3.4,59.0,Pune
ORD003812,CUST0585,Tandoori Roti,Breads,5,150.26,,Cancelled,2023-05-05 09:36:00,3.6,52.0,Pune
ORD004984,CUST0550,Onion Rings,Starters,4,444.04,Debit Card,Delivered,2023-04-20 20:43:00,,70.0,Bangalore
ORD005724,CUST0766,Mango Lassi,Drinks,2,160.07,Net Banking,Cancelled,2022-10-16 13:27:00,3.2,35.0,Pune
ORD005002,CUST0722,Chicken Fried Rice,Main Course,1,244.7,Digital Wallet,Delivered,2023-05-17 14:13:00,4.6,53.0,Chennai
ORD005830,CUST0284,Chicken Tikka Masala,Main Course,1,334.88,Cash,In Progress,2023-03-23 14:38:00,4.9,70.0,Mumbai
ORD001219,CUST0417,Tandoori Roti,Breads,2,57.82,Net Banking,Cancelled,2023-07-09 22:10:00,3.7,27.0,Bangalore
ORD004611,CUST0077,Tiramisu,Desserts,1,192.18,Debit Card,Delivered,19/02/2023 21:41,4.5,49.0,Hyderabad
ORD002288,CUST0198,Kheer,Desserts,1,90.53,Debit Card,Delivered,2023-01-24 12:00:00,4.6,70.0,Hyderabad
ORD002115,CUST0053,Cold Brew Coffee,Drinks,1,157.1,Digital Wallet,Cancelled,2023-01-07 18:25:00,2.8,55.0,Hyderabad
ORD001582,CUST0620,Margherita Pizza,Pizza,1,268.23,UPI,In Progress,2023-06-02 09:54:00,4.1,26.0,Hyderabad
ORD004226,CUST0311,Lamb Rogan Josh,Main Course,1,404.3,Credit Card,Delivered,2023-04-06 20:13:00,3.8,73.0,Pune
ORD001043,CUST0119,Butter Chicken,Main Course,1,329.17,UPI,Pending,2023-05-12 18:32:00,3.0,17.0,Pune
ORD004657,CUST0633,Bruschetta,Starters,3,395.68,Credit Card,Delivered,2023-04-04 21:28:00,4.4,46.0,Hyderabad
ORD002657,CUST0646,Fresh Lime Soda,Drinks,3,181.11,Digital Wallet,Delivered,2022-10-31 08:13:00,2.6,40.0,Bangalore
ORD004133,CUST0724,Mushroom Risotto,Main Course,1,294.91,UPI,Pending,2023-06-20 21:37:00,3.9,74.0,Delhi
ORD005101,CUST0405,Paratha,Breads,2,96.41,UPI,Pending,2022-10-19 20:39:00,4.0,55.0,Hyderabad
ORD004077,CUST0622,Cheesecake,Desserts,1,173.86,Debit Card,Cancelled,2023-01-02 13:13:00,3.7,47.0,Bangalore
ORD004910,CUST0107,Butter Chicken,Main Course,2,617.17,Net Banking,Cancelled,2022-12-09 13:57:00,3.2,22.0,Pune
ORD003829,CUST0289,Chocolate Brownie,Desserts,2,236.8,Credit Card,In Progress,22/12/2022 21:53,3.4,60.0,Bangalore
ORD002699,CUST0493,Fish Curry,Main Course,1,349.04,Net Banking,Pending,01/07/2023 13:07,3.2,20.0,Bangalore
ORD006299,CUST0251,Chicken Biryani,Main Course,1,343.78,Credit Card,In Progress,2022-10-05 21:23:00,4.8,62.0,Pune
ORD002224,CUST0315,Mushroom Risotto,Main Course,1,304.59,Digital Wallet,In Progress,2023-10-31 18:07:00,3.3,31.0,Delhi
ORD003858,CUST0350,Chicken Biryani,Main Course,1,343.63,Digital Wallet,Cancelled,2023-07-02 09:20:00,3.7,24.0,Hyderabad
ORD003045,CUST0631,Gulab Jamun,Desserts,2,166.56,Digital Wallet,Delivered,2023-01-22 22:21:00,4.9,37.0,
ORD002071,CUST0565,Fish Fingers,Starters,1,216.69,UPI,Delivered,2022-12-11 12:09:00,3.0,29.0,
ORD001718,CUST0474,Chicken Tikka Masala,Main Course,1,327.01,Net Banking,Pending,2023-02-17 13:35:00,4.4,23.0,Delhi
ORD005397,CUST0718,Rasgulla,Desserts,2,143.39,Net Banking,In Progress,2022-11-04 15:11:00,3.4,61.0,
ORD003932,CUST0081,Mojito,Drinks,2,263.66,Debit Card,Pending,2023-04-24 19:44:00,4.9,62.0,Delhi
ORD001670,CUST0153,BBQ Chicken Pizza,PIZZA,2,736.92,Net Banking,Pending,2023-09-13 21:34:00,3.1,19.0,Mumbai
ORD004975,CUST0199,Paneer Butter Masala,Main Course,2,545.76,Cash,Pending,2022-11-14 12:03:00,4.2,51.0,Delhi
ORD004165,CUST0081,Chicken Burger,Burgers,2,400.26,Net Banking,Delivered,2023-05-30 08:20:00,2.9,46.0,Bangalore
ORD005810,CUST0222,Chicken Burger,Burgers,1,206.25,UPI,Cancelled,2023-01-08 20:51:00,4.6,,Pune
ORD001147,CUST0578,BLT Sandwich,Sandwiches,1,177.67,Digital Wallet,Cancelled,2023-08-18 14:48:00,4.2,71.0,Chennai
ORD003948,CUST0601,Garlic Bread,Starters,2,188.42,Digital Wallet,Delivered,2023-01-29 19:58:00,,69.0,Bangalore
ORD001897,CUST0204,Pepperoni Pizza,Pizza,1,353.0,Credit Card,Delivered,2023-10-27 13:01:00,2.9,71.0,Bangalore
ORD002258,CUST0741,Veg Supreme Pizza,Pizza,1,290.96,Net Banking,Delivered,2022-11-15 21:54:00,2.5,19.0,
ORD005563,CUST0107,Chicken Fried Rice,Main Course,1,250.63,Credit Card,Delivered,2023-02-25 19:56:00,2.8,61.0,Delhi
ORD001095,CUST0072,Lamb Rogan Josh,Main Course,1,403.98,Debit Card,Cancelled,2023-10-18 21:55:00,3.3,65.0,
ORD003251,CUST0446,Chocolate Brownie,Desserts,2,239.41,Credit Card,Delivered,2022-10-05 12:35:00,4.2,35.0,Delhi
ORD003718,CUST0713,Paneer Butter Masala,Main Course,5,1359.33,UPI,Pending,2023-01-10 08:03:00,5.0,21.0,Hyderabad
ORD003287,CUST0773,Cheesecake,Desserts,4,720.66,Debit Card,Delivered,2023-10-27 12:20:00,4.6,30.0,Bangalore
ORD001842,CUST0006,Mutton Curry,Main Course,3,1190.31,UPI,Delivered,2023-05-18 12:47:00,5.0,66.0,Pune
ORD002860,CUST0527,Palak Paneer,Main Course,3,741.52,Digital Wallet,Pending,03/04/2023 09:54,4.6,37.0,Hyderabad
ORD006996,CUST0784,Grilled Sandwich,Sandwiches,5,689.04,Debit Card,Delivered,2022-10-12 08:03:00,3.2,37.0,Hyderabad
ORD006023,CUST0786,Onion Rings,Starters,2,218.51,Net Banking,Pending,2023-04-04 19:37:00,3.2,63.0,Pune
ORD006522,CUST0229,Chicken Burger,Burgers,2,413.73,Debit Card,In Progress,2022-11-04 13:22:00,4.1,60.0,Bangalore
ORD006296,CUST0580,Chocolate Brownie,Desserts,5,621.45,Debit Card,Delivered,2022-11-03 16:52:00,3.6,65.0,Chennai
ORD004268,CUST0737,Veg Biryani,MAIN COURSE,2,514.01,UPI,In Progress,2023-04-25 22:13:00,2.8,62.0,Chennai
ORD005614,CUST0311,Kheer,Desserts,2,185.84,Debit Card,Cancelled,2023-05-01 14:42:00,3.7,45.0,Mumbai
ORD001322,CUST0624,Bruschetta,Starters,1,124.62,Cash,Delivered,2023-05-11 09:39:00,4.2,57.0,Pune
ORD005396,CUST0549,Cold Coffee,Drinks,2,193.13,Debit Card,Delivered,2023-02-05 13:34:00,3.4,45.0,Mumbai
ORD005812,CUST0658,Paneer Butter Masala,Main Course,1,274.23,Cash,In Progress,2023-04-26 12:38:00,3.1,20.0,Hyderabad
ORD005299,CUST0732,Garlic Naan,Breads,2,119.95,UPI,Delivered,2022-12-01 16:12:00,4.4,21.0,Hyderabad
ORD001334,CUST0045,Naan,Breads,2,83.69,Credit Card,Pending,2022-12-12 19:05:00,3.5,72.0,Bangalore
ORD003865,CUST0649,Paratha,Breads,1,48.12,Cash,Delivered,2023-10-10 21:21:00,4.1,40.0,Pune
ORD001332,CUST0420,Paratha,Breads,3,150.7,Cash,Delivered,2023-02-03 09:59:00,,55.0,Pune
ORD001833,CUST0470,Chicken Tikka Masala,Main Course,2,642.06,Digital Wallet,In Progress,2023-05-08 13:26:00,3.4,16.0,Hyderabad
ORD003589,CUST0612,BLT Sandwich,Sandwiches,2,333.71,Net Banking,In Progress,2023-03-10 08:18:00,3.0,67.0,Hyderabad
ORD005273,CUST0664,BBQ Chicken Pizza,Pizza,2,741.72,Digital Wallet,Delivered,2023-05-24 12:16:00,3.1,30.0,Hyderabad
ORD004882,CUST0308,Fresh Lime Soda,Drinks,1,58.64,UPI,Delivered,2023-05-10 09:18:00,4.2,51.0,Chennai
ORD003225,CUST0122,Chicken Biryani,Main Course,2,721.43,Cash,Delivered,2022-10-06 12:10:00,3.5,44.0,Mumbai
ORD003627,CUST0459,Mango Lassi,Drinks,1,78.18,Cash,In Progress,2023-10-01 16:40:00,4.7,32.0,Hyderabad
ORD001731,CUST0129,Cold Brew Coffee,Drinks,1,155.35,Credit Card,Delivered,2022-12-12 19:19:00,5.0,42.0,Pune
ORD003542,CUST0567,Cheese Burst Burger,Burgers,3,651.99,Debit Card,Pending,2022-11-19 12:17:00,2.6,25.0,Hyderabad
ORD001291,CUST0398,Veg Biryani,Main Course,1,250.04,UPI,Pending,2023-04-10 19:32:00,2.8,39.0,Hyderabad
ORD001184,CUST0512,Watermelon Juice,Drinks,2,136.49,Digital Wallet,Cancelled,2022-11-28 08:11:00,4.8,22.0,Bangalore
ORD005771,CUST0731,Kheer,Desserts,2,174.34,Net Banking,Delivered,2023-04-26 10:16:00,2.8,36.0,Hyderabad
ORD006833,CUST0384,BLT Sandwich,Sandwiches,2,323.53,UPI,In Progress,2022-10-03 14:36:00,2.8,,Bangalore
ORD006950,CUST0032,Tandoori Roti,Breads,1,29.2,Credit Card,Pending,2022-10-01 22:35:00,2.9,,Delhi
ORD001533,CUST0013,Chicken Fried Rice,Main Course,2,484.08,Cash,In Progress,2023-02-06 20:53:00,3.1,64.0,Hyderabad
ORD003894,CUST0442,Onion Rings,Starters,4,436.65,Credit Card,Delivered,2023-01-28 08:53:00,4.5,30.0,Chennai
ORD004942,CUST0460,Tandoori Roti,BREADS,3,93.79,Debit Card,Delivered,2023-10-02 20:24:00,3.6,72.0,Pune
ORD003145,CUST0618,Cheesecake,Desserts,3,529.49,Digital Wallet,Delivered,2022-12-02 13:59:00,4.4,30.0,Pune
ORD005475,CUST0371,Mango Lassi,Drinks,2,99999.0,Credit Card,Cancelled,2022-12-07 21:40:00,3.3,38.0,Hyderabad
ORD001657,CUST0580,Veg Biryani,Main Course,4,1001.51,Credit Card,Delivered,2023-09-02 20:41:00,4.2,31.0,Bangalore
ORD002255,CUST0705,Veg Burger,Burgers,2,307.07,Debit Card,Delivered,2023-09-10 20:45:00,3.6,74.0,Pune
ORD003554,CUST0043,Naan,Breads,1,38.45,Cash,Pending,2023-08-29 20:25:00,4.3,42.0,Mumbai
ORD003550,CUST0009,Mushroom Risotto,Main Course,1,286.25,Debit Card,Delivered,2023-04-21 12:53:00,,48.0,Pune
ORD003534,CUST0619,Fresh Lime Soda,Drinks,1,58.66,Net Banking,Pending,2022-10-10 22:15:00,2.9,20.0,Chennai
ORD005944,CUST0663,Chicken Fried Rice,Main Course,2,495.13,Digital Wallet,Cancelled,2023-01-18 20:34:00,4.3,45.0,Delhi
ORD001898,CUST0023,Cold Brew Coffee,Drinks,3,442.79,Credit Card,Delivered,2023-07-11 12:12:00,4.8,16.0,Pune
ORD001428,CUST0196,Garlic Naan,Breads,2,116.25,,Delivered,2023-04-20 11:52:00,2.8,41.0,Mumbai
ORD005173,CUST0178,Veg Burger,Burgers,1,157.16,,In Progress,2023-06-09 18:45:00,4.0,16.0,Delhi
ORD003465,CUST0425,BBQ Chicken Pizza,Pizza,3,1161.4,UPI,Delivered,2023-03-29 21:16:00,4.2,39.0,Delhi
ORD006852,CUST0376,Cheesecake,Desserts,1,175.87,Debit Card,Delivered,2023-05-16 13:25:00,2.9,69.0,
ORD002436,CUST0144,Veg Fried Rice,Main Course,1,197.01,UPI,Delivered,24/01/2023 21:17,4.3,52.0,
ORD006482,CUST0655,Chicken Soup,Starters,4,585.78,Net Banking,Pending,2023-07-25 08:23:00,3.1,33.0,Mumbai
ORD002222,CUST0244,Cheesecake,Desserts,1,188.29,Credit Card,Delivered,2023-05-28 20:59:00,3.2,58.0,Bangalore
ORD002684,CUST0581,Farmhouse Pizza,Pizza,5,1587.58,Net Banking,Delivered,2023-03-11 21:48:00,2.5,65.0,Delhi
ORD002905,CUST0134,Paneer Tikka,Starters,2,401.59,Credit Card,Delivered,2023-04-17 12:59:00,3.1,19.0,Pune
ORD005489,CUST0087,Club Sandwich,Sandwiches,1,155.94,Cash,In Progress,2022-11-14 21:37:00,3.4,42.0,Mumbai
ORD002643,CUST0759,Cold Coffee,Drinks,1,95.92,Credit Card,Delivered,2022-10-27 17:50:00,3.9,75.0,
ORD005447,CUST0294,Classic Burger,Burgers,1,171.38,Cash,Delivered,2023-02-25 21:01:00,2.6,44.0,Pune
ORD006715,CUST0600,Gulab Jamun,Desserts,1,81.88,UPI,Delivered,16/09/2023 16:12,4.4,63.0,Mumbai
ORD005742,CUST0086,Pepperoni Pizza,Pizza,1,353.67,Cash,Delivered,2022-10-19 17:54:00,4.0,42.0,Hyderabad
ORD003910,CUST0609,Strawberry Shake,Drinks,3,353.15,,Pending,2023-03-27 21:10:00,3.5,63.0,Hyderabad
ORD003505,CUST0581,Kheer,Desserts,2,181.54,UPI,In Progress,2022-12-06 13:19:00,4.8,23.0,
ORD004375,CUST0427,Bruschetta,Starters,1,123.55,Debit Card,Cancelled,2023-09-22 19:17:00,3.7,64.0,Mumbai
ORD004012,CUST0726,Garlic Bread,Starters,1,91.36,Digital Wallet,Delivered,2023-04-15 16:09:00,4.4,60.0,Delhi
ORD003916,CUST0010,Rasgulla,Desserts,1,67.35,Credit Card,Pending,2023-08-23 13:26:00,3.9,57.0,Pune
ORD006471,CUST0238,Veg Fried Rice,Main Course,1,195.03,Cash,Cancelled,2023-05-25 13:59:00,4.5,57.0,Hyderabad
ORD003732,CUST0137,Rasgulla,DESSERTS,2,143.14,Net Banking,Delivered,2023-05-22 09:25:00,3.5,,Bangalore
ORD006003,CUST0418,Fish Fingers,Starters,4,923.23,Debit Card,Delivered,2023-02-03 19:40:00,3.0,55.0,Hyderabad
ORD005963,CUST0711,Chicken Fried Rice,Main Course,1,238.02,Debit Card,Cancelled,2023-09-20 09:18:00,,59.0,Chennai
ORD005127,CUST0289,BLT Sandwich,Sandwiches,3,496.3,Cash,Pending,2023-06-16 20:18:00,4.1,,Hyderabad
ORD004586,CUST0380,Grilled Sandwich,Sandwiches,1,133.83,Cash,Cancelled,2023-04-17 18:53:00,3.3,58.0,Mumbai
ORD002410,CUST0008,Chocolate Brownie,Desserts,1,117.06,UPI,Cancelled,2022-11-27 21:01:00,3.5,69.0,Mumbai
ORD005383,CUST0778,Veg Burger,Burgers,2,294.61,Cash,In Progress,2022-10-06 14:35:00,2.6,46.0,Delhi
ORD005574,CUST0783,Mango Lassi,Drinks,3,240.84,Credit Card,Delivered,2023-06-09 14:35:00,3.8,62.0,Bangalore
ORD003358,CUST0319,Chocolate Brownie,Desserts,5,580.9,Credit Card,In Progress,2022-12-22 20:23:00,4.4,20.0,Pune
ORD004250,CUST0119,Cold Coffee,Drinks,4,407.9,UPI,Pending,2023-01-27 09:40:00,4.2,34.0,Bangalore
ORD001192,CUST0291,Cold Coffee,Drinks,1,102.09,Cash,Delivered,2023-03-27 21:33:00,3.0,50.0,Bangalore
ORD006261,CUST0090,Mushroom Risotto,Main Course,2,608.74,Digital Wallet,Delivered,2023-02-06 12:48:00,,46.0,Chennai
ORD002126,CUST0031,Cheesecake,Desserts,2,347.48,Debit Card,Delivered,2023-04-05 09:13:00,3.0,61.0,Pune
ORD003622,CUST0187,Veg Burger,Burgers,3,447.46,Digital Wallet,Delivered,2023-09-24 08:25:00,4.1,56.0,
ORD005803,CUST0061,Gulab Jamun,Desserts,1,79.47,Debit Card,Delivered,2023-05-24 08:36:00,2.8,57.0,Chennai
ORD005392,CUST0714,BLT Sandwich,Sandwiches,1,174.24,Cash,Delivered,2023-04-19 13:30:00,3.4,48.0,Chennai
ORD004535,CUST0105,Grilled Salmon,Main Course,2,870.9,Cash,Delivered,2023-03-22 20:13:00,4.5,60.0,Hyderabad
ORD001304,CUST0651,BBQ Chicken Pizza,Pizza,1,380.14,Net Banking,In Progress,2023-10-11 09:29:00,3.4,19.0,Chennai
ORD002978,CUST0158,Veg Burger,Burgers,4,620.73,Net Banking,Cancelled,2022-11-09 09:12:00,3.2,49.0,Chennai
ORD002292,CUST0630,Paratha,Breads,1,51.42,Credit Card,Delivered,2023-01-19 09:51:00,2.9,70.0,Mumbai
ORD001070,CUST0187,Pasta Arrabbiata,Main Course,2,474.19,UPI,Delivered,2022-10-15 14:20:00,3.4,31.0,Bangalore
ORD003164,CUST0138,Rasgulla,Desserts,5,354.33,Debit Card,Cancelled,2023-01-28 08:01:00,3.9,21.0,Delhi
ORD002305,CUST0274,BBQ Chicken Pizza,Pizza,1,358.64,Cash,Delivered,2023-10-25 15:46:00,3.6,32.0,Chennai
ORD006186,CUST0377,Tandoori Roti,Breads,3,92.21,Debit Card,In Progress,2022-11-01 21:55:00,3.5,56.0,Bangalore
ORD005103,CUST0174,Gulab Jamun,Desserts,1,76.11,Credit Card,In Progress,2023-06-01 11:31:00,,73.0,Hyderabad
ORD005118,CUST0703,Club Sandwich,Sandwiches,2,324.31,UPI,Delivered,29/12/2022 19:36,4.7,28.0,Chennai
ORD005668,CUST0006,Veg Biryani,Main Course,2,520.26,UPI,Cancelled,2023-02-28 09:58:00,4.1,,Hyderabad
ORD002340,CUST0268,Cheesecake,Desserts,3,536.41,Debit Card,Pending,2022-11-29 20:36:00,3.8,69.0,Delhi
ORD001831,CUST0426,Chicken Soup,Starters,1,154.79,Cash,Delivered,2022-12-02 20:28:00,4.6,45.0,Bangalore
ORD004458,CUST0009,Cheesecake,Desserts,3,548.39,Cash,Pending,2022-12-18 12:26:00,4.8,20.0,Mumbai
ORD002456,CUST0301,Garlic Bread,Starters,1,86.7,Digital Wallet,Pending,2023-04-16 09:47:00,4.9,35.0,Delhi
ORD006837,CUST0668,Garlic Naan,Breads,2,124.29,Cash,Pending,2023-10-01 09:12:00,4.0,44.0,Mumbai
ORD004315,CUST0010,Fresh Lime Soda,Drinks,2,124.03,Credit Card,Delivered,2023-05-30 19:19:00,4.6,31.0,
ORD001238,CUST0283,Chicken Soup,Starters,2,9999.0,Credit Card,In Progress,2023-02-04 13:09:00,4.4,17.0,Pune
ORD001092,CUST0497,Veg Manchurian,Starters,1,160.79,Cash,Delivered,2023-02-25 13:44:00,4.9,53.0,Delhi
ORD003678,CUST0309,Grilled Sandwich,Sandwiches,1,142.4,Credit Card,Delivered,2023-08-20 15:27:00,4.4,68.0,
ORD002630,CUST0024,Pepperoni Pizza,Pizza,3,1094.92,Digital Wallet,Pending,2023-03-31 20:09:00,3.3,29.0,Delhi
ORD003543,CUST0034,Tiramisu,Desserts,1,203.16,Debit Card,Cancelled,2022-11-27 18:25:00,4.5,58.0,Delhi
ORD003985,CUST0018,Cold Brew Coffee,Drinks,2,285.56,Net Banking,Delivered,2023-02-20 12:58:00,4.5,41.0,Pune
ORD004010,CUST0320,Tandoori Roti,Breads,1,31.38,Net Banking,Delivered,2023-02-19 13:04:00,3.7,42.0,Mumbai
ORD006047,CUST0795,Egg Curry,Main Course,1,175.71,Digital Wallet,Cancelled,2023-03-27 10:45:00,4.5,65.0,Pune
ORD004513,CUST0062,Lamb Rogan Josh,Main Course,2,837.43,Digital Wallet,Cancelled,2023-07-26 21:15:00,3.4,34.0,Delhi
ORD002001,CUST0519,Pepperoni Pizza,Pizza,1,352.19,,Delivered,2023-10-21 08:07:00,4.9,25.0,Hyderabad
ORD003086,CUST0289,Dal Makhani,Main Course,1,221.31,UPI,Delivered,2023-01-31 21:46:00,4.7,57.0,Mumbai
ORD006879,CUST0631,Egg Curry,Main Course,2,356.58,Debit Card,Cancelled,22/10/2023 08:44,3.0,54.0,Hyderabad
ORD006712,CUST0626,Onion Rings,Starters,1,108.56,Net Banking,In Progress,2023-05-23 20:08:00,4.9,54.0,Hyderabad
ORD003018,CUST0006,Pepperoni Pizza,Pizza,4,1415.54,Cash,Delivered,2023-10-05 21:17:00,,56.0,Chennai
ORD002504,CUST0749,Ice Cream Sundae,Desserts,2,311.38,Credit Card,Cancelled,2023-01-23 09:40:00,5.0,71.0,Delhi
ORD001957,CUST0060,Fish Curry,Main Course,1,347.11,Net Banking,Cancelled,2023-08-22 19:44:00,4.8,62.0,Delhi
ORD004880,CUST0455,BLT Sandwich,Sandwiches,5,873.99,Debit Card,In Progress,2023-03-01 13:44:00,3.7,59.0,Mumbai
ORD005930,CUST0190,Cold Coffee,Drinks,2,198.04,Net Banking,Cancelled,2023-06-08 13:37:00,3.0,59.0,Hyderabad
ORD006292,CUST0454,Cheesecake,Desserts,2,343.53,Cash,In Progress,2023-09-17 13:25:00,3.2,57.0,Chennai
ORD002532,CUST0063,Mojito,Drinks,1,127.24,UPI,Delivered,2023-09-12 18:55:00,3.8,20.0,Delhi
ORD002777,CUST0126,Cheese Burst Burger,Burgers,1,220.58,UPI,In Progress,2023-07-28 12:45:00,3.1,24.0,Mumbai
ORD005466,CUST0789,Veg Burger,Burgers,4,580.35,Debit Card,Cancelled,2022-11-12 12:58:00,2.7,41.0,Bangalore
ORD001411,CUST0741,Fish Fingers,Starters,2,424.56,Net Banking,Delivered,2022-11-16 20:04:00,4.8,56.0,Delhi
ORD002405,CUST0357,BBQ Chicken Pizza,Pizza,2,772.89,Cash,Delivered,21/10/2022 20:34,4.7,74.0,
ORD006107,CUST0408,Lamb Rogan Josh,Main Course,4,1587.34,Debit Card,In Progress,2023-07-10 21:33:00,3.9,16.0,Hyderabad
ORD006815,CUST0650,Onion Rings,Starters,1,113.12,Net Banking,Cancelled,2023-09-07 12:49:00,3.0,74.0,Hyderabad
ORD002864,CUST0312,Chicken Biryani,Main Course,3,1085.87,,Delivered,2023-02-25 10:08:00,,66.0,Pune
ORD004407,CUST0185,Veg Burger,Burgers,3,468.85,Cash,Delivered,2023-09-15 14:50:00,3.6,44.0,Delhi
ORD005586,CUST0446,Ice Cream Sundae,Desserts,2,309.02,Debit Card,In Progress,2023-10-18 12:20:00,3.6,62.0,Pune
ORD004112,CUST0079,Veg Biryani,Main Course,1,256.74,Cash,Pending,2023-03-12 12:59:00,2.7,64.0,Pune
ORD004866,CUST0465,Bruschetta,Starters,4,522.82,UPI,Cancelled,2023-10-02 16:54:00,3.7,43.0,
ORD002034,CUST0197,Chicken Fried Rice,Main Course,2,486.47,Credit Card,Cancelled,2022-12-07 13:17:00,2.5,27.0,Mumbai
ORD003781,CUST0642,Mango Lassi,Drinks,1,77.15,Digital Wallet,Cancelled,2023-05-12 12:42:00,3.4,28.0,Delhi
ORD006588,CUST0181,Egg Curry,Main Course,2,373.17,Cash,Delivered,25/01/2023 21:59,4.0,19.0,Chennai
ORD003072,CUST0344,Farmhouse Pizza,Pizza,1,328.86,Cash,Cancelled,2022-12-06 15:26:00,3.1,27.0,Mumbai
ORD001931,CUST0070,Bruschetta,Starters,4,511.01,Cash,Pending,2023-10-19 13:29:00,4.1,60.0,Hyderabad
ORD006524,CUST0256,Cheesecake,Desserts,2,359.88,Cash,Delivered,2023-03-04 20:29:00,2.7,72.0,Chennai
ORD004400,CUST0073,Chicken Tikka Masala,Main Course,5,1717.82,Digital Wallet,Delivered,2023-06-23 13:44:00,3.5,42.0,Chennai
ORD001633,CUST0131,Spring Rolls,Starters,5,604.96,Debit Card,Delivered,2023-08-10 22:25:00,3.4,50.0,Mumbai
ORD002744,CUST0780,Kheer,Desserts,3,276.05,Debit Card,In Progress,2023-04-06 19:56:00,,59.0,
ORD001498,CUST0551,Strawberry Shake,Drinks,1,125.36,Digital Wallet,Delivered,2023-06-20 21:56:00,4.2,39.0,Chennai
ORD001937,CUST0426,Veg Burger,Burgers,3,464.87,,Delivered,2022-12-25 19:02:00,4.5,35.0,Chennai
ORD001415,CUST0171,Club Sandwich,Sandwiches,3,489.12,Cash,Delivered,2023-06-02 20:41:00,4.2,,Delhi
ORD003377,CUST0720,Ice Cream Sundae,Desserts,2,292.74,Net Banking,In Progress,2022-12-20 12:13:00,2.8,49.0,Delhi
ORD006665,CUST0451,Garlic Bread,Starters,1,92.15,Net Banking,Pending,2023-08-29 08:22:00,3.9,39.0,Delhi
ORD004455,CUST0240,Mango Lassi,Drinks,3,232.15,Debit Card,In Progress,2023-01-11 22:27:00,4.6,65.0,Mumbai
ORD004693,CUST0675,Classic Burger,Burgers,3,548.04,Digital Wallet,Cancelled,2022-12-06 18:38:00,3.5,29.0,Mumbai
ORD004751,CUST0671,Lamb Rogan Josh,Main Course,1,383.26,Debit Card,Pending,2023-02-14 12:57:00,4.6,41.0,Bangalore
ORD001757,CUST0348,Veg Manchurian,Starters,2,314.75,Credit Card,Pending,2023-06-15 20:42:00,3.2,42.0,Delhi
ORD004945,CUST0461,Bruschetta,Starters,4,520.21,Digital Wallet,Pending,2023-08-16 12:37:00,4.7,28.0,Hyderabad
ORD005275,CUST0407,Paratha,Breads,1,49.33,Cash,Pending,2023-10-15 19:54:00,4.1,37.0,Delhi
ORD002041,CUST0560,Veg Manchurian,Starters,3,465.26,Digital Wallet,Delivered,2023-05-17 21:04:00,3.3,45.0,Delhi
ORD003464,CUST0406,Ice Cream Sundae,Desserts,5,751.69,Net Banking,Cancelled,2023-02-19 11:03:00,2.7,63.0,
ORD006369,CUST0551,Egg Curry,Main Course,2,348.4,Net Banking,Delivered,2023-03-04 12:32:00,4.3,62.0,Chennai
ORD004189,CUST0117,Watermelon Juice,DRINKS,2,135.08,UPI,Delivered,2023-02-01 09:45:00,4.5,40.0,
ORD003515,CUST0606,Mutton Curry,Main Course,1,395.24,Digital Wallet,Pending,2023-07-06 13:02:00,,35.0,Pune
ORD001596,CUST0616,Onion Rings,Starters,1,111.75,Digital Wallet,Delivered,2023-05-21 13:05:00,3.1,50.0,Bangalore
ORD005937,CUST0650,Rasgulla,Desserts,2,136.1,Digital Wallet,Delivered,2023-08-28 16:57:00,4.9,18.0,Chennai
ORD004692,CUST0640,Fish Fingers,Starters,2,455.17,Cash,Delivered,2023-03-25 09:39:00,4.4,25.0,Delhi
ORD003034,CUST0317,Grilled Salmon,Main Course,4,1768.42,Net Banking,Delivered,2022-10-22 14:44:00,4.2,53.0,Mumbai
ORD002068,CUST0429,Tiramisu,Desserts,1,206.04,Digital Wallet,Cancelled,31/08/2023 21:24,3.8,46.0,Chennai
ORD002647,CUST0286,Fish Fingers,Starters,1,211.91,UPI,Delivered,2023-08-08 20:36:00,3.6,60.0,Mumbai
ORD006789,CUST0385,Fish Curry,Main Course,2,650.34,Digital Wallet,Pending,2023-01-06 22:43:00,3.1,48.0,Delhi
ORD004100,CUST0694,Veg Manchurian,Starters,2,328.66,Credit Card,Delivered,2023-07-27 13:25:00,5.0,65.0,Hyderabad
ORD005376,CUST0257,Paratha,Breads,1,49.74,Net Banking,Delivered,2023-06-05 14:13:00,3.5,68.0,Bangalore
ORD004296,CUST0491,Palak Paneer,Main Course,4,1060.65,Digital Wallet,Delivered,2022-12-25 20:33:00,2.9,37.0,Chennai
ORD001652,CUST0443,Garlic Bread,Starters,5,431.88,Digital Wallet,In Progress,2023-06-30 19:54:00,4.6,36.0,Bangalore
ORD005806,CUST0686,Grilled Salmon,Main Course,4,1736.92,UPI,Pending,2023-06-19 11:32:00,3.8,60.0,Hyderabad
ORD005669,CUST0226,Chocolate Brownie,Desserts,2,229.06,UPI,Delivered,2023-07-01 08:16:00,3.9,24.0,
ORD005856,CUST0268,Paneer Tikka,STARTERS,1,203.0,Debit Card,Delivered,2023-07-13 19:18:00,,46.0,Delhi
ORD005056,CUST0263,Strawberry Shake,Drinks,1,117.84,Credit Card,Cancelled,2023-03-20 10:25:00,3.6,64.0,Mumbai
ORD006270,CUST0387,Garlic Naan,Breads,1,59.96,Debit Card,Delivered,2023-02-08 20:38:00,4.7,18.0,Mumbai
ORD003107,CUST0169,Paneer Tikka,Starters,3,601.75,Cash,Delivered,2023-08-18 19:31:00,2.8,39.0,Chennai
ORD003154,CUST0597,Mutton Curry,Main Course,4,1524.37,Debit Card,In Progress,2023-08-01 13:21:00,4.2,45.0,Mumbai
ORD002897,CUST0186,Mango Lassi,Drinks,2,153.85,Cash,Delivered,2023-04-14 13:08:00,4.0,17.0,Hyderabad
ORD003440,CUST0173,Pepperoni Pizza,Pizza,4,1433.2,Digital Wallet,Delivered,2022-11-11 20:25:00,2.9,70.0,Bangalore
ORD001075,CUST0538,Chicken Tikka Masala,Main Course,1,337.87,Digital Wallet,Delivered,2023-02-19 19:48:00,5.0,68.0,Delhi
ORD004742,CUST0056,Chicken Tikka Masala,Main Course,3,986.08,Debit Card,Delivered,2023-04-16 17:00:00,2.7,62.0,Delhi
ORD005876,CUST0577,Chicken Soup,Starters,2,305.41,Cash,Delivered,2023-05-01 12:15:00,4.5,29.0,Pune
ORD005950,CUST0526,Chicken Burger,Burgers,5,1000.51,Net Banking,Delivered,2023-04-30 08:43:00,3.6,34.0,Chennai
ORD006101,CUST0100,Mushroom Risotto,Main Course,1,304.64,UPI,Delivered,2023-08-28 15:38:00,4.2,16.0,Bangalore
ORD005590,CUST0643,Spring Rolls,Starters,1,125.77,Cash,Delivered,2022-11-06 11:16:00,4.7,37.0,Pune
ORD002971,CUST0603,Kheer,Desserts,5,427.78,Digital Wallet,Cancelled,2023-07-02 08:30:00,3.7,46.0,Chennai
ORD006185,CUST0651,BLT Sandwich,Sandwiches,1,164.44,Net Banking,In Progress,2022-12-06 19:23:00,3.2,,Mumbai
ORD003536,CUST0644,Bruschetta,Starters,4,522.29,Net Banking,In Progress,2023-04-23 19:17:00,2.6,43.0,Chennai
ORD004265,CUST0239,Farmhouse Pizza,Pizza,1,322.94,Net Banking,In Progress,2023-05-18 12:14:00,3.8,57.0,Chennai
ORD001108,CUST0580,Chicken Tikka Masala,Main Course,1,345.77,Net Banking,In Progress,2023-09-03 13:00:00,4.9,73.0,Chennai
ORD002010,CUST0502,Chicken Soup,Starters,1,153.42,Cash,Pending,2023-03-06 18:51:00,3.4,51.0,Bangalore
ORD002029,CUST0800,Ice Cream Sundae,Desserts,2,305.45,UPI,Pending,2022-12-05 12:48:00,4.3,62.0,Hyderabad
ORD003236,CUST0626,Margherita Pizza,Pizza,1,287.79,,Cancelled,2022-11-29 12:22:00,4.7,23.0,Bangalore
ORD001828,CUST0449,Cold Coffee,Drinks,4,404.17,UPI,Delivered,2022-11-23 19:59:00,4.9,65.0,Chennai
ORD003763,CUST0476,Pasta Arrabbiata,Main Course,2,495.8,Digital Wallet,Delivered,2022-10-14 12:26:00,4.8,37.0,
ORD002893,CUST0204,Fish Curry,Main Course,4,1393.9,UPI,Delivered,2023-09-05 08:19:00,4.1,62.0,Chennai
ORD001096,CUST0594,BLT Sandwich,Sandwiches,1,161.54,Net Banking,Cancelled,2023-10-07 12:37:00,4.7,43.0,Chennai
ORD004154,CUST0725,Kheer,Desserts,4,372.04,Credit Card,In Progress,2023-04-12 17:16:00,4.8,40.0,Chennai
ORD006723,CUST0781,Chicken Fried Rice,Main Course,5,1277.84,UPI,In Progress,2023-10-12 21:08:00,3.8,,Hyderabad
ORD004489,CUST0265,Rasgulla,Desserts,1,71.46,Credit Card,In Progress,2023-02-16 13:22:00,3.5,30.0,Hyderabad
ORD002385,CUST0334,Kheer,Desserts,3,277.72,,Cancelled,2022-12-20 18:10:00,4.1,65.0,Hyderabad
ORD002200,CUST0583,Grilled Sandwich,Sandwiches,3,417.43,Cash,Delivered,2023-08-17 13:04:00,4.5,34.0,Mumbai
ORD001621,CUST0645,Fresh Lime Soda,Drinks,1,59.35,Net Banking,In Progress,2023-09-26 18:37:00,3.6,37.0,Bangalore
ORD006506,CUST0356,Pasta Arrabbiata,MAIN COURSE,4,932.55,Digital Wallet,Delivered,2023-04-05 17:45:00,4.1,75.0,Bangalore
ORD002412,CUST0748,Mango Lassi,Drinks,2,158.23,Net Banking,Delivered,2023-05-30 08:17:00,2.6,69.0,Delhi
ORD001566,CUST0046,Chicken Biryani,Main Course,1,344.74,Credit Card,Delivered,2023-05-15 19:28:00,4.2,24.0,Pune
ORD001543,CUST0795,Masala Chai,Drinks,2,81.87,,Delivered,2022-10-10 19:23:00,,19.0,Pune
ORD002334,CUST0436,Egg Curry,Main Course,2,343.8,Debit Card,In Progress,2023-08-03 19:16:00,3.2,67.0,Mumbai
ORD004194,CUST0044,Masala Chai,Drinks,3,119.58,Net Banking,Delivered,2023-01-29 13:00:00,2.9,51.0,Mumbai
ORD001051,CUST0110,Naan,Breads,1,40.75,UPI,Delivered,2023-10-20 21:56:00,2.9,59.0,Chennai
ORD006094,CUST0435,Cheese Burst Burger,Burgers,1,210.55,Digital Wallet,In Progress,2023-07-05 08:48:00,2.9,25.0,Delhi
ORD003387,CUST0063,Tiramisu,Desserts,1,191.29,Digital Wallet,Cancelled,2022-11-22 08:13:00,2.8,39.0,Bangalore
ORD006074,CUST0761,Mutton Curry,Main Course,1,391.3,Debit Card,Delivered,2023-08-15 13:55:00,4.8,44.0,Hyderabad
ORD005369,CUST0183,Mojito,Drinks,2,247.6,Digital Wallet,Cancelled,2022-10-16 09:16:00,4.2,53.0,Mumbai
ORD002558,CUST0662,Onion Rings,Starters,1,112.43,Debit Card,Cancelled,2023-07-09 08:27:00,2.9,54.0,Mumbai
ORD001745,CUST0126,Bruschetta,Starters,5,650.74,Debit Card,Cancelled,2022-12-15 20:06:00,3.7,55.0,Delhi
ORD005352,CUST0002,Naan,Breads,3,115.17,Digital Wallet,Delivered,2023-09-04 21:18:00,3.8,30.0,Pune
ORD003881,CUST0354,Watermelon Juice,Drinks,2,134.99,,In Progress,2023-07-30 12:40:00,4.9,15.0,Delhi
ORD002467,CUST0698,Chicken Tikka Masala,Main Course,2,684.81,Digital Wallet,Delivered,2023-04-27 09:34:00,4.7,54.0,Mumbai
ORD006032,CUST0068,Watermelon Juice,Drinks,3,207.74,Cash,Cancelled,2023-09-05 13:30:00,4.2,29.0,Bangalore
ORD001195,CUST0032,Chicken Soup,Starters,1,145.66,UPI,In Progress,2023-07-20 13:40:00,3.9,56.0,Bangalore
ORD002747,CUST0606,Spring Rolls,Starters,3,367.69,Digital Wallet,Delivered,2023-09-12 16:57:00,,25.0,Chennai
ORD004135,CUST0076,Veg Burger,Burgers,1,150.0,Credit Card,Delivered,2022-10-30 21:19:00,4.8,59.0,Hyderabad
ORD004858,CUST0046,Egg Curry,Main Course,2,355.4,Credit Card,Delivered,2022-11-17 19:58:00,3.8,34.0,
ORD001802,CUST0183,Pepperoni Pizza,Pizza,1,365.82,Credit Card,Cancelled,2023-04-14 09:16:00,2.7,,Delhi
ORD002618,CUST0588,Onion Rings,Starters,2,221.32,Credit Card,Cancelled,2023-09-15 18:42:00,3.3,59.0,Hyderabad
ORD004337,CUST0630,Club Sandwich,Sandwiches,4,617.31,Digital Wallet,Cancelled,2023-04-06 19:35:00,3.8,21.0,Chennai
ORD005220,CUST0545,Masala Chai,Drinks,5,202.98,Cash,Pending,2022-10-31 19:48:00,3.9,47.0,Pune
ORD001620,CUST0030,BLT Sandwich,Sandwiches,1,176.67,UPI,In Progress,2023-07-04 13:08:00,2.6,39.0,Mumbai
ORD002825,CUST0699,Grilled Sandwich,Sandwiches,2,273.97,Debit Card,Delivered,2022-10-28 12:13:00,3.5,49.0,Mumbai
ORD005189,CUST0454,Cheese Burst Burger,Burgers,2,435.42,Credit Card,Delivered,2023-06-02 13:14:00,3.0,43.0,Delhi
ORD005922,CUST0607,Dal Makhani,Main Course,1,211.15,Credit Card,Cancelled,2023-04-21 15:20:00,3.5,,Pune
ORD005153,CUST0427,Pasta Arrabbiata,Main Course,2,489.24,Cash,Cancelled,2023-04-05 20:43:00,3.5,,Bangalore
ORD006472,CUST0001,Kheer,Desserts,2,181.94,Digital Wallet,Delivered,2023-03-14 08:41:00,3.5,56.0,Bangalore
ORD005935,CUST0703,Naan,Breads,2,76.11,Debit Card,Pending,2022-12-21 13:44:00,3.8,15.0,Bangalore
ORD001644,CUST0578,Fish Curry,Main Course,1,324.2,Debit Card,Delivered,2023-08-02 20:46:00,4.1,52.0,Delhi
ORD006351,CUST0263,Mojito,Drinks,1,128.14,Credit Card,In Progress,2023-04-07 09:27:00,3.3,23.0,Mumbai
ORD005535,CUST0244,Strawberry Shake,DRINKS,3,345.52,Debit Card,In Progress,2023-09-25 12:09:00,,35.0,Delhi
ORD006017,CUST0191,Pepperoni Pizza,Pizza,1,342.0,Net Banking,Pending,2023-10-10 20:13:00,2.9,39.0,Delhi
ORD002061,CUST0151,Paneer Tikka,Starters,1,208.24,Debit Card,In Progress,2022-10-13 11:24:00,3.2,73.0,Pune
ORD005198,CUST0328,Mango Lassi,Drinks,5,417.01,Debit Card,Cancelled,2023-05-19 11:32:00,3.6,63.0,Pune
ORD005758,CUST0737,Masala Chai,Drinks,4,154.07,Debit Card,Pending,2023-08-22 19:25:00,3.7,65.0,Pune
ORD001120,CUST0195,Fish Fingers,Starters,2,461.03,,Cancelled,2023-04-02 08:17:00,2.7,28.0,
ORD005500,CUST0237,Veg Biryani,Main Course,2,521.78,Credit Card,Cancelled,2023-06-29 18:04:00,3.1,22.0,Bangalore
ORD005066,CUST0487,Margherita Pizza,Pizza,1,279.13,Cash,In Progress,2023-10-01 20:54:00,2.7,18.0,
ORD006375,CUST0449,Butter Chicken,Main Course,1,330.36,Digital Wallet,In Progress,2023-05-26 12:26:00,3.2,59.0,Delhi
ORD005866,CUST0044,Cheese Burst Burger,Burgers,4,845.06,Cash,Delivered,2023-07-22 12:06:00,3.6,57.0,Delhi
ORD005215,CUST0289,Mango Lassi,Drinks,1,83.04,Digital Wallet,Cancelled,2022-11-02 10:25:00,3.7,31.0,Pune
ORD002230,CUST0698,Cold Brew Coffee,Drinks,1,143.66,,Delivered,2023-01-13 12:23:00,4.1,71.0,Bangalore
ORD003818,CUST0474,Veg Supreme Pizza,Pizza,1,308.66,Credit Card,Cancelled,2023-03-24 10:57:00,4.4,42.0,Chennai
ORD004758,CUST0143,Cheese Burst Burger,Burgers,1,216.17,Cash,In Progress,2023-03-23 09:29:00,3.1,,Hyderabad
ORD006764,CUST0445,Strawberry Shake,Drinks,2,251.94,Credit Card,Pending,2022-12-18 13:40:00,2.7,18.0,Hyderabad
ORD004305,CUST0176,Veg Burger,Burgers,5,754.4,Cash,Delivered,2023-06-19 13:58:00,4.7,58.0,Pune
ORD004378,CUST0505,Watermelon Juice,Drinks,1,69.56,Cash,In Progress,2022-10-01 12:55:00,3.8,42.0,Mumbai
ORD001134,CUST0637,Cold Coffee,Drinks,1,99.29,Digital Wallet,In Progress,15/07/2023 22:52,4.1,16.0,Chennai
ORD004558,CUST0312,Chicken Tikka Masala,Main Course,3,961.08,UPI,Pending,2023-10-17 09:19:00,4.7,55.0,Pune
ORD006076,CUST0107,Margherita Pizza,Pizza,2,541.97,Credit Card,Delivered,2023-06-02 13:29:00,,24.0,Pune
ORD003899,CUST0740,Kheer,Desserts,2,177.59,Credit Card,Delivered,2023-09-13 09:11:00,3.1,23.0,Hyderabad
ORD004094,CUST0605,Rasgulla,Desserts,2,134.34,UPI,In Progress,2023-10-09 22:42:00,4.5,67.0,Pune
ORD005240,CUST0242,Dal Makhani,Main Course,3,690.85,Credit Card,In Progress,2022-12-17 15:00:00,4.7,34.0,Chennai
ORD002721,CUST0074,Cold Brew Coffee,Drinks,3,437.89,Net Banking,Cancelled,2023-02-05 20:46:00,2.8,28.0,Bangalore
ORD004018,CUST0106,Kheer,Desserts,3,256.57,Cash,In Progress,2023-03-17 18:18:00,4.7,25.0,Pune
ORD001511,CUST0432,Garlic Bread,Starters,3,276.44,,Delivered,2023-05-31 20:11:00,5.0,69.0,Pune
ORD001240,CUST0553,Farmhouse Pizza,Pizza,4,1247.33,,Delivered,23/10/2022 13:14,2.9,33.0,Delhi
ORD001062,CUST0800,Tiramisu,Desserts,1,200.79,Net Banking,Delivered,2023-03-29 11:04:00,4.4,75.0,Delhi
ORD002553,CUST0662,Garlic Bread,Starters,2,176.66,Credit Card,Pending,2023-07-02 10:51:00,4.0,33.0,Pune
ORD004849,CUST0236,Fresh Lime Soda,Drinks,1,59.46,UPI,Delivered,2023-03-08 12:43:00,3.5,37.0,Pune
ORD006266,CUST0484,Cold Brew Coffee,Drinks,1,157.46,,Delivered,2022-11-04 12:16:00,5.0,63.0,Mumbai
ORD004575,CUST0785,Mango Lassi,Drinks,1,77.79,Cash,Delivered,2023-03-10 12:00:00,4.0,65.0,
ORD004734,CUST0256,Chicken Fried Rice,Main Course,3,9999.0,Cash,Delivered,2023-07-19 18:21:00,3.3,42.0,Hyderabad
ORD003960,CUST0190,Garlic Bread,Starters,1,92.78,Net Banking,Delivered,2023-04-29 19:15:00,3.6,34.0,Mumbai
ORD004149,CUST0042,Pasta Arrabbiata,Main Course,4,997.48,Net Banking,Delivered,2023-05-13 18:29:00,3.9,72.0,Hyderabad
ORD003138,CUST0437,Fish Curry,Main Course,4,1304.11,Net Banking,Delivered,2023-01-12 13:22:00,3.1,36.0,Mumbai
ORD001679,CUST0572,Grilled Salmon,Main Course,5,2278.62,Credit Card,Delivered,2023-03-04 12:00:00,,48.0,Mumbai
ORD005423,CUST0253,Paneer Tikka,Starters,3,598.16,,Cancelled,2022-12-08 10:14:00,3.3,27.0,Bangalore
ORD002211,CUST0450,Cheese Burst Burger,Burgers,4,857.99,Credit Card,Delivered,2022-10-30 08:08:00,2.6,37.0,Chennai
ORD001122,CUST0611,Palak Paneer,Main Course,1,252.61,Cash,Delivered,2023-01-28 12:09:00,4.6,24.0,
ORD004759,CUST0008,Veg Burger,Burgers,3,433.98,Debit Card,In Progress,2023-10-06 12:00:00,4.6,73.0,Pune
ORD004227,CUST0138,Margherita Pizza,Pizza,2,543.73,Debit Card,Pending,2022-12-15 08:02:00,4.6,37.0,Hyderabad
ORD005126,CUST0394,Gulab Jamun,Desserts,1,83.64,Cash,Delivered,2022-11-03 14:51:00,3.0,68.0,Pune
ORD004550,CUST0391,Cold Brew Coffee,Drinks,1,147.52,Credit Card,Delivered,2023-03-08 09:30:00,2.8,37.0,Chennai
ORD004585,CUST0186,Chicken Burger,Burgers,2,395.55,UPI,In Progress,2022-11-24 08:58:00,2.8,17.0,Pune
ORD002210,CUST0423,Club Sandwich,Sandwiches,4,623.24,,Pending,2022-11-17 18:14:00,3.9,66.0,Mumbai
ORD001567,CUST0152,BLT Sandwich,Sandwiches,4,653.64,Debit Card,Delivered,2022-10-28 12:39:00,3.4,66.0,Mumbai
ORD003399,CUST0266,Cheese Burst Burger,Burgers,2,455.96,Credit Card,Delivered,2023-02-01 20:33:00,3.7,70.0,Hyderabad
ORD001548,CUST0632,Chocolate Brownie,Desserts,4,475.97,,Pending,2023-04-07 20:03:00,2.6,19.0,Bangalore
ORD003263,CUST0337,Palak Paneer,Main Course,2,538.71,Digital Wallet,Pending,2022-11-11 13:59:00,3.2,31.0,Bangalore
ORD001864,CUST0652,Veg Fried Rice,Main Course,2,385.02,Digital Wallet,Delivered,2023-07-18 13:05:00,4.5,24.0,Bangalore
ORD006304,CUST0241,Paratha,Breads,2,103.04,UPI,In Progress,2023-01-26 13:27:00,4.6,34.0,Pune
ORD002392,CUST0379,Ice Cream Sundae,Desserts,1,144.02,,Delivered,2023-08-24 12:34:00,2.8,23.0,Pune
ORD006271,CUST0208,Paneer Butter Masala,Main Course,3,847.41,Net Banking,Delivered,2023-03-17 13:32:00,4.8,56.0,Hyderabad
ORD004459,CUST0515,Spring Rolls,Starters,1,117.63,Net Banking,Delivered,2023-10-09 22:16:00,3.7,27.0,Delhi
ORD006877,CUST0445,Palak Paneer,Main Course,1,260.12,Digital Wallet,Cancelled,2023-07-31 18:26:00,4.5,74.0,Chennai
ORD003099,CUST0571,Cold Brew Coffee,Drinks,1,153.45,Debit Card,Delivered,2023-05-17 09:59:00,2.9,38.0,Pune
ORD002883,CUST0585,Cold Brew Coffee,Drinks,1,154.62,Debit Card,Delivered,2023-02-26 12:01:00,4.7,51.0,Hyderabad
ORD001720,CUST0652,Mojito,Drinks,1,133.79,UPI,Delivered,2022-12-18 12:40:00,4.1,72.0,Bangalore
ORD004917,CUST0133,Butter Chicken,Main Course,1,323.19,UPI,Cancelled,2023-01-15 13:42:00,2.8,41.0,Bangalore
ORD003941,CUST0361,Onion Rings,Starters,1,105.54,UPI,Delivered,2023-08-02 13:23:00,4.4,63.0,Hyderabad
ORD001690,CUST0042,Classic Burger,Burgers,4,749.79,UPI,In Progress,2022-10-03 13:02:00,4.4,17.0,Hyderabad
ORD004328,CUST0362,Naan,Breads,2,78.92,Digital Wallet,Cancelled,2023-01-01 08:47:00,3.6,,Hyderabad
ORD002773,CUST0482,Chicken Soup,Starters,1,155.48,UPI,Delivered,2023-10-09 08:05:00,3.5,32.0,Bangalore
ORD001602,CUST0620,Ice Cream Sundae,Desserts,3,455.8,Net Banking,Delivered,2022-11-14 14:44:00,3.6,69.0,Bangalore
ORD004167,CUST0408,Masala Chai,Drinks,4,157.77,Debit Card,Pending,2023-04-06 21:04:00,3.7,23.0,Pune
ORD005855,CUST0721,Mango Lassi,Drinks,2,156.52,UPI,Delivered,2023-10-17 09:13:00,3.1,41.0,Chennai
ORD005914,CUST0065,Veg Biryani,Main Course,2,510.7,Net Banking,Delivered,2022-11-25 21:16:00,3.3,16.0,Hyderabad
ORD002964,CUST0319,Tiramisu,Desserts,2,393.07,Debit Card,Cancelled,2023-05-12 12:00:00,4.7,46.0,Hyderabad
ORD005405,CUST0013,Onion Rings,Starters,3,338.16,Debit Card,Pending,2023-03-23 16:41:00,2.5,15.0,Chennai
ORD001503,CUST0634,Classic Burger,Burgers,1,175.78,Debit Card,Delivered,2023-01-26 10:15:00,4.4,22.0,Mumbai
ORD005545,CUST0459,Bruschetta,Starters,1,127.76,Debit Card,In Progress,2023-04-22 16:44:00,2.5,54.0,Bangalore
ORD001318,CUST0075,Naan,Breads,1,40.73,Cash,Pending,2023-10-26 14:49:00,2.7,31.0,Delhi
ORD003167,CUST0059,Pepperoni Pizza,Pizza,2,717.56,Credit Card,Delivered,2023-03-11 12:47:00,4.1,28.0,Mumbai
ORD005905,CUST0620,Strawberry Shake,Drinks,1,118.19,Cash,Delivered,2023-06-29 21:51:00,3.0,42.0,Hyderabad
ORD001274,CUST0206,Onion Rings,Starters,5,529.99,UPI,Delivered,2023-03-14 18:44:00,2.9,40.0,Bangalore
ORD006203,CUST0581,Grilled Salmon,Main Course,2,886.1,Debit Card,Delivered,2022-11-06 12:01:00,3.2,23.0,
ORD003908,CUST0058,Chocolate Brownie,Desserts,3,372.26,Debit Card,Delivered,2022-11-11 13:12:00,3.3,15.0,Delhi
ORD002361,CUST0744,Margherita Pizza,Pizza,2,561.91,,Delivered,2022-10-13 13:52:00,4.5,68.0,Pune
ORD004372,CUST0141,Grilled Sandwich,Sandwiches,1,142.85,Net Banking,Delivered,2023-04-06 15:20:00,3.7,15.0,Chennai
ORD002526,CUST0274,Gulab Jamun,Desserts,4,0.0,Cash,Cancelled,2023-07-10 10:18:00,4.8,20.0,
ORD003677,CUST0016,Margherita Pizza,Pizza,2,561.95,UPI,Pending,2022-12-27 19:51:00,2.7,44.0,Mumbai
ORD006428,CUST0739,Mutton Curry,Main Course,4,1478.16,Cash,In Progress,2023-07-25 13:52:00,4.9,67.0,Hyderabad
ORD002992,CUST0242,Veg Fried Rice,Main Course,3,608.92,Credit Card,Pending,2023-07-31 13:33:00,4.5,24.0,Mumbai
ORD005310,CUST0416,Fish Fingers,Starters,1,226.91,Debit Card,Delivered,2023-05-10 13:27:00,4.1,35.0,Delhi
ORD004520,CUST0787,Veg Manchurian,Starters,2,330.41,Net Banking,Delivered,2023-06-29 09:06:00,4.6,27.0,Pune
ORD004956,CUST0045,Pepperoni Pizza,Pizza,3,1083.22,UPI,Delivered,2022-10-15 20:51:00,2.6,32.0,Hyderabad
ORD004070,CUST0342,Gulab Jamun,Desserts,1,77.63,Credit Card,Cancelled,2023-03-03 16:04:00,4.4,38.0,Chennai
ORD004630,CUST0728,Tiramisu,Desserts,2,383.69,Credit Card,Delivered,2023-06-01 15:03:00,3.4,52.0,Delhi
ORD001945,CUST0455,Cheese Burst Burger,Burgers,1,223.12,Net Banking,Delivered,2023-01-30 21:38:00,2.8,35.0,Pune
ORD005761,CUST0132,Classic Burger,Burgers,2,344.38,Digital Wallet,Delivered,2023-08-22 12:07:00,3.6,47.0,Bangalore
ORD006838,CUST0004,Gulab Jamun,Desserts,3,245.36,Credit Card,Delivered,2023-04-16 12:21:00,4.2,39.0,Pune
ORD001295,CUST0469,Fresh Lime Soda,Drinks,1,58.65,Digital Wallet,In Progress,2023-07-03 12:49:00,4.4,46.0,Chennai
ORD005607,CUST0660,Classic Burger,Burgers,2,372.35,UPI,Delivered,2023-06-15 14:01:00,3.7,57.0,Pune
ORD003228,CUST0610,Paratha,Breads,1,49.03,Net Banking,Cancelled,2023-07-04 16:39:00,,69.0,Pune
ORD001298,CUST0603,Fish Fingers,Starters,2,461.73,Net Banking,Delivered,2023-01-30 11:47:00,4.7,54.0,Pune
ORD001068,CUST0277,Grilled Salmon,Main Course,3,1341.29,Digital Wallet,Pending,2023-10-11 15:41:00,4.4,44.0,Hyderabad
ORD005434,CUST0519,Masala Chai,Drinks,1,41.52,Net Banking,Pending,2023-07-11 13:02:00,3.3,46.0,Bangalore
ORD001736,CUST0289,Paratha,Breads,3,153.95,Credit Card,Pending,2023-06-28 11:12:00,2.5,61.0,Mumbai
ORD002598,CUST0721,Paneer Butter Masala,Main Course,2,558.28,UPI,Delivered,15/03/2023 12:49,,21.0,Mumbai
ORD005743,CUST0738,Farmhouse Pizza,Pizza,1,325.31,Credit Card,Delivered,2023-03-15 12:19:00,2.6,45.0,Chennai
ORD004049,CUST0091,Paratha,Breads,2,103.85,Cash,In Progress,2022-12-10 20:01:00,4.7,50.0,Hyderabad
ORD004722,CUST0798,Classic Burger,Burgers,2,350.03,Digital Wallet,In Progress,2023-07-12 13:02:00,4.9,70.0,Mumbai
ORD002503,CUST0257,Fish Curry,Main Course,1,353.95,Debit Card,In Progress,2023-01-30 19:39:00,3.6,73.0,Delhi
ORD003114,CUST0363,Paratha,Breads,1,47.57,Net Banking,Pending,2022-12-03 09:06:00,3.1,50.0,Pune
ORD001150,CUST0394,Cold Brew Coffee,Drinks,1,155.46,UPI,Pending,2022-11-16 18:32:00,3.9,65.0,Pune
ORD001756,CUST0331,Spring Rolls,Starters,2,242.11,Digital Wallet,Delivered,2023-03-12 13:24:00,4.5,21.0,Pune
ORD004749,CUST0286,Mango Lassi,Drinks,4,325.49,Credit Card,Delivered,2023-09-20 19:49:00,3.0,21.0,Mumbai
ORD005464,CUST0569,Cold Coffee,Drinks,2,208.84,Cash,In Progress,2023-06-08 12:02:00,3.9,47.0,Chennai
ORD002703,CUST0233,Mutton Curry,Main Course,2,780.78,Net Banking,Cancelled,2023-10-18 19:47:00,3.9,44.0,Hyderabad
ORD006519,CUST0483,Naan,Breads,4,156.7,Net Banking,Delivered,2023-05-26 12:54:00,3.3,21.0,Delhi
ORD005316,CUST0274,Classic Burger,Burgers,4,686.6,Debit Card,Delivered,2023-04-23 16:56:00,2.8,27.0,Bangalore
ORD001169,CUST0469,Fresh Lime Soda,Drinks,1,57.29,Cash,Delivered,03/05/2023 19:39,4.6,46.0,Chennai
ORD003199,CUST0733,Paneer Tikka,STARTERS,1,195.92,UPI,Delivered,2023-01-01 09:09:00,2.9,27.0,Delhi
ORD001376,CUST0549,Gulab Jamun,Desserts,4,322.01,Debit Card,Cancelled,2022-11-21 20:55:00,3.2,56.0,Hyderabad
ORD003077,CUST0208,Paratha,Breads,2,98.92,Cash,Cancelled,2022-12-17 17:51:00,3.7,47.0,Mumbai
ORD004871,CUST0497,Fish Curry,Main Course,2,662.86,Debit Card,Pending,2023-08-21 20:22:00,3.3,27.0,Chennai
ORD001859,CUST0102,Chicken Fried Rice,Main Course,1,250.7,Digital Wallet,Delivered,2023-04-14 12:07:00,3.2,26.0,Bangalore
ORD005680,CUST0674,Butter Chicken,Main Course,1,321.9,Cash,Delivered,20/10/2022 09:31,4.6,70.0,Pune
ORD005857,CUST0732,Strawberry Shake,Drinks,3,372.25,Net Banking,Cancelled,2022-12-28 13:50:00,5.0,69.0,Hyderabad
ORD002926,CUST0702,BLT Sandwich,Sandwiches,2,345.03,Cash,Cancelled,2023-01-10 13:28:00,3.5,50.0,
ORD001378,CUST0276,Egg Curry,Main Course,4,707.87,Debit Card,Delivered,2023-01-30 08:30:00,3.3,65.0,Bangalore
ORD003776,CUST0453,Spring Rolls,Starters,2,237.38,Cash,Cancelled,2023-08-17 16:59:00,,45.0,Pune
ORD003329,CUST0099,Mango Lassi,Drinks,4,327.14,Digital Wallet,Delivered,2023-02-03 21:05:00,,57.0,Chennai
ORD002294,CUST0724,Cheesecake,Desserts,3,526.0,UPI,Delivered,2023-04-20 13:24:00,3.3,48.0,Bangalore
ORD003080,CUST0702,Veg Manchurian,Starters,1,152.58,,Pending,09/05/2023 13:12,,60.0,Delhi
ORD002432,CUST0435,Ice Cream Sundae,Desserts,1,156.46,Credit Card,Delivered,2023-10-02 09:39:00,2.6,75.0,Hyderabad
ORD006481,CUST0051,Fresh Lime Soda,Drinks,1,57.54,UPI,In Progress,2022-10-22 09:50:00,4.4,31.0,Pune
ORD005716,CUST0672,Veg Burger,Burgers,1,142.55,UPI,Delivered,2023-06-17 19:56:00,3.5,48.0,Pune
ORD004689,CUST0400,Watermelon Juice,Drinks,2,144.47,Debit Card,Delivered,2023-02-03 20:50:00,4.3,,Hyderabad
ORD002779,CUST0415,Veg Biryani,Main Course,2,526.81,Net Banking,Delivered,2023-01-10 14:08:00,5.0,17.0,Hyderabad
ORD003968,CUST0172,Veg Manchurian,Starters,1,161.33,Digital Wallet,Delivered,2023-05-05 18:49:00,3.1,49.0,Hyderabad
ORD005440,CUST0037,BLT Sandwich,Sandwiches,1,165.6,Digital Wallet,Delivered,2023-05-07 19:36:00,3.8,17.0,Hyderabad
ORD005625,CUST0698,BBQ Chicken Pizza,Pizza,2,719.57,,Delivered,2023-06-11 21:29:00,2.8,46.0,Mumbai
ORD002818,CUST0394,Chocolate Brownie,Desserts,3,359.72,Cash,Delivered,2023-08-17 20:59:00,3.9,74.0,Chennai
ORD004618,CUST0070,Dal Makhani,Main Course,3,635.47,UPI,Pending,2023-03-14 10:07:00,4.2,63.0,Delhi
ORD001841,CUST0382,Tiramisu,Desserts,3,629.22,Debit Card,In Progress,2022-11-26 19:53:00,3.8,22.0,Mumbai
ORD004685,CUST0031,Chicken Fried Rice,Main Course,2,512.69,UPI,Delivered,2023-08-25 13:56:00,2.6,17.0,Hyderabad
ORD002189,CUST0577,Mushroom Risotto,Main Course,2,580.47,Debit Card,Cancelled,2022-12-17 12:46:00,4.3,65.0,Delhi
ORD001175,CUST0205,Tiramisu,Desserts,3,597.46,Cash,Delivered,2023-02-28 10:50:00,4.8,47.0,Hyderabad
ORD003093,CUST0779,Chicken Fried Rice,Main Course,4,980.63,UPI,Pending,2022-11-14 20:11:00,2.9,65.0,Bangalore
ORD006590,CUST0158,Mutton Curry,Main Course,3,1106.44,UPI,Delivered,2023-10-22 19:03:00,3.1,16.0,Bangalore
ORD001927,CUST0551,BBQ Chicken Pizza,Pizza,2,706.23,Debit Card,In Progress,2022-12-20 12:40:00,4.8,59.0,Pune
ORD005546,CUST0034,Chocolate Brownie,Desserts,1,114.25,Digital Wallet,Delivered,2023-10-06 20:22:00,3.7,51.0,Delhi
ORD001045,CUST0308,Tandoori Roti,Breads,4,121.48,Digital Wallet,Delivered,2023-09-05 20:46:00,4.2,35.0,Hyderabad
ORD002260,CUST0238,Kheer,Desserts,1,90.27,Debit Card,In Progress,2023-01-01 21:53:00,3.7,65.0,Pune
ORD002096,CUST0488,Chicken Burger,Burgers,1,209.93,Cash,Delivered,2023-06-06 11:47:00,3.6,49.0,Delhi
ORD002443,CUST0498,Paratha,Breads,3,157.25,Credit Card,Pending,2022-11-12 08:45:00,3.7,,Hyderabad
ORD003819,CUST0380,Grilled Salmon,Main Course,2,913.26,Net Banking,In Progress,2023-02-08 12:40:00,2.7,35.0,Delhi
ORD003991,CUST0783,Grilled Sandwich,Sandwiches,1,133.27,Credit Card,Cancelled,2022-11-13 08:05:00,,39.0,Chennai
ORD002187,CUST0456,Pepperoni Pizza,Pizza,2,667.39,Cash,Delivered,2023-08-30 21:39:00,4.9,44.0,Pune
ORD006141,CUST0718,Cold Coffee,Drinks,2,200.29,Cash,Delivered,2023-04-29 10:31:00,3.0,44.0,Bangalore
ORD003715,CUST0166,Margherita Pizza,Pizza,3,802.0,Cash,Delivered,2023-03-09 19:59:00,3.8,68.0,Hyderabad
ORD002030,CUST0513,Palak Paneer,Main Course,1,271.9,Cash,In Progress,2022-10-11 09:22:00,3.1,58.0,Bangalore
ORD003304,CUST0473,Veg Burger,Burgers,1,147.5,Credit Card,Pending,2023-07-16 21:01:00,3.7,27.0,Mumbai
ORD001300,CUST0527,Strawberry Shake,Drinks,1,125.75,Net Banking,Delivered,2023-02-27 12:17:00,2.8,63.0,Hyderabad
ORD003577,CUST0351,Chocolate Brownie,Desserts,3,373.03,Credit Card,Cancelled,2023-03-18 20:44:00,2.6,74.0,Hyderabad
ORD002472,CUST0770,Grilled Sandwich,Sandwiches,1,146.8,Cash,Pending,2023-08-21 08:28:00,3.1,71.0,Chennai
ORD001283,CUST0146,Tiramisu,Desserts,2,391.82,Debit Card,Delivered,2022-11-13 09:46:00,3.4,65.0,Delhi
ORD004441,CUST0331,Chicken Burger,Burgers,1,199.76,Credit Card,Delivered,13/10/2022 19:38,,75.0,Pune
ORD006518,CUST0138,Naan,Breads,3,117.19,UPI,Cancelled,2023-04-14 22:56:00,3.1,61.0,Mumbai
ORD005800,CUST0013,Onion Rings,Starters,3,343.11,Debit Card,Delivered,2023-01-21 20:50:00,4.4,70.0,Bangalore
ORD004418,CUST0429,Naan,Breads,2,78.27,Credit Card,Delivered,2023-05-22 21:22:00,,21.0,Delhi
ORD002813,CUST0343,Fresh Lime Soda,Drinks,2,114.9,Cash,Delivered,2023-09-08 10:39:00,4.9,39.0,Chennai
ORD004968,CUST0504,Cheesecake,Desserts,2,368.59,Net Banking,Cancelled,2023-04-08 13:25:00,4.4,40.0,Bangalore
ORD005782,CUST0476,Naan,Breads,4,165.15,Cash,Delivered,2023-09-09 21:55:00,3.4,55.0,Delhi
ORD005182,CUST0328,Fresh Lime Soda,Drinks,3,174.41,UPI,Cancelled,2023-10-17 20:47:00,4.6,41.0,Hyderabad
ORD005685,CUST0019,Fresh Lime Soda,Drinks,1,61.83,Digital Wallet,Cancelled,2022-10-11 13:17:00,3.9,74.0,Hyderabad
ORD003445,CUST0190,Butter Chicken,Main Course,3,917.05,Cash,Cancelled,2023-07-25 13:12:00,4.6,56.0,Mumbai
ORD004705,CUST0568,Palak Paneer,MAIN COURSE,3,742.16,Debit Card,Pending,2023-09-28 20:32:00,4.3,71.0,Pune
ORD002338,CUST0104,BBQ Chicken Pizza,Pizza,1,356.93,UPI,Pending,2023-10-06 19:56:00,,,Bangalore
ORD003323,CUST0465,Bruschetta,Starters,2,253.47,Credit Card,Pending,2023-02-27 20:25:00,2.8,15.0,Mumbai
ORD003664,CUST0464,Mutton Curry,Main Course,2,768.91,Digital Wallet,Delivered,2022-10-09 09:55:00,3.3,55.0,Bangalore
ORD004886,CUST0526,Veg Manchurian,Starters,1,155.42,Cash,Cancelled,2022-10-30 12:14:00,3.6,53.0,Pune
ORD004235,CUST0580,Cheesecake,Desserts,2,377.05,Net Banking,Cancelled,2023-02-20 09:36:00,3.3,32.0,Hyderabad
ORD006793,CUST0541,Fish Fingers,Starters,2,429.56,Digital Wallet,Cancelled,2023-10-09 16:47:00,3.3,54.0,Chennai
ORD003921,CUST0659,Rasgulla,Desserts,4,282.36,Debit Card,Delivered,2022-11-11 19:51:00,3.1,38.0,Hyderabad
ORD003447,CUST0096,Paneer Butter Masala,Main Course,2,541.95,Cash,Pending,2022-12-22 12:29:00,3.1,69.0,
ORD006517,CUST0230,Fish Fingers,Starters,1,212.85,Digital Wallet,Delivered,2023-01-03 20:52:00,2.9,67.0,Pune
ORD001257,CUST0691,BLT Sandwich,Sandwiches,1,178.12,UPI,Delivered,2022-10-09 15:44:00,2.8,,Chennai
ORD001507,CUST0009,Naan,Breads,2,76.96,,In Progress,2023-06-23 13:44:00,3.0,52.0,Mumbai
ORD003024,CUST0716,BBQ Chicken Pizza,Pizza,1,370.15,Debit Card,Delivered,2023-03-09 17:20:00,4.5,24.0,Chennai
ORD001099,CUST0103,Bruschetta,Starters,2,247.96,UPI,Delivered,2023-06-15 21:21:00,3.8,,Mumbai
ORD004936,CUST0358,Chicken Biryani,Main Course,1,350.46,Digital Wallet,In Progress,2023-07-07 13:41:00,4.5,35.0,Bangalore
ORD001744,CUST0660,Paratha,Breads,-1,51.07,UPI,Delivered,2023-07-25 18:48:00,3.7,53.0,Hyderabad
ORD006325,CUST0216,Mojito,Drinks,1,136.38,Credit Card,In Progress,2023-09-15 13:46:00,3.2,68.0,Bangalore
ORD006606,CUST0689,Spring Rolls,Starters,1,120.18,Digital Wallet,Delivered,2023-07-27 22:56:00,2.7,59.0,Hyderabad
ORD002375,CUST0182,Veg Biryani,Main Course,4,1077.18,Cash,Pending,2023-01-25 19:29:00,3.2,32.0,Mumbai
ORD004946,CUST0113,Veg Manchurian,Starters,2,306.32,UPI,In Progress,2022-12-21 12:13:00,3.2,58.0,Pune
ORD005536,CUST0193,Kheer,Desserts,1,92.28,Credit Card,Delivered,2023-02-24 13:20:00,4.9,63.0,Bangalore
ORD004617,CUST0776,Grilled Sandwich,Sandwiches,1,140.32,UPI,In Progress,2023-06-30 09:47:00,2.9,34.0,Bangalore
ORD006091,CUST0594,Bruschetta,Starters,1,128.88,Digital Wallet,Delivered,2022-10-07 16:23:00,4.2,22.0,Chennai
ORD005266,CUST0263,Dal Makhani,Main Course,4,911.16,Debit Card,Cancelled,2022-10-06 08:45:00,,71.0,Chennai
ORD002157,CUST0705,Chicken Burger,Burgers,2,408.02,Credit Card,Delivered,2023-06-02 20:54:00,3.3,19.0,Delhi
ORD002858,CUST0789,Watermelon Juice,Drinks,5,337.74,Cash,Delivered,2023-08-26 20:18:00,4.4,26.0,Hyderabad
ORD005409,CUST0710,Garlic Naan,Breads,1,59.88,UPI,Delivered,2022-12-15 09:55:00,3.8,54.0,Mumbai
ORD003535,CUST0786,Cold Brew Coffee,Drinks,1,145.64,Net Banking,In Progress,2023-04-14 13:10:00,2.6,47.0,Bangalore
ORD005953,CUST0408,BLT Sandwich,Sandwiches,1,177.81,Cash,In Progress,2023-07-12 16:04:00,2.5,29.0,Hyderabad
ORD002437,CUST0012,Dal Makhani,Main Course,1,218.75,Net Banking,Delivered,2023-09-10 12:20:00,3.8,48.0,Mumbai
ORD006019,CUST0354,Watermelon Juice,Drinks,4,274.44,Net Banking,Cancelled,2023-06-12 13:50:00,3.9,,Delhi
ORD001366,CUST0615,Cheese Burst Burger,BURGERS,1,218.41,UPI,Delivered,2023-02-28 20:40:00,2.7,28.0,Delhi
ORD006098,CUST0400,Veg Burger,Burgers,3,438.2,Credit Card,Pending,2023-07-26 09:56:00,4.0,72.0,Pune
ORD004002,CUST0083,Pasta Arrabbiata,Main Course,1,231.61,Debit Card,Pending,2023-06-03 13:22:00,3.6,27.0,Bangalore
ORD001402,CUST0047,Garlic Naan,Breads,1,59.3,Debit Card,Delivered,2023-07-29 12:04:00,3.6,48.0,Chennai
ORD005689,CUST0714,Garlic Naan,Breads,3,183.86,Net Banking,Cancelled,2022-10-01 19:38:00,4.7,39.0,Bangalore
ORD004666,CUST0663,Chicken Burger,Burgers,1,197.29,Cash,Pending,2023-05-15 14:38:00,4.3,58.0,Pune
ORD001949,CUST0210,Veg Manchurian,Starters,1,154.78,Credit Card,Pending,2023-07-09 20:59:00,2.7,61.0,Hyderabad
ORD003840,CUST0018,Pasta Arrabbiata,Main Course,2,460.15,Debit Card,Delivered,2023-09-07 20:50:00,4.0,50.0,Bangalore
ORD001019,CUST0061,Fresh Lime Soda,Drinks,2,121.06,Credit Card,Delivered,2022-10-04 08:40:00,4.8,70.0,Bangalore
ORD001229,CUST0563,Onion Rings,Starters,1,112.73,UPI,Pending,2023-08-07 13:44:00,4.5,67.0,Delhi
ORD005228,CUST0771,Club Sandwich,Sandwiches,1,167.9,Net Banking,Delivered,2023-05-29 17:28:00,3.5,21.0,Chennai
ORD001668,CUST0554,Spring Rolls,Starters,1,125.96,Net Banking,Delivered,2023-01-31 14:04:00,3.7,68.0,Hyderabad
ORD001218,CUST0054,Farmhouse Pizza,Pizza,1,325.43,Cash,Cancelled,2023-06-29 11:14:00,3.3,,Mumbai
ORD006055,CUST0421,Cold Brew Coffee,Drinks,1,149.28,Digital Wallet,In Progress,2022-10-04 21:34:00,3.6,41.0,Pune
ORD005102,CUST0070,Butter Chicken,Main Course,2,624.72,Debit Card,Delivered,2022-10-17 21:41:00,3.2,,Delhi
ORD004539,CUST0276,Chicken Soup,Starters,1,152.19,UPI,Delivered,08/07/2023 19:00,3.6,52.0,Chennai
ORD005287,CUST0547,Veg Fried Rice,MAIN COURSE,1,199.81,Digital Wallet,Delivered,2023-07-15 19:54:00,4.8,25.0,Bangalore
ORD005431,CUST0365,Chicken Tikka Masala,Main Course,2,673.9,Credit Card,Cancelled,2023-09-19 21:25:00,3.8,37.0,Bangalore
ORD001585,CUST0390,Veg Biryani,Main Course,4,1032.47,Net Banking,Delivered,2022-10-22 18:52:00,3.5,75.0,Pune
ORD005283,CUST0468,Masala Chai,Drinks,3,124.77,,Cancelled,2023-06-15 19:32:00,4.5,58.0,Pune
ORD006228,CUST0295,Veg Manchurian,Starters,4,627.94,Cash,Delivered,2022-11-09 17:47:00,3.2,41.0,Mumbai
ORD006208,CUST0664,Club Sandwich,Sandwiches,1,159.02,Debit Card,Delivered,2023-03-14 19:34:00,4.5,62.0,Delhi
ORD005728,CUST0206,Chicken Fried Rice,Main Course,2,506.83,Net Banking,Delivered,2023-01-29 19:28:00,3.2,25.0,Mumbai
ORD005017,CUST0235,Fish Curry,Main Course,3,970.29,,Delivered,2023-08-24 21:58:00,3.6,35.0,
ORD004670,CUST0800,Garlic Bread,Starters,1,92.16,Cash,Cancelled,2022-10-22 19:17:00,3.1,28.0,Mumbai
ORD006446,CUST0775,Club Sandwich,Sandwiches,1,160.91,Digital Wallet,In Progress,2023-07-21 21:06:00,4.1,20.0,Hyderabad
ORD001777,CUST0341,Watermelon Juice,Drinks,3,219.25,Net Banking,Cancelled,2023-05-30 20:59:00,4.7,,Mumbai
ORD004531,CUST0410,Tiramisu,Desserts,2,393.71,Net Banking,Cancelled,2023-08-28 09:29:00,3.4,23.0,Bangalore
ORD002018,CUST0764,Grilled Salmon,Main Course,4,1835.62,Cash,In Progress,2023-04-26 08:12:00,3.6,49.0,Pune
ORD002606,CUST0250,Tiramisu,Desserts,1,208.97,Credit Card,Delivered,2023-04-02 14:32:00,2.6,20.0,Chennai
ORD005196,CUST0314,Fish Fingers,Starters,4,896.41,Cash,Delivered,2023-07-16 12:03:00,4.4,39.0,
ORD005787,CUST0457,Butter Chicken,Main Course,2,616.58,Digital Wallet,Delivered,2023-09-02 08:20:00,,34.0,Pune
ORD004501,CUST0115,Cheese Burst Burger,Burgers,1,216.54,UPI,In Progress,2023-06-14 08:00:00,4.7,71.0,Pune
ORD003851,CUST0316,Fish Fingers,Starters,5,1055.41,Credit Card,In Progress,2023-07-27 22:47:00,3.6,29.0,Hyderabad
ORD004270,CUST0201,Naan,Breads,1,39.98,Net Banking,Pending,2023-10-06 09:58:00,4.6,69.0,
ORD002491,CUST0460,Chicken Soup,Starters,2,303.8,Credit Card,In Progress,2023-04-21 08:49:00,4.2,19.0,Pune
ORD003083,CUST0155,Fish Fingers,Starters,1,223.4,Cash,In Progress,2023-09-22 12:43:00,3.8,47.0,Pune
ORD003569,CUST0749,Chicken Soup,Starters,5,787.04,Cash,Pending,2023-09-21 14:30:00,,69.0,Mumbai
ORD004263,CUST0114,Mango Lassi,Drinks,2,164.94,Cash,Cancelled,2022-10-19 13:06:00,2.8,,Hyderabad
ORD003022,CUST0452,Palak Paneer,Main Course,1,269.88,Cash,Pending,16/10/2023 13:52,2.8,17.0,Mumbai
ORD006277,CUST0703,Chicken Burger,Burgers,1,203.13,,Pending,2023-08-18 21:11:00,3.2,17.0,Bangalore
ORD005420,CUST0609,Dal Makhani,Main Course,2,447.43,Cash,In Progress,2023-01-22 09:11:00,,,Mumbai
ORD002593,CUST0678,Gulab Jamun,Desserts,1,79.62,UPI,Delivered,2022-11-30 13:22:00,4.2,34.0,Bangalore
ORD001517,CUST0728,Grilled Salmon,Main Course,1,442.96,Debit Card,Pending,2023-03-10 12:18:00,4.1,,Hyderabad
ORD001321,CUST0659,Classic Burger,BURGERS,1,181.56,Cash,Delivered,2023-10-26 20:43:00,4.2,61.0,Delhi
ORD005192,CUST0462,Veg Burger,BURGERS,2,299.67,Credit Card,Pending,2022-10-18 12:25:00,,40.0,Bangalore
ORD004207,CUST0329,BBQ Chicken Pizza,Pizza,2,730.48,Credit Card,Pending,2023-04-09 21:08:00,4.5,17.0,Hyderabad
ORD005139,CUST0172,Classic Burger,Burgers,1,181.2,Net Banking,Delivered,2023-06-02 21:22:00,2.9,62.0,Bangalore
ORD004765,CUST0147,Paneer Butter Masala,Main Course,2,570.31,Net Banking,Delivered,2023-10-14 09:01:00,3.3,69.0,Pune
ORD001217,CUST0279,BLT Sandwich,Sandwiches,1,175.58,Credit Card,Delivered,2023-02-16 21:44:00,4.0,,Delhi
ORD004669,CUST0739,Fresh Lime Soda,Drinks,3,177.69,Digital Wallet,Delivered,2023-04-25 17:11:00,3.1,53.0,Hyderabad
ORD005610,CUST0410,Pepperoni Pizza,Pizza,2,695.91,Cash,In Progress,2023-05-23 13:44:00,4.0,52.0,Mumbai
ORD001360,CUST0396,Naan,Breads,1,39.03,UPI,In Progress,2022-11-25 19:03:00,3.5,25.0,Hyderabad
ORD005416,CUST0627,Paratha,Breads,4,199.05,Digital Wallet,Delivered,2023-02-03 09:40:00,4.9,31.0,Pune
ORD006631,CUST0302,Paneer Butter Masala,Main Course,2,586.37,Credit Card,Delivered,2022-10-02 22:10:00,4.1,23.0,Hyderabad
ORD004142,CUST0397,Farmhouse Pizza,Pizza,3,992.99,,Delivered,2023-07-05 09:22:00,4.6,25.0,Hyderabad
ORD004980,CUST0633,Classic Burger,Burgers,1,177.28,UPI,Delivered,2023-04-22 21:58:00,4.1,28.0,Chennai
ORD002052,CUST0212,Veg Fried Rice,Main Course,4,780.59,UPI,Delivered,2023-08-17 19:35:00,3.3,28.0,Chennai
ORD005707,CUST0301,Butter Chicken,Main Course,1,321.38,UPI,In Progress,2023-03-13 22:58:00,3.1,56.0,Mumbai
ORD001759,CUST0098,Garlic Bread,Starters,3,273.36,Digital Wallet,Delivered,2022-11-17 19:37:00,3.2,51.0,Chennai
ORD005712,CUST0165,Palak Paneer,Main Course,1,259.99,UPI,Delivered,2022-12-18 13:47:00,3.7,47.0,Chennai
ORD003885,CUST0739,Kheer,Desserts,2,185.98,Net Banking,Delivered,2023-03-19 10:51:00,2.8,,Pune
ORD006500,CUST0767,Onion Rings,Starters,1,111.24,Net Banking,Pending,2022-12-08 12:16:00,4.8,48.0,Delhi
ORD002426,CUST0191,Masala Chai,Drinks,1,41.07,Debit Card,Delivered,2023-03-22 12:57:00,4.5,46.0,Chennai
ORD003209,CUST0769,Strawberry Shake,Drinks,1,118.03,UPI,Delivered,2022-11-28 21:34:00,3.5,21.0,Delhi
ORD004783,CUST0476,Pepperoni Pizza,Pizza,4,1439.89,Credit Card,In Progress,2022-11-13 12:37:00,3.5,23.0,Mumbai
ORD001214,CUST0213,Chicken Soup,Starters,1,156.62,Net Banking,In Progress,2023-03-02 20:45:00,,45.0,Bangalore
ORD002614,CUST0491,Veg Manchurian,Starters,1,161.7,,Pending,2023-01-24 20:08:00,4.7,56.0,Pune
ORD006207,CUST0037,Egg Curry,Main Course,1,176.72,UPI,Delivered,2023-01-19 09:44:00,3.7,19.0,Delhi
ORD002717,CUST0505,Mutton Curry,Main Course,2,742.77,Digital Wallet,Delivered,2023-10-09 20:12:00,2.6,28.0,Chennai
ORD003799,CUST0209,Egg Curry,Main Course,1,185.71,Credit Card,Delivered,2023-10-31 21:34:00,3.6,43.0,Pune
ORD003095,CUST0186,Chicken Fried Rice,Main Course,1,256.92,UPI,Delivered,2023-07-29 22:17:00,4.8,33.0,Mumbai
ORD006933,CUST0200,Chicken Biryani,Main Course,3,1063.96,Cash,In Progress,2023-07-30 13:57:00,3.3,15.0,Hyderabad
ORD005394,CUST0490,Tiramisu,Desserts,4,786.05,,Delivered,2023-09-26 16:52:00,4.1,51.0,Delhi
ORD002702,CUST0107,Garlic Naan,Breads,1,59.04,Digital Wallet,Cancelled,2023-04-18 20:27:00,3.0,27.0,Chennai
ORD004164,CUST0308,Veg Biryani,Main Course,2,499.88,Cash,Cancelled,2023-09-07 17:19:00,2.5,27.0,Delhi
ORD005664,CUST0278,BLT Sandwich,Sandwiches,3,503.95,,Delivered,2023-03-16 21:16:00,2.7,34.0,Bangalore
ORD004095,CUST0586,Bruschetta,Starters,1,127.28,Debit Card,Delivered,2023-07-12 12:20:00,3.8,28.0,Hyderabad
ORD003104,CUST0026,Paratha,BREADS,1,48.26,Debit Card,Delivered,2023-05-13 21:04:00,4.1,57.0,Mumbai
ORD001196,CUST0075,Cold Brew Coffee,Drinks,2,309.14,Net Banking,Delivered,2023-09-16 13:29:00,2.9,41.0,Hyderabad
ORD001725,CUST0771,Rasgulla,Desserts,2,143.73,Credit Card,Pending,2023-01-02 20:38:00,3.3,35.0,Pune
ORD005628,CUST0055,Mango Lassi,Drinks,2,152.99,UPI,In Progress,2023-08-16 15:13:00,2.6,48.0,Mumbai
ORD002512,CUST0781,Margherita Pizza,Pizza,1,274.86,UPI,Delivered,2023-02-03 21:08:00,4.0,63.0,Chennai
ORD003087,CUST0036,Cold Coffee,Drinks,1,97.36,Net Banking,Delivered,2023-02-03 12:12:00,2.7,60.0,Bangalore
ORD001049,CUST0204,Butter Chicken,Main Course,3,984.11,Credit Card,Delivered,2023-09-10 12:51:00,2.6,45.0,Chennai
ORD005740,CUST0493,Pasta Arrabbiata,Main Course,3,743.94,Credit Card,In Progress,2023-07-24 09:09:00,3.4,56.0,Hyderabad
ORD002056,CUST0141,Fish Fingers,Starters,2,446.39,Net Banking,Delivered,2023-04-25 09:33:00,4.0,39.0,Hyderabad
ORD003330,CUST0778,Club Sandwich,Sandwiches,2,315.82,Digital Wallet,Delivered,2023-02-10 12:09:00,2.9,16.0,Delhi
ORD001887,CUST0476,Farmhouse Pizza,Pizza,4,1316.8,,Pending,2023-08-16 08:24:00,4.0,36.0,Pune
ORD004841,CUST0468,Chicken Biryani,Main Course,1,355.27,Net Banking,Delivered,2023-01-27 12:58:00,2.7,54.0,
ORD002092,CUST0086,Tiramisu,Desserts,1,197.33,Net Banking,Cancelled,2023-08-16 21:23:00,,31.0,Pune
ORD004592,CUST0223,Butter Chicken,Main Course,1,309.22,UPI,Delivered,2022-11-03 09:03:00,,40.0,Bangalore
ORD005166,CUST0537,BBQ Chicken Pizza,Pizza,2,704.37,Credit Card,In Progress,2023-10-21 09:49:00,,70.0,Pune
ORD001568,CUST0217,Fish Fingers,Starters,1,219.37,Credit Card,Pending,2023-03-19 11:34:00,3.8,31.0,Chennai
ORD001516,CUST0346,Veg Manchurian,Starters,1,162.11,UPI,In Progress,2022-12-14 21:40:00,4.0,,Mumbai
ORD004703,CUST0606,Chicken Fried Rice,Main Course,3,762.1,Cash,Delivered,2022-11-10 12:21:00,2.6,47.0,Mumbai
ORD006174,CUST0790,Chicken Tikka Masala,Main Course,2,628.84,Digital Wallet,In Progress,2022-12-14 14:01:00,3.2,67.0,Mumbai
ORD003575,CUST0234,Masala Chai,Drinks,1,41.97,Credit Card,Pending,2022-11-03 13:12:00,3.2,23.0,Delhi
ORD001139,CUST0499,Paneer Butter Masala,Main Course,1,278.04,Digital Wallet,In Progress,2023-02-23 19:37:00,3.3,29.0,Hyderabad
ORD006888,CUST0311,Palak Paneer,Main Course,3,760.86,UPI,Delivered,2023-01-02 09:26:00,3.3,32.0,Pune
ORD003197,CUST0492,Palak Paneer,Main Course,1,271.13,Credit Card,Delivered,2023-06-12 13:33:00,3.8,64.0,Pune
ORD003333,CUST0274,Veg Supreme Pizza,Pizza,2,612.97,Net Banking,In Progress,2022-11-18 08:08:00,2.5,23.0,Pune
ORD004773,CUST0719,Margherita Pizza,Pizza,1,285.3,Cash,Delivered,2023-07-16 12:48:00,4.2,61.0,Bangalore
ORD002149,CUST0410,Ice Cream Sundae,Desserts,1,149.29,Credit Card,Delivered,2023-08-14 15:49:00,3.2,25.0,
ORD003476,CUST0784,Mojito,Drinks,2,248.53,Net Banking,Delivered,2023-08-28 21:27:00,3.9,40.0,Pune
ORD005663,CUST0363,Bruschetta,Starters,4,523.51,UPI,Delivered,2023-09-09 20:21:00,3.9,40.0,Hyderabad
ORD006824,CUST0312,Lamb Rogan Josh,Main Course,2,820.1,Cash,Pending,2023-09-22 19:31:00,3.6,43.0,Bangalore
ORD006113,CUST0041,Pasta Arrabbiata,Main Course,2,456.22,UPI,In Progress,2023-03-26 09:44:00,3.6,23.0,Bangalore
ORD005291,CUST0561,Veg Burger,Burgers,3,447.08,Net Banking,Delivered,2023-08-15 20:16:00,3.2,34.0,Mumbai
ORD001463,CUST0005,Tandoori Roti,Breads,2,59.19,Debit Card,Delivered,2023-03-11 21:10:00,4.5,60.0,Pune
ORD004379,CUST0207,Cheese Burst Burger,Burgers,1,225.03,Cash,In Progress,22/04/2023 16:00,4.6,56.0,Hyderabad
ORD005609,CUST0466,Margherita Pizza,Pizza,4,1103.27,Cash,Cancelled,2023-07-16 09:34:00,,49.0,Chennai
ORD001594,CUST0296,Chocolate Brownie,Desserts,1,117.7,Net Banking,Delivered,2023-10-09 20:28:00,2.8,23.0,Delhi
ORD001450,CUST0551,Spring Rolls,Starters,1,120.17,Digital Wallet,Delivered,2022-11-19 09:49:00,4.1,28.0,Pune
ORD004007,CUST0585,Tandoori Roti,Breads,3,93.26,Net Banking,Delivered,2022-10-19 12:01:00,2.7,62.0,Delhi
ORD003576,CUST0153,Farmhouse Pizza,Pizza,5,1599.14,Digital Wallet,Delivered,2022-11-06 18:33:00,4.5,45.0,
ORD001312,CUST0625,Ice Cream Sundae,Desserts,2,305.31,Net Banking,Delivered,2022-11-05 16:00:00,3.6,61.0,Delhi
ORD006367,CUST0465,Pepperoni Pizza,Pizza,4,1440.85,Credit Card,Delivered,2022-11-30 13:34:00,4.0,73.0,Delhi
ORD006915,CUST0496,Mutton Curry,Main Course,3,1083.13,Cash,Pending,2023-08-25 21:42:00,3.9,19.0,Bangalore
ORD001451,CUST0211,Veg Manchurian,Starters,2,310.82,Digital Wallet,In Progress,2023-09-16 13:06:00,4.7,62.0,
ORD006903,CUST0723,Bruschetta,Starters,2,249.29,Credit Card,Delivered,2023-04-24 12:56:00,2.7,74.0,
ORD001890,CUST0599,Mutton Curry,Main Course,1,366.23,UPI,Pending,2022-10-23 08:19:00,4.9,63.0,
ORD003915,CUST0564,Watermelon Juice,Drinks,2,135.37,,Delivered,2023-01-29 09:49:00,4.2,19.0,Pune
ORD006839,CUST0630,Rasgulla,Desserts,1,69.0,Cash,Pending,2023-10-06 09:39:00,2.7,47.0,Hyderabad
ORD003268,CUST0213,Butter Chicken,Main Course,1,321.93,Credit Card,Delivered,2023-05-06 21:37:00,2.7,68.0,Pune
ORD006670,CUST0684,Watermelon Juice,Drinks,3,200.81,,Delivered,2023-03-29 09:15:00,3.9,41.0,Delhi
ORD001999,CUST0668,Farmhouse Pizza,Pizza,2,641.21,Cash,Delivered,2023-07-27 16:52:00,4.9,72.0,Mumbai
ORD006931,CUST0527,Veg Biryani,Main Course,2,516.83,Cash,Delivered,2022-10-26 09:37:00,3.0,63.0,Mumbai
ORD002476,CUST0551,Veg Supreme Pizza,Pizza,2,618.86,Cash,Delivered,2023-05-16 08:02:00,4.8,21.0,Bangalore
ORD006451,CUST0111,Tandoori Roti,Breads,3,93.19,,Pending,2023-01-31 20:11:00,4.5,53.0,Bangalore
ORD006049,CUST0487,Gulab Jamun,Desserts,1,82.74,Credit Card,Cancelled,2023-03-28 15:05:00,4.9,58.0,Delhi
ORD006105,CUST0576,Grilled Salmon,Main Course,1,465.79,Digital Wallet,Delivered,2023-07-05 08:04:00,3.7,,Chennai
ORD006386,CUST0035,Veg Fried Rice,Main Course,1,198.22,Cash,Pending,2023-01-27 13:23:00,,25.0,Mumbai
ORD006858,CUST0350,Veg Biryani,Main Course,1,254.45,Net Banking,Delivered,2022-10-19 19:12:00,4.8,36.0,Delhi
ORD003864,CUST0642,Watermelon Juice,Drinks,2,145.45,Credit Card,In Progress,2023-03-28 19:03:00,,24.0,Chennai
ORD006298,CUST0321,Mango Lassi,Drinks,1,82.35,Credit Card,Pending,2023-04-19 21:19:00,,40.0,Bangalore
ORD002293,CUST0451,Paneer Tikka,Starters,1,207.92,UPI,In Progress,2022-10-27 09:51:00,3.7,34.0,Chennai
ORD006336,CUST0139,Onion Rings,Starters,1,111.73,Net Banking,Delivered,2023-10-06 20:47:00,4.2,47.0,Mumbai
ORD006064,CUST0594,Chicken Burger,Burgers,1,192.51,Net Banking,Delivered,2023-10-23 22:52:00,3.6,50.0,Pune
ORD002907,CUST0737,Veg Biryani,Main Course,2,497.14,Net Banking,Delivered,2023-08-03 19:28:00,3.6,70.0,Chennai
ORD004837,CUST0448,Chicken Soup,Starters,1,145.24,Net Banking,In Progress,2023-03-27 12:04:00,5.0,52.0,Pune
ORD005194,CUST0440,Masala Chai,Drinks,3,114.6,Digital Wallet,Delivered,2023-03-31 15:32:00,2.6,25.0,Bangalore
ORD001368,CUST0192,Ice Cream Sundae,Desserts,2,296.63,UPI,Delivered,2023-04-08 21:23:00,3.2,44.0,Bangalore
ORD002937,CUST0185,Fresh Lime Soda,Drinks,1,59.85,Credit Card,Cancelled,31/05/2023 19:53,3.9,34.0,Chennai
ORD002151,CUST0272,Pasta Arrabbiata,Main Course,1,228.69,Cash,Pending,2023-09-04 16:22:00,2.7,42.0,Delhi
ORD004578,CUST0411,Veg Biryani,Main Course,2,525.59,Net Banking,In Progress,2023-10-30 17:12:00,3.4,71.0,Bangalore
ORD004686,CUST0544,Spring Rolls,Starters,2,246.27,Net Banking,Delivered,2023-09-14 19:28:00,3.8,27.0,Mumbai
ORD006962,CUST0540,Cheesecake,Desserts,2,367.16,UPI,Delivered,2023-04-18 13:52:00,4.5,23.0,Mumbai
ORD001191,CUST0057,Ice Cream Sundae,Desserts,2,290.46,Cash,Pending,2022-12-06 13:58:00,2.9,25.0,Delhi
ORD001174,CUST0491,Tiramisu,Desserts,3,580.51,Net Banking,Delivered,2023-09-16 13:44:00,4.5,19.0,Pune
ORD006807,CUST0374,Naan,Breads,3,116.17,UPI,Delivered,2023-05-15 12:09:00,3.5,72.0,Chennai
ORD004424,CUST0460,Ice Cream Sundae,Desserts,2,289.69,Cash,Delivered,2023-09-20 20:18:00,2.9,30.0,Mumbai
ORD004914,CUST0363,Margherita Pizza,Pizza,1,288.36,Net Banking,Pending,2023-08-06 19:57:00,3.4,44.0,Pune
ORD003641,CUST0131,Ice Cream Sundae,Desserts,3,441.82,Net Banking,Delivered,2023-09-12 21:22:00,3.8,54.0,Chennai
ORD006269,CUST0781,Paratha,Breads,2,98.62,UPI,Delivered,2023-06-11 14:03:00,3.2,73.0,Hyderabad
ORD006899,CUST0242,Naan,Breads,1,41.05,Cash,Delivered,04/11/2022 10:57,,53.0,Hyderabad
ORD006398,CUST0543,Cheesecake,Desserts,1,183.37,Credit Card,Delivered,2023-07-25 09:13:00,4.8,25.0,Delhi
ORD003602,CUST0506,Mojito,Drinks,4,510.77,Debit Card,Delivered,20/10/2023 20:56,5.0,26.0,Bangalore
ORD002164,CUST0092,Classic Burger,Burgers,2,367.05,Credit Card,Cancelled,2023-05-09 13:47:00,4.1,32.0,Pune
ORD005746,CUST0058,Egg Curry,Main Course,2,374.15,UPI,Delivered,2023-09-17 21:12:00,2.9,41.0,Hyderabad
ORD005512,CUST0300,Pepperoni Pizza,Pizza,1,365.29,Cash,Pending,2023-01-27 09:06:00,4.9,27.0,
ORD002661,CUST0200,Dal Makhani,Main Course,1,209.92,UPI,Pending,2023-03-05 08:08:00,3.0,66.0,Delhi
ORD001508,CUST0243,Tandoori Roti,Breads,1,30.34,Debit Card,Cancelled,2023-02-10 10:16:00,4.9,36.0,Bangalore
ORD001166,CUST0102,Club Sandwich,Sandwiches,1,153.31,,In Progress,2023-01-23 08:59:00,3.3,24.0,Delhi
ORD005358,CUST0518,Bruschetta,Starters,2,257.3,Debit Card,Delivered,2023-10-28 16:34:00,4.5,16.0,Pune
ORD005152,CUST0401,Veg Biryani,Main Course,1,249.35,Digital Wallet,Pending,2023-03-31 19:27:00,2.7,37.0,Pune
ORD003303,CUST0488,Mojito,Drinks,2,261.14,Digital Wallet,Delivered,2022-10-16 08:29:00,2.6,21.0,Hyderabad
ORD005043,CUST0437,Mutton Curry,Main Course,1,362.73,UPI,Delivered,2023-02-03 09:38:00,2.6,22.0,Delhi
ORD001103,CUST0030,Strawberry Shake,Drinks,3,345.62,Cash,Delivered,2022-12-25 19:57:00,4.5,33.0,Bangalore
ORD003463,CUST0421,Margherita Pizza,Pizza,2,534.8,Net Banking,Delivered,2023-06-08 20:40:00,3.2,44.0,Chennai
ORD006401,CUST0647,Cold Brew Coffee,Drinks,1,144.07,Debit Card,Delivered,2023-10-06 20:20:00,3.7,30.0,Delhi
ORD003770,CUST0140,Fish Fingers,Starters,1,215.28,Net Banking,Delivered,2023-03-26 19:13:00,2.7,39.0,
ORD002752,CUST0086,Chocolate Brownie,Desserts,4,482.1,Debit Card,Pending,2022-11-07 12:35:00,3.8,31.0,Bangalore
ORD006407,CUST0366,Egg Curry,Main Course,5,927.76,Cash,Delivered,2022-10-05 12:48:00,4.0,17.0,Hyderabad
ORD006205,CUST0483,Fish Curry,Main Course,1,353.85,Cash,Delivered,2023-05-11 09:46:00,3.0,38.0,Chennai
ORD002658,CUST0053,Butter Chicken,Main Course,3,956.19,Digital Wallet,Pending,2023-08-15 12:23:00,2.8,43.0,Hyderabad
ORD001152,CUST0517,Chicken Biryani,Main Course,1,363.97,Net Banking,Delivered,2023-03-25 22:05:00,2.6,60.0,Hyderabad
ORD003642,CUST0287,Cold Coffee,Drinks,2,204.78,Debit Card,Delivered,2023-06-22 12:52:00,3.3,47.0,Chennai
ORD002583,CUST0595,Club Sandwich,Sandwiches,2,314.26,UPI,Delivered,2023-08-24 12:11:00,3.7,37.0,Bangalore
ORD003223,CUST0352,Ice Cream Sundae,Desserts,2,293.67,Credit Card,Cancelled,2023-05-23 15:40:00,4.3,49.0,Chennai
ORD004166,CUST0749,Farmhouse Pizza,Pizza,1,306.54,Net Banking,In Progress,2022-10-11 09:10:00,4.4,,Pune
ORD005446,CUST0516,Cheesecake,Desserts,3,541.54,Debit Card,Delivered,2022-12-17 11:31:00,4.5,55.0,Delhi
ORD003157,CUST0759,Watermelon Juice,Drinks,1,67.78,Credit Card,Delivered,2023-04-27 09:42:00,4.6,27.0,Bangalore
ORD004881,CUST0566,Cold Coffee,Drinks,4,391.18,UPI,Cancelled,2022-10-12 21:19:00,3.7,48.0,Hyderabad
ORD006814,CUST0145,Grilled Sandwich,Sandwiches,1,145.15,UPI,Cancelled,2023-04-27 21:26:00,3.6,50.0,Bangalore
ORD002822,CUST0686,Club Sandwich,Sandwiches,1,155.5,Debit Card,Delivered,2023-05-05 12:32:00,,49.0,Chennai
ORD005672,CUST0007,Veg Biryani,Main Course,1,272.0,Cash,Cancelled,2023-09-29 20:56:00,4.8,50.0,
ORD004711,CUST0728,Chicken Soup,Starters,2,299.1,Debit Card,Delivered,2022-10-20 08:03:00,4.7,53.0,Bangalore
ORD001309,CUST0002,Veg Fried Rice,Main Course,2,389.37,,Cancelled,2023-09-01 09:06:00,2.7,52.0,Delhi
ORD005588,CUST0334,Dal Makhani,Main Course,1,210.87,UPI,Cancelled,2023-04-08 21:42:00,4.5,32.0,Mumbai
ORD005284,CUST0519,Classic Burger,Burgers,2,9999.0,UPI,Delivered,2023-07-29 09:20:00,3.1,30.0,Bangalore
ORD006034,CUST0538,Paneer Butter Masala,Main Course,1,266.14,Credit Card,Delivered,2023-10-13 13:40:00,,25.0,Chennai
ORD001495,CUST0601,Chocolate Brownie,Desserts,5,616.78,Credit Card,Pending,2023-03-30 19:25:00,2.5,60.0,Mumbai
ORD001205,CUST0532,Paratha,Breads,1,47.69,UPI,Delivered,2023-10-01 12:30:00,4.0,47.0,Delhi
ORD002434,CUST0628,Egg Curry,Main Course,1,181.0,Digital Wallet,Delivered,2023-03-09 11:46:00,2.6,41.0,Delhi
ORD002135,CUST0662,Pasta Arrabbiata,Main Course,3,752.13,UPI,In Progress,2023-09-09 08:57:00,4.4,35.0,Bangalore
ORD001868,CUST0570,Cold Coffee,DRINKS,1,98.95,Debit Card,Cancelled,2022-12-02 20:46:00,3.0,47.0,Bangalore
ORD001305,CUST0291,Grilled Sandwich,Sandwiches,1,146.55,Debit Card,Pending,2023-01-17 14:20:00,3.9,,Hyderabad
ORD002849,CUST0697,Bruschetta,Starters,4,511.69,Debit Card,Delivered,2022-12-24 12:43:00,3.8,36.0,Pune
ORD003284,CUST0119,Cold Brew Coffee,Drinks,4,585.8,,Pending,2023-02-10 19:29:00,3.1,35.0,Delhi
ORD002988,CUST0552,Tandoori Roti,Breads,1,30.11,Net Banking,Cancelled,2023-06-15 15:16:00,4.5,51.0,Chennai
ORD003805,CUST0050,Chicken Tikka Masala,Main Course,3,1029.06,,Pending,2023-08-25 08:56:00,4.3,51.0,Pune
ORD002534,CUST0607,Chocolate Brownie,Desserts,3,369.23,Debit Card,Pending,2023-01-25 09:40:00,3.5,55.0,Bangalore
ORD001843,CUST0610,Spring Rolls,Starters,5,603.94,Credit Card,Delivered,2023-08-18 19:54:00,3.2,57.0,Pune
ORD002987,CUST0667,Dal Makhani,Main Course,2,452.51,Net Banking,In Progress,2022-11-24 08:43:00,3.3,56.0,Chennai
ORD004034,CUST0633,Veg Biryani,Main Course,1,248.43,Net Banking,Delivered,2023-03-07 19:59:00,2.6,21.0,Pune
ORD004921,CUST0799,Margherita Pizza,Pizza,3,876.29,UPI,Cancelled,2023-10-03 21:28:00,3.7,32.0,Delhi
ORD004130,CUST0637,Cheese Burst Burger,Burgers,1,220.08,Net Banking,Delivered,2023-03-02 10:53:00,2.5,38.0,Hyderabad
ORD005105,CUST0219,Cheese Burst Burger,Burgers,1,230.46,UPI,In Progress,2023-09-03 13:27:00,4.4,47.0,Delhi
ORD002538,CUST0492,Butter Chicken,Main Course,2,654.54,Debit Card,Cancelled,2023-03-13 13:47:00,3.3,46.0,Bangalore
ORD001211,CUST0754,Kheer,Desserts,2,178.39,Net Banking,Delivered,2023-08-10 21:55:00,4.3,48.0,Delhi
ORD002957,CUST0320,Lamb Rogan Josh,MAIN COURSE,2,806.54,Digital Wallet,Cancelled,2023-09-22 19:28:00,3.9,59.0,Mumbai
ORD004800,CUST0209,Farmhouse Pizza,Pizza,2,654.39,Cash,Delivered,2023-07-16 08:19:00,4.2,28.0,Bangalore
ORD006010,CUST0325,Chicken Soup,Starters,2,293.2,Cash,Delivered,2022-11-15 15:47:00,4.2,49.0,
ORD003764,CUST0487,Rasgulla,Desserts,1,67.73,Cash,Cancelled,2023-04-26 13:13:00,3.1,23.0,Bangalore
ORD002349,CUST0135,Gulab Jamun,Desserts,2,159.85,UPI,Pending,2023-01-29 13:34:00,4.9,22.0,Mumbai
ORD004383,CUST0527,Chicken Tikka Masala,Main Course,2,688.44,Net Banking,In Progress,2022-11-30 14:44:00,3.5,70.0,Mumbai
ORD006176,CUST0661,Mojito,Drinks,3,385.63,Digital Wallet,Delivered,11/09/2023 08:42,3.9,29.0,Pune
ORD001680,CUST0789,Dal Makhani,Main Course,2,455.96,Net Banking,In Progress,2023-07-04 15:29:00,3.0,18.0,Delhi
ORD001180,CUST0630,Lamb Rogan Josh,Main Course,2,795.77,UPI,Delivered,2023-10-08 21:22:00,4.1,65.0,Mumbai
ORD004836,CUST0505,Cheesecake,Desserts,1,183.12,Credit Card,Delivered,2023-10-22 18:55:00,4.5,,Delhi
ORD004634,CUST0471,Garlic Naan,Breads,4,240.61,UPI,In Progress,2023-04-21 16:19:00,4.6,31.0,Mumbai
ORD004362,CUST0577,Gulab Jamun,Desserts,2,165.11,Cash,Delivered,2022-12-12 21:27:00,4.9,26.0,Delhi
ORD001278,CUST0460,Paratha,Breads,1,48.27,Digital Wallet,Cancelled,2023-05-05 20:04:00,4.0,49.0,Chennai
ORD001289,CUST0626,Chicken Burger,Burgers,2,399.58,UPI,Pending,2023-08-24 12:24:00,2.8,37.0,Hyderabad
ORD006306,CUST0649,Veg Biryani,Main Course,3,808.04,Cash,Cancelled,2023-10-25 10:08:00,4.6,,Mumbai
ORD001993,CUST0643,Ice Cream Sundae,Desserts,1,150.23,Net Banking,Cancelled,2023-03-23 18:09:00,3.1,22.0,Delhi
ORD003646,CUST0797,Chicken Fried Rice,Main Course,2,477.67,Net Banking,Delivered,12/12/2022 11:19,3.4,47.0,Bangalore
ORD006364,CUST0142,Butter Chicken,Main Course,1,322.24,Credit Card,Pending,2023-01-23 12:45:00,2.7,34.0,Delhi
ORD005267,CUST0499,Ice Cream Sundae,Desserts,2,312.46,Credit Card,Cancelled,2023-06-29 13:43:00,3.2,32.0,
ORD005853,CUST0542,Farmhouse Pizza,Pizza,2,612.69,Digital Wallet,Pending,2023-01-18 12:35:00,4.0,65.0,Mumbai
ORD001270,CUST0398,Mojito,Drinks,2,255.44,Cash,In Progress,2023-04-16 08:26:00,4.8,72.0,Delhi
ORD004571,CUST0084,Mango Lassi,Drinks,1,79.44,UPI,Delivered,2023-07-26 09:47:00,3.0,22.0,Bangalore
ORD005943,CUST0207,Cold Brew Coffee,Drinks,5,779.02,UPI,Delivered,2022-12-21 08:35:00,3.2,43.0,Bangalore
ORD006216,CUST0748,Mango Lassi,Drinks,1,76.56,Credit Card,In Progress,2023-10-28 09:40:00,4.7,24.0,Bangalore
ORD005704,CUST0072,Margherita Pizza,Pizza,2,539.67,Digital Wallet,Delivered,10/03/2023 16:52,4.7,,Chennai
ORD001111,CUST0335,Paneer Tikka,Starters,1,197.3,Net Banking,Cancelled,07/12/2022 09:18,2.9,23.0,Chennai
ORD002391,CUST0705,Veg Biryani,Main Course,2,544.5,Net Banking,Cancelled,2022-10-24 20:24:00,3.1,53.0,Chennai
ORD001220,CUST0238,Chicken Fried Rice,Main Course,1,253.65,Digital Wallet,In Progress,2023-10-29 09:36:00,4.3,74.0,Mumbai
ORD005136,CUST0735,Lamb Rogan Josh,Main Course,1,411.83,Cash,Delivered,2022-10-08 13:18:00,4.1,22.0,Pune
ORD001083,CUST0641,Grilled Salmon,Main Course,4,1722.81,Digital Wallet,In Progress,2023-01-28 21:50:00,4.5,27.0,Hyderabad
ORD004870,CUST0511,Ice Cream Sundae,Desserts,1,144.2,Digital Wallet,In Progress,2023-07-12 21:01:00,3.5,34.0,Pune
ORD003989,CUST0527,Veg Manchurian,Starters,2,309.52,Cash,In Progress,2023-04-11 21:19:00,3.5,63.0,Delhi
ORD001461,CUST0339,Rasgulla,Desserts,2,136.51,Debit Card,Delivered,2023-01-10 19:31:00,4.2,30.0,Mumbai
ORD006322,CUST0646,Pasta Arrabbiata,Main Course,2,501.4,Cash,Delivered,2023-04-09 10:12:00,3.1,65.0,Bangalore
ORD001551,CUST0185,Garlic Bread,Starters,2,183.65,Digital Wallet,Cancelled,2023-05-07 21:10:00,3.8,57.0,
ORD006705,CUST0607,Mutton Curry,Main Course,1,371.76,UPI,In Progress,2022-10-07 19:19:00,4.9,43.0,Bangalore
ORD004739,CUST0397,Paneer Tikka,Starters,1,199.72,Net Banking,In Progress,2023-07-13 20:03:00,2.7,47.0,Hyderabad
ORD005028,CUST0365,Cold Brew Coffee,DRINKS,1,148.63,Net Banking,Delivered,2022-12-21 21:47:00,3.8,36.0,Chennai
ORD003146,CUST0589,Butter Chicken,Main Course,4,1249.09,Debit Card,Cancelled,2023-07-24 13:14:00,3.2,48.0,
ORD003937,CUST0489,Chocolate Brownie,Desserts,3,368.18,Debit Card,Pending,2023-09-01 12:36:00,4.0,54.0,Chennai
ORD003995,CUST0736,Chicken Tikka Masala,Main Course,1,330.29,Credit Card,Delivered,2023-08-03 13:47:00,2.8,19.0,Pune
ORD001650,CUST0771,Cold Coffee,Drinks,1,99.64,Digital Wallet,Delivered,2023-06-01 12:47:00,3.4,60.0,Hyderabad
ORD001708,CUST0152,Bruschetta,Starters,1,130.81,,Cancelled,2022-10-18 19:22:00,3.8,25.0,Chennai
ORD004855,CUST0621,Paneer Tikka,Starters,3,599.88,Credit Card,Delivered,2023-01-20 08:19:00,5.0,21.0,Mumbai
ORD004529,CUST0454,Garlic Naan,Breads,5,292.67,Credit Card,Delivered,2022-12-27 21:23:00,2.5,73.0,Pune
ORD005939,CUST0153,Farmhouse Pizza,Pizza,2,623.69,Credit Card,Delivered,2023-05-04 18:46:00,2.6,25.0,Pune
ORD002424,CUST0012,Margherita Pizza,Pizza,1,266.96,Digital Wallet,Cancelled,2023-01-30 09:20:00,3.7,37.0,Delhi
ORD002216,CUST0716,Tandoori Roti,Breads,1,30.67,UPI,In Progress,2022-12-12 08:15:00,4.4,75.0,Mumbai
ORD006194,CUST0391,Tandoori Roti,Breads,2,57.37,Debit Card,Delivered,2023-05-13 19:42:00,2.9,41.0,Pune
ORD002924,CUST0725,Egg Curry,Main Course,2,351.7,Cash,Delivered,2022-10-02 12:42:00,4.5,17.0,Bangalore
ORD003792,CUST0201,Onion Rings,STARTERS,4,446.9,Debit Card,Cancelled,2022-10-03 10:50:00,3.7,69.0,Pune
ORD005246,CUST0062,Grilled Salmon,Main Course,5,2230.78,Credit Card,Cancelled,2022-10-23 20:50:00,4.7,33.0,Hyderabad
ORD001314,CUST0254,Mojito,Drinks,3,384.21,Debit Card,In Progress,2023-05-08 12:08:00,2.7,50.0,Chennai
ORD006509,CUST0728,Pepperoni Pizza,Pizza,2,678.72,Credit Card,Delivered,2023-05-20 20:58:00,4.9,74.0,Bangalore
ORD002427,CUST0065,Classic Burger,Burgers,2,345.47,Debit Card,Cancelled,2023-03-25 20:16:00,4.1,49.0,Delhi
ORD003705,CUST0593,Strawberry Shake,Drinks,1,117.88,Net Banking,Delivered,2023-02-20 20:47:00,3.5,59.0,Bangalore
ORD003996,CUST0091,Mojito,Drinks,5,630.25,UPI,In Progress,2023-04-08 13:26:00,,72.0,Mumbai
ORD004237,CUST0005,Bruschetta,Starters,1,125.52,Credit Card,Delivered,2023-03-17 19:03:00,3.1,23.0,Delhi
ORD004944,CUST0448,Veg Manchurian,Starters,1,164.02,UPI,In Progress,28/10/2022 13:51,2.9,42.0,Bangalore
ORD005965,CUST0794,Grilled Salmon,Main Course,1,462.84,Credit Card,Cancelled,2023-04-15 16:17:00,2.6,27.0,Delhi
ORD005456,CUST0254,Spring Rolls,Starters,4,485.4,Net Banking,Pending,2023-09-29 13:44:00,2.6,17.0,Pune
ORD006381,CUST0265,Strawberry Shake,Drinks,2,241.3,Cash,Delivered,2023-04-14 13:08:00,3.4,65.0,Pune
ORD002477,CUST0198,Chicken Biryani,Main Course,2,706.31,,Delivered,2022-12-25 21:31:00,5.0,73.0,Bangalore
ORD003579,CUST0793,Tiramisu,Desserts,3,629.08,UPI,In Progress,2023-01-18 19:11:00,4.3,24.0,Delhi
ORD001684,CUST0423,Ice Cream Sundae,Desserts,1,144.15,Credit Card,Cancelled,2023-01-25 09:47:00,,19.0,Hyderabad
ORD005436,CUST0035,Fish Fingers,Starters,2,437.24,UPI,In Progress,2023-01-20 21:23:00,4.2,16.0,Bangalore
ORD003742,CUST0681,Gulab Jamun,Desserts,3,238.48,Debit Card,Cancelled,2022-11-30 19:59:00,3.9,17.0,Chennai
ORD006844,CUST0788,Kheer,Desserts,4,376.61,Debit Card,Delivered,2023-07-16 13:12:00,2.7,58.0,Pune
ORD003314,CUST0415,Farmhouse Pizza,Pizza,2,661.86,Net Banking,Delivered,2022-12-27 20:34:00,,66.0,Chennai
ORD001326,CUST0691,Paratha,Breads,1,48.29,Net Banking,Delivered,2023-10-31 09:36:00,3.1,47.0,Mumbai
ORD006061,CUST0684,Ice Cream Sundae,Desserts,5,719.82,Net Banking,In Progress,2023-08-09 21:46:00,3.1,29.0,Mumbai
ORD006209,CUST0036,Veg Manchurian,Starters,1,152.32,Net Banking,Pending,2023-06-22 13:50:00,3.6,52.0,Delhi
ORD004182,CUST0312,BLT Sandwich,Sandwiches,1,166.7,Digital Wallet,Cancelled,2023-08-19 21:55:00,3.8,25.0,Chennai
ORD006235,CUST0369,Rasgulla,Desserts,1,69.47,UPI,Cancelled,2023-02-27 16:28:00,4.9,,Delhi
ORD003380,CUST0716,Naan,Breads,2,78.92,Debit Card,Cancelled,01/10/2023 16:24,4.3,30.0,Delhi
ORD005113,CUST0383,Naan,Breads,1,41.14,Credit Card,Delivered,2023-08-21 11:25:00,,32.0,
ORD004825,CUST0534,Paneer Tikka,Starters,1,196.14,UPI,Cancelled,2023-08-13 22:32:00,3.4,34.0,Chennai
ORD004864,CUST0696,Veg Fried Rice,Main Course,1,199.45,Credit Card,Pending,2022-12-15 19:08:00,4.9,42.0,Pune
ORD001348,CUST0543,Kheer,Desserts,4,370.03,,Pending,2022-10-30 20:30:00,5.0,25.0,
ORD002626,CUST0053,Tiramisu,Desserts,2,391.08,UPI,In Progress,2023-07-18 13:17:00,5.0,53.0,Mumbai
ORD006738,CUST0492,Classic Burger,Burgers,3,517.37,Debit Card,Delivered,2023-03-24 21:57:00,4.3,46.0,Pune
ORD001871,CUST0403,Veg Fried Rice,Main Course,2,396.53,Digital Wallet,Delivered,2023-09-22 19:48:00,4.5,,Pune
ORD004023,CUST0536,Masala Chai,Drinks,1,41.51,,In Progress,14/08/2023 08:36,4.7,65.0,Mumbai
ORD003683,CUST0098,Farmhouse Pizza,Pizza,1,314.23,UPI,Cancelled,2023-07-29 17:01:00,4.7,28.0,Pune
ORD003389,CUST0453,Masala Chai,Drinks,1,38.91,Debit Card,Delivered,2022-10-09 20:56:00,4.6,47.0,Bangalore
ORD003218,CUST0167,Margherita Pizza,Pizza,2,549.25,Debit Card,Delivered,2023-06-17 18:57:00,,32.0,Pune
ORD006421,CUST0354,Mushroom Risotto,Main Course,2,617.89,Digital Wallet,Pending,2023-06-21 08:39:00,2.8,73.0,Pune
ORD003121,CUST0007,Grilled Salmon,Main Course,1,463.18,UPI,In Progress,2023-02-19 09:15:00,3.3,,Chennai
ORD003451,CUST0690,Paneer Tikka,Starters,1,206.52,Cash,Delivered,2023-09-03 09:14:00,5.0,71.0,Delhi
ORD001085,CUST0706,Ice Cream Sundae,Desserts,3,453.11,Debit Card,In Progress,2023-02-25 13:29:00,3.5,32.0,Chennai
ORD003877,CUST0665,Veg Supreme Pizza,Pizza,2,618.25,Debit Card,Delivered,2023-07-15 11:53:00,3.1,61.0,Hyderabad
ORD002877,CUST0187,Mutton Curry,MAIN COURSE,2,777.45,Net Banking,Cancelled,2023-04-19 08:55:00,4.9,56.0,Hyderabad
ORD006601,CUST0693,Mango Lassi,Drinks,1,77.47,Net Banking,Delivered,2022-10-03 09:01:00,3.0,55.0,Hyderabad
ORD006180,CUST0354,Onion Rings,Starters,2,214.9,Cash,Pending,2023-07-15 14:36:00,4.2,26.0,Bangalore
ORD005112,CUST0134,Naan,Breads,1,40.62,Debit Card,Delivered,2022-11-23 15:56:00,4.0,18.0,Chennai
ORD001494,CUST0369,Chicken Biryani,Main Course,2,713.89,Credit Card,In Progress,2023-08-11 09:02:00,2.5,25.0,Mumbai
ORD006280,CUST0151,Cold Coffee,Drinks,1,97.4,Digital Wallet,Cancelled,2023-07-04 12:46:00,2.7,71.0,Bangalore
ORD005200,CUST0326,Cold Brew Coffee,Drinks,2,293.29,,Cancelled,2023-01-16 09:33:00,3.7,48.0,Delhi
ORD004939,CUST0786,Classic Burger,Burgers,2,354.21,Net Banking,Delivered,2023-07-04 21:18:00,2.6,65.0,Delhi
ORD002270,CUST0705,Chicken Tikka Masala,Main Course,1,322.84,Credit Card,Delivered,2022-10-13 11:49:00,3.2,22.0,Hyderabad
ORD004833,CUST0506,Fresh Lime Soda,Drinks,5,313.01,Net Banking,In Progress,2023-09-04 18:34:00,4.8,42.0,Pune
ORD003689,CUST0179,BBQ Chicken Pizza,Pizza,1,373.1,Net Banking,Delivered,2023-05-09 13:17:00,4.3,52.0,Bangalore
ORD006002,CUST0219,Watermelon Juice,Drinks,3,200.61,Cash,Pending,2023-05-01 12:00:00,3.3,55.0,Pune
ORD001618,CUST0162,Veg Burger,Burgers,2,308.18,Debit Card,Delivered,2023-09-09 09:09:00,2.5,54.0,Chennai
ORD006178,CUST0745,Mushroom Risotto,Main Course,1,312.69,,Delivered,2023-03-25 16:51:00,4.3,43.0,Chennai
ORD003685,CUST0757,Ice Cream Sundae,Desserts,1,148.17,Digital Wallet,Delivered,2023-09-01 08:42:00,4.6,22.0,Delhi
ORD003676,CUST0087,Spring Rolls,Starters,2,251.16,Debit Card,Delivered,2022-11-13 12:37:00,4.8,31.0,Delhi
ORD005617,CUST0222,Veg Biryani,MAIN COURSE,1,268.12,UPI,Delivered,2022-12-07 13:40:00,4.9,32.0,Pune
ORD006143,CUST0697,Masala Chai,Drinks,1,41.32,UPI,Delivered,2023-02-18 11:17:00,3.0,71.0,Pune
ORD006585,CUST0348,Fish Curry,Main Course,1,352.42,UPI,Delivered,2023-01-22 09:08:00,2.7,17.0,Mumbai
ORD002413,CUST0482,Rasgulla,Desserts,1,66.56,Cash,Delivered,2023-06-23 09:44:00,4.0,28.0,Pune
ORD003201,CUST0115,Cheesecake,Desserts,3,563.63,Cash,Cancelled,2023-07-18 20:44:00,4.7,43.0,
ORD004297,CUST0242,Cold Coffee,Drinks,1,96.52,UPI,Delivered,2023-10-01 19:24:00,2.8,26.0,Pune
ORD005520,CUST0711,Garlic Naan,Breads,2,122.19,Net Banking,Delivered,2023-08-13 20:31:00,2.9,22.0,Bangalore
ORD001869,CUST0725,Bruschetta,Starters,4,543.16,UPI,Delivered,22/08/2023 12:48,3.1,35.0,Bangalore
ORD003006,CUST0651,Garlic Naan,Breads,2,120.48,Digital Wallet,Delivered,2023-07-13 16:57:00,3.7,58.0,Pune
ORD006234,CUST0573,Mojito,Drinks,4,526.28,UPI,Delivered,2022-10-27 19:15:00,4.8,75.0,
ORD001356,CUST0180,Garlic Bread,Starters,4,364.09,UPI,Delivered,2023-04-01 11:37:00,4.3,33.0,Delhi
ORD002162,CUST0531,Mojito,Drinks,2,268.52,Net Banking,Pending,2023-03-04 19:57:00,3.7,32.0,Pune
ORD005599,CUST0789,Veg Fried Rice,Main Course,4,837.65,Cash,In Progress,2023-09-04 13:12:00,2.6,72.0,Delhi
ORD003456,CUST0635,Grilled Sandwich,Sandwiches,2,278.36,Digital Wallet,Pending,2022-11-14 20:31:00,3.0,34.0,Pune
ORD006975,CUST0001,Kheer,Desserts,4,343.53,Credit Card,Delivered,2023-03-23 13:47:00,3.6,46.0,Mumbai
ORD002890,CUST0788,Chicken Tikka Masala,Main Course,2,688.0,Cash,Delivered,2023-10-20 20:52:00,2.5,34.0,Delhi
ORD001579,CUST0150,Chicken Soup,Starters,1,150.86,Net Banking,Delivered,2023-10-04 09:20:00,4.4,71.0,
ORD004221,CUST0470,Garlic Naan,Breads,2,124.38,Credit Card,Delivered,2023-05-18 09:12:00,3.5,16.0,Hyderabad
ORD002691,CUST0040,Fish Curry,Main Course,3,991.74,Credit Card,In Progress,2023-02-13 12:41:00,4.8,31.0,Hyderabad
ORD001862,CUST0276,Paratha,Breads,2,99.93,Cash,Delivered,2023-10-21 15:07:00,3.7,41.0,Mumbai
ORD005088,CUST0677,Garlic Naan,Breads,1,59.95,UPI,Delivered,2023-08-09 09:16:00,2.9,53.0,Chennai
ORD005906,CUST0055,Bruschetta,Starters,1,123.69,Credit Card,Pending,2023-09-09 16:51:00,4.8,33.0,Mumbai
ORD005264,CUST0478,Garlic Bread,Starters,1,88.33,,Delivered,2023-07-13 09:13:00,2.8,54.0,Mumbai
ORD005690,CUST0006,Grilled Sandwich,Sandwiches,2,289.78,Debit Card,Delivered,2023-02-03 13:39:00,3.7,54.0,Mumbai
ORD002116,CUST0237,Mushroom Risotto,Main Course,-1,1451.06,Cash,In Progress,2023-03-12 15:27:00,4.5,47.0,Mumbai
ORD002541,CUST0648,Onion Rings,Starters,2,209.54,Credit Card,Cancelled,2022-12-11 20:24:00,3.4,42.0,Pune
ORD003807,CUST0339,Garlic Naan,Breads,2,124.72,Credit Card,Pending,2023-03-24 08:13:00,4.1,21.0,Bangalore
ORD005660,CUST0270,Chicken Biryani,Main Course,1,362.77,Net Banking,In Progress,2023-10-23 08:37:00,4.2,41.0,Mumbai
ORD006572,CUST0728,Club Sandwich,Sandwiches,1,160.12,Net Banking,Delivered,2023-09-27 19:33:00,3.8,73.0,Mumbai
ORD003666,CUST0144,Palak Paneer,Main Course,2,538.28,UPI,Delivered,2023-04-03 13:19:00,2.8,39.0,Delhi
ORD004353,CUST0353,Chicken Fried Rice,Main Course,4,1008.52,Net Banking,Cancelled,2023-09-29 13:23:00,5.0,17.0,Delhi
ORD006349,CUST0382,Chicken Burger,Burgers,2,418.14,Digital Wallet,Delivered,2022-12-02 21:53:00,4.8,73.0,Bangalore
ORD006365,CUST0757,BBQ Chicken Pizza,Pizza,1,366.53,Digital Wallet,In Progress,2022-11-08 13:25:00,3.7,58.0,Bangalore
ORD006964,CUST0375,Tandoori Roti,Breads,1,30.91,Net Banking,Cancelled,2023-06-04 08:55:00,2.7,72.0,Delhi
ORD003450,CUST0334,Grilled Sandwich,Sandwiches,1,140.36,Credit Card,Cancelled,2023-03-31 08:36:00,2.9,32.0,Hyderabad
ORD006779,CUST0488,Cold Coffee,Drinks,2,192.72,UPI,Pending,2023-04-05 20:54:00,3.7,72.0,Pune
ORD005829,CUST0187,Farmhouse Pizza,Pizza,1,310.35,Cash,Delivered,2023-02-20 12:50:00,3.8,15.0,Mumbai
ORD006811,CUST0730,Veg Manchurian,Starters,2,334.76,Debit Card,Pending,2023-05-21 19:58:00,4.8,73.0,Mumbai
ORD003052,CUST0192,Bruschetta,Starters,1,130.48,Net Banking,Pending,2023-01-03 17:40:00,4.3,24.0,Delhi
ORD002776,CUST0245,Farmhouse Pizza,Pizza,1,325.98,,Delivered,2022-10-30 22:18:00,3.0,63.0,Bangalore
ORD004340,CUST0658,Veg Manchurian,Starters,2,313.51,Net Banking,Delivered,2023-02-19 12:43:00,4.7,34.0,Bangalore
ORD005343,CUST0579,Chicken Tikka Masala,Main Course,3,1007.36,Digital Wallet,Pending,2023-05-31 15:22:00,2.8,26.0,Mumbai
ORD002592,CUST0124,Chocolate Brownie,Desserts,1,123.77,Credit Card,Delivered,2022-10-13 08:18:00,4.6,58.0,Mumbai
ORD002723,CUST0421,Naan,Breads,1,40.9,UPI,In Progress,2022-12-03 21:20:00,,32.0,Hyderabad
ORD005738,CUST0192,Lamb Rogan Josh,Main Course,2,780.23,Digital Wallet,Cancelled,2023-08-29 15:26:00,4.7,20.0,Mumbai
ORD005371,CUST0687,Chicken Fried Rice,Main Course,2,494.88,Cash,In Progress,2022-11-20 19:50:00,3.8,15.0,
ORD001490,CUST0564,Chocolate Brownie,Desserts,4,460.81,Digital Wallet,In Progress,2023-06-18 13:21:00,,18.0,Delhi
ORD006090,CUST0173,Garlic Bread,Starters,2,180.99,Credit Card,Pending,2022-12-06 15:59:00,4.7,35.0,Hyderabad
ORD002006,CUST0751,Butter Chicken,Main Course,2,652.45,Debit Card,In Progress,2023-07-02 10:40:00,4.2,27.0,Pune
ORD004213,CUST0057,Kheer,Desserts,2,187.91,,Pending,2023-03-10 08:09:00,3.9,39.0,Chennai
ORD004540,CUST0694,Classic Burger,Burgers,3,547.65,Cash,Cancelled,2023-04-09 20:43:00,4.9,51.0,Pune
ORD002417,CUST0162,Paratha,Breads,1,49.39,Cash,Delivered,03/08/2023 19:10,3.4,29.0,Mumbai
ORD001025,CUST0749,Veg Supreme Pizza,Pizza,1,296.71,Digital Wallet,In Progress,2023-05-21 12:44:00,4.3,24.0,Delhi
ORD002113,CUST0315,Chicken Fried Rice,Main Course,3,750.57,,In Progress,2023-02-15 21:16:00,3.1,72.0,Hyderabad
ORD004113,CUST0392,Veg Manchurian,Starters,2,331.2,,Delivered,2023-09-22 12:13:00,3.8,16.0,Pune
ORD002552,CUST0636,Grilled Salmon,Main Course,2,875.1,UPI,Pending,2022-10-02 12:52:00,2.9,32.0,Bangalore
ORD006171,CUST0466,Palak Paneer,Main Course,3,793.14,Credit Card,Pending,2023-07-20 14:28:00,4.3,26.0,Pune
ORD005525,CUST0671,Garlic Bread,Starters,2,178.24,Cash,Pending,2023-03-14 12:20:00,3.4,62.0,Mumbai
ORD001433,CUST0561,BBQ Chicken Pizza,Pizza,2,768.6,Debit Card,In Progress,2023-06-20 12:44:00,4.3,50.0,
ORD003986,CUST0139,Grilled Sandwich,Sandwiches,2,292.55,Net Banking,In Progress,2023-06-06 12:02:00,4.8,72.0,Delhi
ORD006510,CUST0448,Naan,Breads,3,118.25,UPI,Pending,2023-05-08 21:31:00,3.4,57.0,Bangalore
ORD006358,CUST0677,Chicken Burger,Burgers,1,192.66,Credit Card,Cancelled,2023-06-02 21:01:00,2.6,34.0,Chennai
ORD004024,CUST0370,Onion Rings,Starters,4,460.73,Digital Wallet,Delivered,2023-07-11 22:21:00,3.4,37.0,
ORD004161,CUST0334,Paneer Tikka,Starters,1,207.99,Digital Wallet,Cancelled,2023-08-15 21:57:00,4.9,74.0,Delhi
ORD004352,CUST0499,Margherita Pizza,Pizza,2,542.55,Cash,Delivered,2022-12-05 12:30:00,3.6,54.0,Bangalore
ORD006781,CUST0529,Dal Makhani,Main Course,1,222.08,Cash,Delivered,2022-10-06 09:27:00,4.4,71.0,Mumbai
ORD004505,CUST0638,Veg Supreme Pizza,Pizza,2,627.96,Debit Card,In Progress,2022-11-22 09:45:00,4.1,43.0,Hyderabad
ORD006825,CUST0644,Fish Curry,Main Course,1,338.36,UPI,Delivered,2023-08-09 14:36:00,4.4,37.0,Hyderabad
ORD002102,CUST0632,Fresh Lime Soda,Drinks,3,181.75,Credit Card,Delivered,2022-11-09 19:37:00,4.2,67.0,Pune
ORD004089,CUST0384,Margherita Pizza,Pizza,2,537.33,UPI,Delivered,2023-07-01 12:41:00,4.0,35.0,Delhi
ORD005650,CUST0190,Cold Brew Coffee,Drinks,2,285.83,Cash,In Progress,2023-06-13 22:00:00,4.8,69.0,Hyderabad
ORD006724,CUST0538,Pepperoni Pizza,Pizza,2,694.8,Debit Card,Delivered,2023-09-04 22:36:00,2.5,29.0,Delhi
ORD001194,CUST0030,Pasta Arrabbiata,Main Course,3,727.57,Cash,Delivered,2023-07-16 08:55:00,4.9,64.0,Chennai
ORD001615,CUST0742,Rasgulla,Desserts,3,219.2,Cash,Cancelled,2023-09-12 22:13:00,3.5,70.0,Chennai
ORD001643,CUST0588,Cheesecake,Desserts,2,342.39,Net Banking,Delivered,2023-05-21 15:30:00,3.6,66.0,Bangalore
ORD005350,CUST0542,Kheer,Desserts,1,87.45,UPI,In Progress,2023-01-31 20:07:00,,44.0,Chennai
ORD006642,CUST0775,Spring Rolls,Starters,3,369.63,Net Banking,Pending,2023-05-07 21:16:00,4.1,23.0,
ORD006118,CUST0578,Naan,Breads,1,38.62,UPI,Delivered,2023-01-08 08:49:00,,28.0,Hyderabad
ORD001330,CUST0336,Chocolate Brownie,Desserts,1,119.58,,Pending,2023-02-22 20:19:00,3.6,38.0,Delhi
ORD004608,CUST0234,Mango Lassi,Drinks,1,77.2,Debit Card,Delivered,2023-08-17 13:46:00,4.4,27.0,Pune
ORD004817,CUST0088,Mushroom Risotto,Main Course,1,303.22,Digital Wallet,In Progress,2023-05-12 12:53:00,4.9,36.0,Bangalore
ORD006466,CUST0622,Strawberry Shake,Drinks,2,240.91,Digital Wallet,In Progress,2023-01-29 20:03:00,3.7,,Chennai
ORD004996,CUST0720,Palak Paneer,Main Course,2,528.8,Net Banking,Delivered,2022-12-29 12:21:00,4.8,23.0,Hyderabad
ORD001483,CUST0431,Paneer Butter Masala,MAIN COURSE,3,873.35,Debit Card,Delivered,2023-09-13 19:33:00,4.2,42.0,Delhi
ORD001719,CUST0310,Fresh Lime Soda,Drinks,1,59.29,Digital Wallet,Delivered,2023-07-11 14:52:00,3.7,62.0,Hyderabad
ORD003521,CUST0751,Naan,Breads,2,83.83,Net Banking,Delivered,2022-12-18 20:41:00,4.6,15.0,Bangalore
ORD003059,CUST0611,Chocolate Brownie,Desserts,1,119.54,Credit Card,Delivered,2023-05-26 21:44:00,4.8,22.0,Mumbai
ORD004988,CUST0043,Veg Biryani,Main Course,1,250.34,Net Banking,Delivered,2023-04-06 19:36:00,,61.0,Hyderabad
ORD001032,CUST0568,Bruschetta,Starters,2,272.67,Debit Card,In Progress,2023-08-31 15:42:00,2.8,,Delhi
ORD001664,CUST0125,Fresh Lime Soda,Drinks,2,114.04,Digital Wallet,Pending,2023-09-18 20:30:00,4.8,37.0,Bangalore
ORD005765,CUST0021,Strawberry Shake,Drinks,1,124.43,UPI,In Progress,2023-09-20 08:49:00,3.0,75.0,
ORD004560,CUST0100,Club Sandwich,Sandwiches,3,485.59,UPI,Delivered,2022-10-12 18:31:00,4.8,64.0,Pune
ORD002444,CUST0580,Garlic Bread,Starters,2,172.87,UPI,Pending,2023-09-28 14:38:00,3.8,74.0,Pune
ORD006058,CUST0697,Paneer Tikka,Starters,2,399.65,,Delivered,2023-06-04 20:14:00,2.7,55.0,Hyderabad
ORD004153,CUST0259,Spring Rolls,Starters,1,115.72,Debit Card,Cancelled,2023-08-12 18:14:00,2.6,40.0,Pune
ORD006911,CUST0416,Strawberry Shake,Drinks,4,464.02,Debit Card,In Progress,2022-12-18 19:11:00,3.3,33.0,Delhi
ORD002705,CUST0475,Chocolate Brownie,Desserts,2,237.97,Cash,Delivered,2022-10-04 21:55:00,4.6,53.0,Chennai
ORD003441,CUST0680,Mushroom Risotto,Main Course,1,288.19,Net Banking,Cancelled,2023-01-02 12:50:00,2.9,71.0,Bangalore
ORD006424,CUST0239,Classic Burger,Burgers,1,177.47,Credit Card,In Progress,2023-02-10 09:31:00,4.3,60.0,Hyderabad
ORD005219,CUST0328,Dal Makhani,Main Course,4,905.29,UPI,Cancelled,2023-07-06 21:04:00,3.2,41.0,Hyderabad
ORD003277,CUST0599,Kheer,Desserts,1,91.36,UPI,Pending,2023-04-16 20:15:00,3.0,37.0,Mumbai
ORD002401,CUST0187,Naan,Breads,4,167.91,Net Banking,Pending,2022-12-17 19:04:00,,48.0,Pune
ORD005640,CUST0736,Butter Chicken,Main Course,2,652.22,UPI,In Progress,2022-12-13 13:35:00,3.7,71.0,Delhi
ORD001170,CUST0299,Kheer,Desserts,2,182.38,,Delivered,2023-07-22 12:09:00,4.0,30.0,Chennai
ORD001540,CUST0257,BBQ Chicken Pizza,Pizza,3,1056.87,Cash,Cancelled,2023-04-12 13:08:00,,50.0,Bangalore
ORD004211,CUST0441,Garlic Bread,Starters,2,188.65,Cash,In Progress,2023-04-28 12:53:00,3.5,69.0,Mumbai
ORD005537,CUST0662,Club Sandwich,Sandwiches,2,314.06,Debit Card,Delivered,2023-05-09 08:20:00,2.7,71.0,Delhi
ORD006822,CUST0390,Spring Rolls,Starters,1,121.45,Cash,Pending,2023-10-18 09:48:00,4.2,70.0,Hyderabad
ORD005015,CUST0775,Paneer Butter Masala,Main Course,1,269.39,Cash,Pending,2023-03-10 14:20:00,3.4,65.0,Pune
ORD001674,CUST0330,Ice Cream Sundae,Desserts,2,288.62,,Delivered,2023-09-16 17:08:00,4.0,36.0,Mumbai
ORD004347,CUST0097,Tandoori Roti,Breads,1,30.56,Net Banking,In Progress,2023-05-27 13:24:00,4.6,35.0,Pune
ORD005851,CUST0432,Paratha,Breads,1,49.98,Net Banking,Delivered,2022-11-24 20:15:00,4.1,38.0,
ORD002815,CUST0422,Grilled Sandwich,Sandwiches,4,561.22,Net Banking,Delivered,2023-07-26 21:41:00,2.6,38.0,Delhi
ORD005970,CUST0299,Veg Fried Rice,Main Course,3,606.44,Debit Card,Delivered,2022-10-12 18:44:00,4.9,19.0,Pune
ORD003100,CUST0472,Margherita Pizza,Pizza,1,291.1,Debit Card,Delivered,2023-05-10 21:32:00,4.6,56.0,Pune
ORD006763,CUST0609,Fish Curry,Main Course,2,691.35,Digital Wallet,In Progress,2023-01-15 21:11:00,3.4,49.0,Hyderabad
ORD006100,CUST0357,Mojito,Drinks,1,126.62,,Delivered,2023-04-04 20:32:00,4.7,56.0,Delhi
ORD003101,CUST0664,Pepperoni Pizza,Pizza,2,672.87,Net Banking,Delivered,08/01/2023 19:10,4.2,,Bangalore
ORD006128,CUST0711,Garlic Bread,Starters,3,258.69,UPI,Cancelled,2022-10-03 21:45:00,4.2,44.0,Bangalore
ORD003862,CUST0539,Mutton Curry,Main Course,2,755.55,UPI,Delivered,2023-08-28 09:19:00,2.6,56.0,Bangalore
ORD002548,CUST0288,Chicken Fried Rice,Main Course,4,1040.26,Digital Wallet,Delivered,2023-08-21 21:30:00,3.9,36.0,
ORD005961,CUST0291,Naan,Breads,2,80.19,Cash,Delivered,2023-08-17 20:53:00,3.9,15.0,Mumbai
ORD003432,CUST0473,Club Sandwich,Sandwiches,2,305.58,Net Banking,Delivered,2023-05-15 14:37:00,3.2,53.0,Delhi
ORD001355,CUST0665,Garlic Naan,Breads,5,306.97,,Delivered,2023-05-12 20:31:00,4.3,50.0,Pune
ORD003548,CUST0768,Naan,Breads,1,38.01,UPI,Delivered,2023-01-27 22:08:00,4.3,34.0,Mumbai
ORD003754,CUST0144,Garlic Naan,Breads,2,114.83,Debit Card,Delivered,2023-07-28 21:03:00,4.1,47.0,Bangalore
ORD005885,CUST0291,Veg Fried Rice,Main Course,1,192.91,Credit Card,In Progress,2023-08-23 21:40:00,4.0,42.0,Bangalore
ORD006361,CUST0413,Kheer,Desserts,2,177.85,Credit Card,Delivered,2022-12-25 19:45:00,3.9,47.0,
ORD005314,CUST0366,Margherita Pizza,Pizza,4,1148.81,Debit Card,Delivered,2023-08-31 17:18:00,2.8,22.0,Bangalore
ORD003373,CUST0617,Grilled Salmon,Main Course,5,2164.85,Net Banking,Cancelled,2023-07-27 08:24:00,3.9,69.0,Hyderabad
ORD002051,CUST0800,Tandoori Roti,Breads,1,28.55,Digital Wallet,Delivered,2023-09-02 22:49:00,4.3,,Hyderabad
ORD003321,CUST0205,Mutton Curry,Main Course,1,388.15,Net Banking,In Progress,2022-10-05 09:10:00,3.7,75.0,Pune
ORD005792,CUST0032,Watermelon Juice,Drinks,4,270.37,Credit Card,Delivered,2022-11-15 19:07:00,4.1,42.0,Hyderabad
ORD004694,CUST0410,Chicken Fried Rice,Main Course,5,1290.32,Debit Card,Delivered,2022-12-24 21:22:00,4.9,30.0,Mumbai
ORD002751,CUST0552,Veg Burger,Burgers,2,307.13,Credit Card,Delivered,2022-12-09 08:11:00,3.1,18.0,Chennai
ORD003517,CUST0032,Classic Burger,Burgers,1,180.33,Digital Wallet,Cancelled,2023-01-28 12:14:00,5.0,42.0,Chennai
ORD002772,CUST0692,Club Sandwich,Sandwiches,4,610.71,Debit Card,Delivered,2023-04-25 20:46:00,,26.0,Bangalore
ORD002196,CUST0449,Pasta Arrabbiata,Main Course,5,1208.85,Net Banking,Delivered,2023-01-11 10:31:00,3.1,62.0,Delhi
ORD002878,CUST0735,Mushroom Risotto,Main Course,1,298.72,Net Banking,Delivered,2023-01-19 10:50:00,4.8,56.0,Chennai
ORD003016,CUST0752,Cold Coffee,Drinks,3,296.02,Cash,Delivered,2022-10-01 19:01:00,4.1,29.0,Pune
ORD003005,CUST0637,Veg Manchurian,Starters,1,154.25,UPI,Delivered,2023-07-01 19:36:00,,44.0,Mumbai
ORD005912,CUST0488,Veg Supreme Pizza,Pizza,2,580.8,Credit Card,Delivered,2023-04-28 11:45:00,4.9,75.0,Delhi
ORD002482,CUST0503,Pepperoni Pizza,PIZZA,1,354.42,Cash,Cancelled,2023-04-25 13:05:00,2.8,50.0,Hyderabad
ORD001328,CUST0330,Club Sandwich,Sandwiches,2,333.25,Credit Card,Cancelled,2023-10-15 19:14:00,4.8,35.0,Bangalore
ORD001648,CUST0158,Bruschetta,Starters,1,124.6,UPI,Cancelled,2022-12-14 18:52:00,4.4,30.0,Pune
ORD004129,CUST0618,Chicken Biryani,MAIN COURSE,3,1045.33,Credit Card,Delivered,2023-02-19 15:09:00,4.4,38.0,Chennai
ORD002123,CUST0322,Lamb Rogan Josh,Main Course,2,810.05,Net Banking,Cancelled,2023-01-16 19:24:00,4.5,26.0,Bangalore
ORD003835,CUST0192,Cold Brew Coffee,Drinks,2,291.21,Cash,Delivered,2023-06-09 21:38:00,3.9,45.0,Chennai
ORD004021,CUST0274,Cold Coffee,Drinks,2,190.17,UPI,Delivered,2023-03-31 15:12:00,3.8,20.0,Bangalore
ORD003513,CUST0313,Veg Biryani,Main Course,2,514.74,Net Banking,In Progress,2023-08-12 19:04:00,4.2,69.0,Mumbai
ORD003902,CUST0669,Rasgulla,Desserts,4,276.43,,In Progress,2022-11-13 21:43:00,5.0,45.0,Hyderabad
ORD003855,CUST0436,Garlic Bread,Starters,1,93.82,UPI,Cancelled,2022-12-28 18:11:00,3.6,68.0,Pune
ORD006069,CUST0248,Farmhouse Pizza,Pizza,1,307.02,Cash,Pending,2023-07-02 14:18:00,3.5,46.0,Bangalore
ORD002259,CUST0270,Garlic Bread,Starters,2,174.75,Digital Wallet,Cancelled,2022-12-31 08:44:00,4.1,30.0,Pune
ORD004103,CUST0318,Tandoori Roti,Breads,2,57.45,Credit Card,Cancelled,2023-01-06 08:29:00,4.1,54.0,Delhi
ORD006357,CUST0694,Kheer,Desserts,1,87.74,Cash,Delivered,2023-08-25 14:43:00,3.3,73.0,Chennai
ORD005519,CUST0088,Club Sandwich,Sandwiches,1,162.63,UPI,Delivered,2023-07-24 08:30:00,3.0,23.0,Pune
ORD002519,CUST0088,Kheer,Desserts,5,470.1,Debit Card,Delivered,2023-07-18 12:21:00,2.9,54.0,Bangalore
ORD002378,CUST0613,Bruschetta,Starters,2,259.38,UPI,Delivered,2022-11-21 16:13:00,3.9,52.0,
ORD005919,CUST0424,Classic Burger,Burgers,2,346.3,Cash,Delivered,2023-05-12 20:09:00,2.8,33.0,Hyderabad
ORD002023,CUST0500,Cheesecake,Desserts,2,374.16,Cash,Delivered,2023-05-26 21:54:00,2.5,44.0,Bangalore
ORD004014,CUST0722,Dal Makhani,Main Course,3,672.65,Credit Card,Cancelled,2022-10-02 19:36:00,3.6,33.0,Mumbai
ORD005306,CUST0523,Butter Chicken,Main Course,1,335.49,Debit Card,Cancelled,2023-01-27 17:20:00,3.2,45.0,Delhi
ORD003431,CUST0143,Watermelon Juice,Drinks,1,68.72,Cash,Pending,2023-02-16 11:49:00,4.1,34.0,Delhi
ORD001912,CUST0416,Tiramisu,Desserts,3,586.91,,In Progress,2023-03-27 20:25:00,,56.0,Chennai
ORD005741,CUST0293,Garlic Bread,Starters,1,92.07,UPI,In Progress,2022-12-16 20:26:00,4.6,52.0,Hyderabad
ORD002675,CUST0401,Palak Paneer,Main Course,2,536.71,UPI,Delivered,2023-01-07 20:57:00,3.2,33.0,Chennai
ORD002746,CUST0112,Grilled Sandwich,Sandwiches,1,143.7,UPI,Delivered,2023-01-17 08:26:00,4.2,25.0,Bangalore
ORD004279,CUST0008,Tandoori Roti,Breads,1,28.57,Cash,In Progress,2022-12-28 13:03:00,2.7,65.0,Mumbai
ORD002736,CUST0757,Mushroom Risotto,Main Course,1,311.0,Cash,Delivered,2023-01-13 13:34:00,4.2,50.0,Hyderabad
ORD002629,CUST0441,Paneer Butter Masala,Main Course,1,275.45,Credit Card,Delivered,2023-08-16 19:18:00,3.1,53.0,Chennai
ORD005003,CUST0152,Fish Fingers,Starters,4,855.45,UPI,Delivered,2022-11-27 19:07:00,4.0,51.0,Pune
ORD001430,CUST0444,Garlic Naan,Breads,5,285.13,Digital Wallet,Cancelled,2023-10-12 08:59:00,4.8,64.0,Delhi
ORD002808,CUST0587,Paratha,Breads,1,50.8,UPI,Delivered,17/11/2022 20:24,3.5,19.0,Delhi
ORD006801,CUST0608,Garlic Bread,Starters,1,87.9,Cash,In Progress,2023-05-25 09:36:00,3.0,70.0,Delhi
ORD003486,CUST0006,Palak Paneer,Main Course,3,749.71,UPI,In Progress,2023-05-30 15:59:00,3.4,56.0,Bangalore
ORD004475,CUST0030,Kheer,Desserts,1,92.39,UPI,Delivered,2023-01-20 19:03:00,4.4,35.0,Chennai
ORD004555,CUST0473,Paratha,Breads,3,145.02,Credit Card,In Progress,12/10/2023 13:50,4.3,26.0,Delhi
ORD006667,CUST0671,Chicken Soup,Starters,3,428.96,Debit Card,In Progress,2023-09-09 19:08:00,3.4,27.0,Chennai
ORD003222,CUST0199,Bruschetta,Starters,4,508.78,Digital Wallet,Pending,2023-02-19 08:32:00,4.6,22.0,Hyderabad
ORD004319,CUST0418,Veg Fried Rice,Main Course,1,196.36,Digital Wallet,Pending,2022-10-10 19:51:00,4.9,41.0,Mumbai
ORD006083,CUST0657,Pasta Arrabbiata,Main Course,1,244.17,Net Banking,In Progress,2023-05-25 21:36:00,4.7,55.0,Delhi
ORD006403,CUST0075,BBQ Chicken Pizza,Pizza,3,1138.62,Cash,Delivered,2023-03-09 14:24:00,4.9,69.0,Hyderabad
ORD004721,CUST0785,Strawberry Shake,Drinks,1,124.93,Credit Card,Delivered,2023-09-14 14:20:00,4.1,52.0,Hyderabad
ORD005631,CUST0626,Lamb Rogan Josh,Main Course,1,395.17,Digital Wallet,Delivered,2023-07-23 19:58:00,2.8,59.0,Delhi
ORD006376,CUST0105,Grilled Salmon,Main Course,2,876.16,,Pending,2023-02-02 19:40:00,4.6,72.0,
ORD002995,CUST0396,Veg Fried Rice,Main Course,1,207.78,UPI,Cancelled,2022-10-09 08:33:00,3.4,17.0,Mumbai
ORD004246,CUST0095,BLT Sandwich,Sandwiches,1,161.92,Digital Wallet,Pending,2023-05-21 21:50:00,4.6,22.0,Mumbai
ORD003224,CUST0297,Spring Rolls,Starters,1,118.57,Debit Card,Delivered,2023-07-27 16:16:00,4.5,25.0,Pune
ORD002106,CUST0373,Garlic Bread,Starters,5,471.23,Cash,Delivered,2023-07-23 21:23:00,,47.0,Mumbai
ORD005988,CUST0792,Masala Chai,Drinks,3,125.16,Net Banking,Cancelled,2023-06-02 19:19:00,4.5,20.0,Hyderabad
ORD001818,CUST0426,Mojito,Drinks,1,123.6,,In Progress,2023-08-19 20:27:00,3.9,61.0,Chennai
ORD005677,CUST0789,Spring Rolls,Starters,1,120.29,Cash,Delivered,23/07/2023 09:43,4.0,66.0,Bangalore
ORD005399,CUST0570,Chicken Biryani,Main Course,2,690.31,UPI,In Progress,2022-12-06 19:20:00,2.6,72.0,Hyderabad
ORD002697,CUST0317,Fish Fingers,Starters,1,212.61,Digital Wallet,In Progress,2022-11-19 20:18:00,3.9,19.0,Mumbai
ORD006135,CUST0644,Cheese Burst Burger,Burgers,1,216.01,,Delivered,2023-06-08 12:08:00,4.8,54.0,Bangalore
ORD001136,CUST0094,Cold Coffee,Drinks,2,198.02,Net Banking,Pending,2022-12-12 20:01:00,3.0,41.0,Hyderabad
ORD004308,CUST0165,Grilled Sandwich,Sandwiches,2,289.23,UPI,Pending,2022-11-05 13:45:00,,63.0,Delhi
ORD003981,CUST0221,Mutton Curry,Main Course,2,791.02,Digital Wallet,Delivered,2022-11-11 08:48:00,4.5,75.0,Pune
ORD006368,CUST0411,Chicken Soup,Starters,2,294.66,Cash,Delivered,2023-04-07 21:33:00,3.5,23.0,Delhi
ORD002180,CUST0140,Ice Cream Sundae,Desserts,1,145.58,Credit Card,In Progress,2022-12-13 17:31:00,4.1,24.0,Bangalore
ORD005552,CUST0511,Tiramisu,Desserts,1,209.11,Credit Card,Delivered,2023-01-03 12:31:00,2.5,59.0,Pune
ORD001888,CUST0198,Grilled Sandwich,Sandwiches,4,575.84,Cash,Delivered,2023-05-21 15:37:00,2.5,60.0,Mumbai
ORD006048,CUST0107,Dal Makhani,Main Course,1,218.34,UPI,Delivered,2023-06-28 09:05:00,4.6,55.0,Delhi
ORD003437,CUST0652,Tandoori Roti,Breads,1,29.8,Digital Wallet,Delivered,2022-10-30 21:21:00,4.3,48.0,Delhi
ORD003611,CUST0569,Chicken Burger,Burgers,4,770.79,Debit Card,Delivered,2023-02-17 12:09:00,3.0,39.0,Chennai
ORD003955,CUST0285,Butter Chicken,Main Course,1,329.22,Net Banking,Delivered,2023-07-03 13:40:00,3.9,62.0,Chennai
ORD001817,CUST0249,Cold Brew Coffee,Drinks,2,299.55,Credit Card,Delivered,2022-10-11 21:37:00,3.9,68.0,Hyderabad
ORD002111,CUST0565,Fresh Lime Soda,Drinks,2,124.22,UPI,Delivered,2023-01-17 11:29:00,3.0,45.0,Mumbai
ORD006382,CUST0650,Chicken Soup,Starters,4,579.75,Digital Wallet,Delivered,2022-11-23 14:18:00,3.6,24.0,Pune
ORD003341,CUST0643,Chicken Biryani,Main Course,1,364.14,UPI,Delivered,2023-07-18 19:59:00,3.4,23.0,
ORD006335,CUST0035,Gulab Jamun,Desserts,1,82.76,Cash,Delivered,2023-04-16 08:56:00,4.9,47.0,Bangalore
ORD004838,CUST0727,Chicken Fried Rice,Main Course,1,241.95,Net Banking,Delivered,2023-05-11 20:48:00,4.0,35.0,Pune
ORD002264,CUST0401,BBQ Chicken Pizza,Pizza,1,380.06,UPI,Cancelled,2023-02-11 19:26:00,,73.0,Mumbai
ORD001990,CUST0141,Rasgulla,Desserts,3,214.4,UPI,In Progress,2023-05-23 19:36:00,3.7,72.0,Delhi
ORD006868,CUST0735,Club Sandwich,Sandwiches,3,475.9,UPI,In Progress,2023-09-14 08:12:00,3.9,27.0,Mumbai
ORD002739,CUST0046,Veg Supreme Pizza,Pizza,3,903.32,UPI,In Progress,2023-08-19 21:15:00,3.2,25.0,Pune
ORD003644,CUST0411,Palak Paneer,Main Course,4,1089.69,Digital Wallet,Cancelled,2023-03-15 20:12:00,2.8,55.0,Hyderabad
ORD001353,CUST0601,Gulab Jamun,Desserts,3,250.05,,Delivered,2023-03-15 08:09:00,4.4,69.0,Chennai
ORD005828,CUST0177,Rasgulla,Desserts,1,68.64,Credit Card,Pending,2023-09-13 09:32:00,4.1,38.0,Pune
ORD004632,CUST0172,Veg Biryani,Main Course,4,1087.07,Credit Card,Delivered,2023-01-16 11:10:00,4.7,35.0,Bangalore
ORD005248,CUST0075,Pepperoni Pizza,Pizza,4,1430.67,Cash,Cancelled,2022-12-08 21:17:00,3.5,46.0,Chennai
ORD002489,CUST0642,Fresh Lime Soda,Drinks,1,61.01,Debit Card,Delivered,2023-05-05 19:45:00,4.9,56.0,Pune
ORD005644,CUST0052,Chicken Fried Rice,Main Course,1,245.42,Credit Card,Delivered,2023-01-21 08:32:00,3.2,31.0,Mumbai
ORD002228,CUST0567,Chicken Biryani,Main Course,1,350.24,Net Banking,Delivered,14/05/2023 17:02,2.7,60.0,Bangalore
ORD006461,CUST0633,Cold Brew Coffee,Drinks,1,147.88,Digital Wallet,Delivered,2023-09-24 19:23:00,4.7,44.0,Hyderabad
ORD003746,CUST0625,Veg Biryani,Main Course,1,249.21,Credit Card,Delivered,2023-06-19 19:59:00,3.5,63.0,Bangalore
ORD006737,CUST0107,Club Sandwich,Sandwiches,1,167.14,UPI,Delivered,2023-08-09 10:02:00,3.7,32.0,Chennai
ORD006671,CUST0089,Mango Lassi,Drinks,4,330.63,Debit Card,Cancelled,2023-08-20 09:21:00,3.9,34.0,Delhi
ORD001052,CUST0476,Veg Biryani,Main Course,2,522.99,Net Banking,Pending,2022-12-02 13:51:00,5.0,53.0,Bangalore
ORD004187,CUST0375,Chicken Soup,Starters,1,154.19,Debit Card,Pending,2023-09-21 20:08:00,2.9,17.0,Delhi
ORD003801,CUST0694,Veg Burger,Burgers,1,145.6,Debit Card,Pending,2022-10-05 20:40:00,4.8,72.0,Hyderabad
ORD005030,CUST0163,Chocolate Brownie,Desserts,1,124.96,UPI,Delivered,2022-12-13 12:47:00,4.1,34.0,Pune
ORD004393,CUST0193,Tiramisu,Desserts,1,208.82,Credit Card,Cancelled,14/09/2023 20:05,4.8,54.0,Delhi
ORD004728,CUST0792,Chicken Biryani,Main Course,5,1741.21,UPI,Cancelled,2022-11-20 20:26:00,3.5,62.0,
ORD002589,CUST0591,BLT Sandwich,Sandwiches,2,336.43,Debit Card,In Progress,2023-09-02 20:14:00,3.5,63.0,Mumbai
ORD002479,CUST0043,Veg Biryani,Main Course,1,253.23,,Delivered,2023-06-09 10:25:00,4.8,73.0,Hyderabad
ORD002469,CUST0186,Paratha,Breads,1,52.4,Cash,In Progress,2023-10-24 22:53:00,4.8,61.0,Mumbai
ORD004589,CUST0595,Cold Coffee,Drinks,1,98.57,Net Banking,Delivered,2023-10-17 15:31:00,2.6,65.0,Delhi
ORD003578,CUST0565,Bruschetta,Starters,1,130.89,Credit Card,Delivered,2023-08-08 19:12:00,2.6,60.0,Hyderabad
ORD003078,CUST0403,Veg Fried Rice,Main Course,1,201.14,UPI,Delivered,2023-04-07 21:26:00,3.5,59.0,Hyderabad
ORD004524,CUST0451,Masala Chai,Drinks,2,81.53,UPI,In Progress,2023-06-09 19:34:00,2.9,41.0,Bangalore
ORD006971,CUST0259,Tiramisu,Desserts,2,409.62,Credit Card,Delivered,2023-01-06 20:52:00,4.9,25.0,Chennai
ORD003653,CUST0299,Veg Supreme Pizza,Pizza,2,593.34,,Cancelled,2023-05-27 21:19:00,4.3,39.0,Delhi
ORD001436,CUST0433,Chicken Tikka Masala,Main Course,2,676.36,Cash,Pending,2023-07-01 12:54:00,2.8,39.0,Delhi
ORD003945,CUST0708,Fish Curry,Main Course,3,1039.95,Credit Card,Cancelled,2022-11-28 13:51:00,4.8,66.0,Delhi
ORD004966,CUST0683,Garlic Bread,Starters,2,185.31,Debit Card,Delivered,2022-11-06 13:52:00,4.3,44.0,Pune
ORD002588,CUST0501,Tandoori Roti,Breads,4,122.88,Cash,Delivered,2023-09-16 19:21:00,4.3,66.0,Bangalore
ORD005768,CUST0097,BBQ Chicken Pizza,Pizza,1,354.14,,Pending,2023-04-20 12:09:00,2.7,31.0,Bangalore
ORD002590,CUST0772,Veg Biryani,Main Course,1,263.74,Credit Card,In Progress,2022-12-19 20:57:00,2.5,65.0,Chennai
ORD004320,CUST0726,Spring Rolls,Starters,3,369.82,Debit Card,Delivered,2022-12-02 12:10:00,2.9,30.0,Pune
ORD001973,CUST0334,Club Sandwich,Sandwiches,1,157.76,,Cancelled,2022-10-24 21:47:00,3.1,46.0,Hyderabad
ORD002238,CUST0429,Lamb Rogan Josh,Main Course,4,1624.53,Credit Card,Pending,2023-08-06 11:50:00,4.6,23.0,Chennai
ORD003342,CUST0510,Cold Coffee,Drinks,2,195.29,Net Banking,Cancelled,2023-06-30 19:00:00,3.6,35.0,Delhi
ORD003526,CUST0301,Dal Makhani,Main Course,1,209.89,Debit Card,Delivered,2023-03-02 19:51:00,4.6,,Chennai
ORD005739,CUST0054,Veg Fried Rice,Main Course,1,198.03,Digital Wallet,Delivered,2023-06-12 12:35:00,3.0,56.0,Mumbai
ORD006168,CUST0658,Chicken Burger,Burgers,1,208.1,UPI,Delivered,2022-10-02 16:00:00,4.0,40.0,Delhi
ORD003231,CUST0572,BBQ Chicken Pizza,Pizza,1,359.02,Debit Card,Pending,2023-04-02 13:06:00,3.0,43.0,Chennai
ORD003572,CUST0246,Tiramisu,Desserts,1,193.72,Credit Card,Cancelled,2023-07-15 21:20:00,4.8,72.0,Hyderabad
ORD002497,CUST0474,Fish Fingers,Starters,4,866.04,,In Progress,2023-02-06 21:22:00,2.6,39.0,Delhi
ORD001449,CUST0521,Margherita Pizza,Pizza,1,280.47,UPI,Cancelled,2023-10-30 13:51:00,2.6,72.0,Pune
ORD003369,CUST0649,Paratha,BREADS,1,48.51,UPI,Delivered,2023-08-02 21:37:00,3.7,64.0,Mumbai
ORD004437,CUST0305,Chicken Biryani,Main Course,1,346.18,Debit Card,Pending,2023-03-25 13:00:00,4.2,72.0,Bangalore
ORD003422,CUST0765,Cheese Burst Burger,Burgers,2,418.32,Net Banking,Pending,2023-07-03 08:36:00,5.0,29.0,Mumbai
ORD006439,CUST0243,Garlic Bread,Starters,1,91.45,Net Banking,Pending,2023-07-30 21:34:00,3.3,47.0,Pune
ORD006944,CUST0196,Mutton Curry,Main Course,3,1089.06,Net Banking,Delivered,2023-02-24 13:08:00,3.1,36.0,Pune
ORD002551,CUST0399,Paratha,BREADS,2,101.03,Credit Card,Delivered,2023-10-08 12:28:00,4.3,38.0,Mumbai
ORD006370,CUST0509,Chicken Fried Rice,Main Course,4,994.6,Debit Card,Delivered,2023-02-21 13:35:00,3.8,16.0,
ORD002146,CUST0211,Paneer Butter Masala,Main Course,3,827.65,Net Banking,Delivered,2023-02-02 19:47:00,2.7,46.0,Mumbai
ORD004815,CUST0346,Margherita Pizza,Pizza,2,587.73,Credit Card,Delivered,2023-04-02 09:12:00,3.1,63.0,Pune
ORD003092,CUST0009,Paratha,Breads,1,48.93,Digital Wallet,Delivered,12/10/2022 16:58,4.8,74.0,
ORD002313,CUST0761,Pasta Arrabbiata,Main Course,3,698.94,Debit Card,Delivered,2023-09-24 21:35:00,3.8,28.0,Bangalore
ORD003015,CUST0518,Strawberry Shake,Drinks,1,119.83,Credit Card,Delivered,2022-10-24 12:49:00,4.6,24.0,Delhi
ORD005176,CUST0413,Bruschetta,Starters,1,134.07,,Cancelled,2023-10-10 12:23:00,3.9,44.0,Mumbai
ORD004950,CUST0145,Pasta Arrabbiata,Main Course,2,466.0,Debit Card,Cancelled,2023-03-25 20:07:00,4.7,26.0,Mumbai
ORD004105,CUST0684,Grilled Salmon,Main Course,5,2197.81,Cash,In Progress,2022-10-12 10:49:00,2.6,44.0,Pune
ORD002381,CUST0516,Naan,Breads,1,40.13,Debit Card,In Progress,2023-03-24 12:35:00,3.6,63.0,Delhi
ORD004317,CUST0103,Cold Coffee,Drinks,2,195.8,Debit Card,In Progress,12/10/2023 12:01,4.1,46.0,
ORD001413,CUST0142,Farmhouse Pizza,Pizza,2,615.42,Net Banking,In Progress,2023-10-24 21:00:00,,37.0,Hyderabad
ORD001941,CUST0714,Spring Rolls,Starters,1,125.51,UPI,In Progress,2023-08-04 12:40:00,4.8,64.0,Pune
ORD001801,CUST0050,Veg Fried Rice,Main Course,5,1040.69,Net Banking,Delivered,2023-07-19 09:55:00,3.3,18.0,Pune
ORD004731,CUST0780,Egg Curry,Main Course,2,362.12,UPI,Pending,2023-10-28 19:10:00,4.6,41.0,Delhi
ORD005163,CUST0154,Grilled Sandwich,Sandwiches,2,272.33,Credit Card,Delivered,2023-04-17 08:50:00,2.5,27.0,Bangalore
ORD001256,CUST0545,Veg Burger,Burgers,4,624.77,Digital Wallet,Cancelled,03/09/2023 14:00,2.5,48.0,Pune
ORD006945,CUST0016,BBQ Chicken Pizza,Pizza,3,1162.36,Cash,Delivered,2023-06-18 09:37:00,4.9,49.0,Mumbai
ORD003235,CUST0411,Chicken Burger,Burgers,1,195.49,Debit Card,Delivered,2023-03-25 21:35:00,3.3,17.0,Hyderabad
ORD001647,CUST0718,Mutton Curry,Main Course,3,1158.14,Credit Card,Cancelled,2023-04-08 20:16:00,3.0,48.0,Mumbai
ORD002767,CUST0529,Grilled Salmon,Main Course,1,470.18,Credit Card,Cancelled,2023-06-13 21:15:00,4.3,27.0,Chennai
ORD005145,CUST0781,Veg Manchurian,Starters,1,166.25,UPI,Pending,2022-11-05 15:30:00,4.2,63.0,Mumbai
ORD003592,CUST0005,Watermelon Juice,Drinks,1,68.52,Net Banking,Delivered,2023-03-23 11:01:00,3.0,43.0,Hyderabad
ORD004043,CUST0017,Grilled Sandwich,Sandwiches,1,146.02,UPI,Delivered,20/08/2023 21:25,3.2,16.0,Delhi
ORD006728,CUST0774,BBQ Chicken Pizza,Pizza,2,761.21,Net Banking,Pending,2023-08-20 19:10:00,3.7,34.0,Bangalore
ORD001024,CUST0493,Mango Lassi,Drinks,5,417.05,Credit Card,Cancelled,2023-01-30 09:31:00,4.8,25.0,Hyderabad
ORD002088,CUST0643,Chicken Biryani,Main Course,1,353.86,UPI,Delivered,2022-11-08 21:36:00,4.5,24.0,Bangalore
ORD005486,CUST0413,Veg Biryani,Main Course,4,1063.72,Debit Card,Pending,2023-06-20 08:25:00,4.5,25.0,Delhi
ORD003688,CUST0306,Veg Supreme Pizza,Pizza,1,288.79,Debit Card,Pending,2023-03-05 10:25:00,3.6,65.0,Mumbai
ORD001112,CUST0169,Cheesecake,DESSERTS,4,710.34,Debit Card,Cancelled,2023-06-14 21:53:00,4.9,33.0,Pune
ORD003311,CUST0134,Mushroom Risotto,Main Course,1,304.25,,Cancelled,2023-03-30 12:14:00,2.7,44.0,Chennai
ORD003827,CUST0791,Chicken Tikka Masala,Main Course,2,651.83,UPI,Cancelled,2023-09-29 18:22:00,4.4,41.0,Bangalore
ORD001056,CUST0478,Veg Supreme Pizza,Pizza,1,291.42,UPI,Delivered,2023-05-01 13:34:00,3.0,41.0,Hyderabad
ORD002309,CUST0196,Garlic Bread,Starters,4,353.08,Net Banking,In Progress,2023-09-14 19:57:00,2.8,18.0,Hyderabad
ORD001695,CUST0213,Garlic Naan,Breads,3,183.56,Net Banking,Delivered,2023-08-10 16:50:00,4.1,36.0,Pune
ORD005407,CUST0386,Pasta Arrabbiata,Main Course,2,477.43,Credit Card,Cancelled,2023-10-31 19:27:00,4.5,33.0,Hyderabad
ORD002227,CUST0633,Veg Supreme Pizza,Pizza,4,1155.27,Net Banking,Delivered,2023-08-19 09:55:00,3.1,56.0,Mumbai
ORD002999,CUST0324,Spring Rolls,Starters,2,232.68,Net Banking,Delivered,2023-03-08 13:37:00,2.6,27.0,Pune
ORD001276,CUST0185,Watermelon Juice,Drinks,1,73.02,Net Banking,Pending,2023-01-11 18:34:00,2.6,61.0,Hyderabad
ORD006777,CUST0468,Mojito,Drinks,2,265.76,Credit Card,Delivered,2023-07-21 18:28:00,2.9,59.0,Hyderabad
ORD005795,CUST0402,Garlic Bread,STARTERS,1,94.45,Net Banking,Delivered,2023-10-29 08:11:00,3.4,39.0,Pune
ORD002833,CUST0403,Chicken Biryani,Main Course,1,354.52,Net Banking,In Progress,2023-03-17 19:05:00,,64.0,
ORD001682,CUST0759,Cheese Burst Burger,Burgers,2,432.71,Cash,Pending,2023-10-24 13:06:00,2.9,65.0,Mumbai
ORD004204,CUST0136,Mutton Curry,Main Course,1,363.76,Debit Card,Delivered,2022-10-25 09:52:00,4.5,46.0,Pune
ORD005375,CUST0211,Farmhouse Pizza,Pizza,1,309.76,Credit Card,Delivered,2023-01-20 21:16:00,3.1,42.0,Hyderabad
ORD003925,CUST0101,Cheesecake,Desserts,1,171.45,Credit Card,Pending,2023-04-05 14:29:00,4.6,48.0,Hyderabad
ORD002137,CUST0590,Club Sandwich,Sandwiches,2,311.57,Cash,Cancelled,2022-10-11 12:41:00,3.2,68.0,Hyderabad
ORD004831,CUST0321,Strawberry Shake,Drinks,3,364.67,Credit Card,Delivered,2022-12-20 08:08:00,2.9,49.0,Hyderabad
ORD004551,CUST0587,Veg Supreme Pizza,Pizza,3,876.78,,Cancelled,2023-09-12 13:13:00,3.1,53.0,Bangalore
ORD005216,CUST0365,BLT Sandwich,Sandwiches,1,173.3,Credit Card,Delivered,2023-03-08 12:28:00,3.6,34.0,Bangalore
ORD006216,CUST0748,Mango Lassi,Drinks,1,76.56,Credit Card,In Progress,2023-10-28 09:40:00,4.7,24.0,Bangalore
ORD005880,CUST0370,Mushroom Risotto,Main Course,1,292.67,Digital Wallet,In Progress,2023-08-21 21:23:00,4.2,60.0,Bangalore
ORD002346,CUST0034,Farmhouse Pizza,Pizza,1,326.33,Net Banking,Pending,2023-09-10 13:25:00,4.9,55.0,Hyderabad
ORD006314,CUST0281,Lamb Rogan Josh,Main Course,1,408.03,Credit Card,Delivered,2023-01-11 09:55:00,3.5,73.0,Bangalore
ORD004008,CUST0432,Tandoori Roti,Breads,3,90.76,Cash,Delivered,2023-10-21 19:52:00,4.0,63.0,Chennai
ORD003860,CUST0298,Pasta Arrabbiata,Main Course,1,228.7,Cash,Cancelled,2022-11-07 21:59:00,2.8,75.0,Hyderabad
ORD003384,CUST0240,Butter Chicken,Main Course,4,1332.17,,Delivered,2023-03-18 20:08:00,,46.0,Chennai
ORD005006,CUST0221,Chicken Biryani,Main Course,3,1085.09,UPI,Delivered,2023-01-06 13:56:00,3.2,28.0,Delhi
ORD005217,CUST0331,Classic Burger,Burgers,2,376.17,Credit Card,In Progress,2023-06-23 16:54:00,3.5,68.0,Chennai
ORD006584,CUST0304,Mutton Curry,Main Course,4,1577.64,Cash,Delivered,2022-10-25 08:17:00,3.7,39.0,Mumbai
ORD006388,CUST0117,Mushroom Risotto,Main Course,3,858.75,Net Banking,In Progress,2023-07-18 13:40:00,4.4,36.0,Chennai
ORD005412,CUST0610,BLT Sandwich,Sandwiches,1,169.63,,Delivered,2023-08-25 17:10:00,3.4,52.0,Hyderabad
ORD005081,CUST0162,Classic Burger,Burgers,3,559.27,Cash,Delivered,2022-10-02 21:40:00,3.5,27.0,Delhi
ORD004895,CUST0767,Strawberry Shake,Drinks,4,493.64,Debit Card,Delivered,2023-05-13 19:15:00,3.9,57.0,Delhi
ORD006485,CUST0018,Watermelon Juice,Drinks,2,140.44,UPI,In Progress,2022-11-17 20:42:00,3.0,25.0,Delhi
ORD006036,CUST0570,Gulab Jamun,Desserts,4,321.59,Net Banking,Delivered,2022-10-13 20:09:00,2.7,46.0,Delhi
ORD005974,CUST0409,Veg Burger,Burgers,1,156.97,UPI,Cancelled,2022-10-27 12:15:00,3.7,39.0,Hyderabad
ORD001081,CUST0271,Paneer Tikka,Starters,5,959.92,Net Banking,Delivered,2023-10-26 11:13:00,2.9,26.0,Chennai
ORD002972,CUST0367,Paratha,Breads,1,51.87,UPI,Delivered,2022-12-28 17:56:00,4.8,32.0,Hyderabad
ORD002714,CUST0416,Veg Fried Rice,Main Course,1,207.83,Digital Wallet,Delivered,2022-10-22 13:23:00,3.2,52.0,Chennai
ORD004655,CUST0186,Chicken Burger,Burgers,1,190.9,UPI,Delivered,2023-01-01 20:29:00,3.1,26.0,Mumbai
ORD003850,CUST0510,Dal Makhani,Main Course,2,450.63,Credit Card,Pending,2022-10-05 21:27:00,3.6,47.0,Bangalore
ORD004697,CUST0777,Palak Paneer,Main Course,1,264.27,Net Banking,Cancelled,2023-06-30 09:02:00,4.8,23.0,
ORD002946,CUST0798,Egg Curry,Main Course,2,361.53,Credit Card,Delivered,2022-12-04 08:36:00,3.8,49.0,Pune
ORD005386,CUST0452,Farmhouse Pizza,Pizza,1,322.34,Debit Card,Cancelled,2022-12-30 21:58:00,,31.0,Delhi
ORD004017,CUST0513,Farmhouse Pizza,Pizza,2,661.63,Debit Card,Delivered,2023-02-07 13:47:00,3.2,34.0,Bangalore
ORD005244,CUST0465,Fish Fingers,Starters,1,215.38,Digital Wallet,Cancelled,2022-10-02 16:21:00,2.9,72.0,Chennai
ORD002610,CUST0680,Naan,Breads,1,38.97,UPI,Cancelled,2023-06-03 20:12:00,3.7,21.0,Delhi
ORD004915,CUST0112,Gulab Jamun,Desserts,2,153.86,UPI,In Progress,2023-05-18 19:46:00,4.7,58.0,Pune
ORD006668,CUST0212,Chocolate Brownie,Desserts,1,121.91,UPI,Cancelled,2023-08-24 13:44:00,4.2,28.0,Mumbai
ORD006910,CUST0620,Fish Fingers,Starters,1,228.04,Net Banking,Cancelled,2023-09-11 12:24:00,3.0,74.0,Hyderabad
ORD006922,CUST0481,Chicken Soup,Starters,5,767.58,Credit Card,Delivered,2022-11-10 10:08:00,4.6,56.0,Delhi
ORD004185,CUST0052,Paratha,Breads,2,96.25,Net Banking,Delivered,2023-05-30 17:26:00,4.3,51.0,Bangalore
ORD001665,CUST0093,Chicken Soup,Starters,2,297.02,Debit Card,Pending,2023-08-20 22:41:00,4.6,,Mumbai
ORD003194,CUST0524,Masala Chai,Drinks,4,154.77,,Delivered,2022-11-09 13:18:00,4.3,49.0,Delhi
ORD004808,CUST0781,Chicken Soup,Starters,2,313.14,Net Banking,Pending,2023-08-25 09:09:00,3.1,43.0,Bangalore
ORD006148,CUST0295,Classic Burger,Burgers,2,369.04,Net Banking,Cancelled,2023-10-05 22:21:00,2.9,25.0,Bangalore
ORD002017,CUST0749,Farmhouse Pizza,Pizza,3,913.03,Credit Card,Cancelled,2023-05-06 19:59:00,3.7,58.0,Pune
ORD001557,CUST0333,Veg Burger,Burgers,1,148.5,UPI,Delivered,2023-01-20 19:46:00,3.7,72.0,Pune
ORD004867,CUST0132,Paneer Butter Masala,Main Course,4,1088.39,Credit Card,Pending,2023-06-03 13:04:00,3.8,49.0,Chennai
ORD004470,CUST0158,Chicken Burger,Burgers,1,204.31,Debit Card,In Progress,2023-05-21 12:45:00,4.6,44.0,Delhi
ORD002207,CUST0234,BBQ Chicken Pizza,Pizza,2,751.12,Cash,Delivered,2023-05-09 14:50:00,2.6,65.0,Delhi
ORD006405,CUST0470,Mushroom Risotto,Main Course,2,622.01,Cash,Delivered,2022-12-25 19:26:00,2.5,35.0,Hyderabad
ORD004085,CUST0116,Watermelon Juice,Drinks,2,146.25,Debit Card,Delivered,2023-09-21 12:55:00,3.4,,Hyderabad
ORD002510,CUST0185,Gulab Jamun,Desserts,2,154.51,UPI,Delivered,2023-04-15 21:27:00,4.2,39.0,Chennai
ORD003716,CUST0766,Masala Chai,Drinks,4,166.81,Cash,Pending,25/04/2023 21:02,4.0,30.0,Bangalore
ORD006867,CUST0180,Naan,Breads,1,39.69,Net Banking,In Progress,2023-03-02 10:58:00,3.5,36.0,Bangalore
ORD005119,CUST0632,Tiramisu,Desserts,1,195.1,Cash,Delivered,2023-07-27 21:36:00,2.7,29.0,Pune
ORD005121,CUST0328,Grilled Salmon,Main Course,1,446.17,Credit Card,In Progress,2023-10-14 12:56:00,3.9,19.0,Pune
ORD001266,CUST0567,Watermelon Juice,Drinks,1,68.41,UPI,Cancelled,2023-05-19 14:22:00,3.0,52.0,Pune
ORD004443,CUST0365,Veg Fried Rice,Main Course,1,205.18,UPI,Pending,2022-12-13 16:15:00,4.1,35.0,Chennai
ORD006711,CUST0532,Chocolate Brownie,Desserts,1,115.04,Net Banking,In Progress,2023-03-23 20:41:00,3.1,70.0,Mumbai
ORD003111,CUST0708,Fish Fingers,Starters,2,425.67,Net Banking,Delivered,2023-02-25 13:30:00,4.5,29.0,Delhi
ORD005745,CUST0732,Fish Curry,Main Course,1,350.96,Credit Card,Delivered,2023-08-28 12:52:00,4.2,50.0,Chennai
ORD002909,CUST0728,Pasta Arrabbiata,Main Course,3,733.28,Debit Card,Delivered,2023-08-25 08:44:00,3.1,,Mumbai
ORD004169,CUST0283,Chicken Fried Rice,Main Course,1,247.64,Credit Card,Delivered,2023-09-14 17:16:00,3.1,,Hyderabad
ORD004985,CUST0493,Kheer,Desserts,3,269.6,Digital Wallet,In Progress,2023-07-30 13:27:00,4.6,71.0,Mumbai
ORD005210,CUST0108,Watermelon Juice,Drinks,1,68.78,Cash,Cancelled,2023-01-22 11:55:00,3.8,18.0,Bangalore
ORD005867,CUST0160,Margherita Pizza,Pizza,3,803.41,Credit Card,Pending,2023-04-22 21:10:00,,19.0,Delhi
ORD006940,CUST0086,Grilled Salmon,Main Course,1,469.4,UPI,Delivered,2023-07-01 11:22:00,3.3,48.0,Mumbai
ORD005860,CUST0121,Chicken Soup,Starters,5,740.69,Digital Wallet,Delivered,2023-10-02 20:11:00,3.9,17.0,Mumbai
ORD004285,CUST0430,Garlic Naan,Breads,1,62.95,Cash,Pending,2023-04-04 21:46:00,2.8,19.0,Chennai
ORD002784,CUST0219,Tiramisu,Desserts,5,1040.79,UPI,Delivered,2022-10-02 21:43:00,4.0,37.0,Delhi
ORD002237,CUST0420,Chicken Soup,Starters,5,764.48,Debit Card,Delivered,2023-05-16 19:56:00,3.4,47.0,Mumbai
ORD006039,CUST0165,Chicken Fried Rice,Main Course,1,240.56,Digital Wallet,Delivered,2022-11-30 08:29:00,,31.0,Hyderabad
ORD004065,CUST0614,Lamb Rogan Josh,Main Course,2,830.94,,Delivered,2023-08-10 13:33:00,4.8,15.0,Mumbai
ORD004949,CUST0793,Paratha,Breads,5,260.0,Credit Card,In Progress,2023-07-29 09:03:00,4.9,61.0,Delhi
ORD005913,CUST0081,Fish Fingers,Starters,2,419.89,Digital Wallet,In Progress,2023-09-12 21:39:00,5.0,35.0,Hyderabad
ORD006980,CUST0690,Strawberry Shake,Drinks,1,118.93,Credit Card,In Progress,2023-09-14 17:19:00,3.5,21.0,Bangalore
ORD003186,CUST0613,Mojito,Drinks,1,131.75,Net Banking,Delivered,16/01/2023 09:56,3.5,32.0,Delhi
ORD005839,CUST0472,Kheer,Desserts,2,184.6,Debit Card,Delivered,2023-09-27 19:26:00,2.7,,Delhi
ORD001908,CUST0510,Ice Cream Sundae,Desserts,1,149.27,Debit Card,Delivered,2023-05-10 13:51:00,3.5,26.0,Hyderabad
ORD004779,CUST0758,Tiramisu,Desserts,2,410.4,Cash,Delivered,2023-08-20 19:50:00,3.9,47.0,Mumbai
ORD002303,CUST0018,Lamb Rogan Josh,Main Course,1,401.76,Debit Card,In Progress,2023-01-08 19:47:00,4.6,35.0,Pune
ORD006655,CUST0009,Ice Cream Sundae,Desserts,1,149.2,Net Banking,Pending,2023-04-30 19:35:00,2.9,70.0,Delhi
ORD002627,CUST0371,Veg Manchurian,Starters,2,316.38,Cash,Delivered,2022-12-01 09:07:00,4.6,32.0,Mumbai
ORD002522,CUST0171,Mojito,Drinks,2,272.53,Cash,In Progress,2022-10-13 14:57:00,3.1,34.0,Bangalore
ORD001835,CUST0589,Paneer Tikka,Starters,1,205.18,Cash,In Progress,2023-09-04 21:09:00,5.0,66.0,Pune
ORD001358,CUST0080,BLT Sandwich,Sandwiches,1,171.11,Credit Card,Delivered,2023-06-12 09:47:00,5.0,25.0,Pune
ORD001138,CUST0622,Cold Brew Coffee,Drinks,1,143.72,UPI,Cancelled,2023-05-15 19:31:00,3.2,63.0,Chennai
ORD001299,CUST0061,Chicken Soup,Starters,2,303.48,Digital Wallet,Delivered,2023-01-14 20:51:00,3.8,53.0,
ORD002556,CUST0322,Masala Chai,Drinks,2,79.06,,Delivered,2022-12-20 18:48:00,3.6,27.0,Pune
ORD002003,CUST0215,Margherita Pizza,Pizza,2,561.27,Net Banking,Delivered,2023-03-30 18:32:00,4.2,17.0,Delhi
ORD001382,CUST0034,Tandoori Roti,Breads,1,29.08,UPI,Delivered,2023-01-11 20:15:00,4.8,60.0,Delhi
ORD005094,CUST0651,Paneer Tikka,Starters,4,784.68,Cash,Delivered,2023-10-17 08:52:00,4.1,15.0,Hyderabad
ORD001761,CUST0561,Chicken Fried Rice,Main Course,2,487.56,Credit Card,Delivered,2023-06-21 13:48:00,4.1,48.0,Delhi
ORD004684,CUST0711,Mango Lassi,Drinks,2,166.96,Digital Wallet,Delivered,2023-05-17 08:58:00,3.7,19.0,Mumbai
ORD002644,CUST0069,Garlic Bread,Starters,4,350.5,Cash,Delivered,2023-01-09 18:04:00,4.5,26.0,Chennai
ORD006689,CUST0438,Chicken Fried Rice,Main Course,3,777.48,UPI,Delivered,2022-10-12 13:24:00,4.8,51.0,Pune
ORD005895,CUST0560,Cheesecake,DESSERTS,1,172.68,Cash,Pending,2023-05-04 10:11:00,3.4,74.0,Mumbai
ORD005157,CUST0582,Dal Makhani,Main Course,1,229.87,UPI,In Progress,2023-08-25 19:57:00,4.7,50.0,Pune
ORD002402,CUST0007,Grilled Sandwich,Sandwiches,3,438.84,Digital Wallet,Cancelled,2022-10-11 13:18:00,2.5,29.0,Bangalore
ORD003963,CUST0528,Egg Curry,Main Course,2,367.26,UPI,In Progress,2022-11-16 09:47:00,2.7,36.0,Hyderabad
ORD006195,CUST0031,Naan,Breads,4,155.72,UPI,Pending,2023-05-27 22:47:00,2.7,17.0,Pune
ORD002932,CUST0086,Masala Chai,Drinks,2,76.76,Credit Card,Delivered,2023-07-07 21:51:00,4.2,63.0,Chennai
ORD006282,CUST0319,Veg Burger,Burgers,2,304.87,Debit Card,Delivered,2023-10-03 12:20:00,4.5,18.0,Delhi
ORD003957,CUST0637,Chicken Soup,Starters,2,300.25,UPI,Delivered,2022-11-04 21:13:00,4.8,43.0,Mumbai
ORD005822,CUST0492,Margherita Pizza,Pizza,1,293.97,UPI,In Progress,2022-10-06 12:41:00,4.2,59.0,Bangalore
ORD006170,CUST0203,Bruschetta,Starters,1,124.4,UPI,Delivered,2023-10-17 21:49:00,4.0,33.0,Bangalore
ORD003886,CUST0472,Pepperoni Pizza,Pizza,1,333.52,Debit Card,Delivered,25/12/2022 13:11,3.9,68.0,Pune
ORD004951,CUST0469,Cold Coffee,Drinks,1,97.49,Net Banking,Pending,2022-10-14 16:21:00,4.7,37.0,Chennai
ORD004439,CUST0707,Fish Curry,Main Course,1,343.48,UPI,Delivered,2023-03-30 16:58:00,,69.0,Hyderabad
ORD001058,CUST0560,Cheese Burst Burger,BURGERS,1,217.58,Digital Wallet,Delivered,2023-05-03 16:47:00,3.7,32.0,Hyderabad
ORD001076,CUST0130,Margherita Pizza,Pizza,1,276.1,Debit Card,Delivered,2023-03-04 08:34:00,4.9,50.0,Bangalore
ORD001796,CUST0358,Kheer,Desserts,2,179.87,Cash,Delivered,2023-10-04 21:07:00,4.7,26.0,Delhi
ORD003416,CUST0191,Mango Lassi,Drinks,3,230.48,,Delivered,2022-12-27 18:10:00,4.4,75.0,Bangalore
ORD005040,CUST0079,Strawberry Shake,Drinks,3,373.56,UPI,Delivered,2022-12-21 21:01:00,2.7,63.0,Bangalore
ORD005428,CUST0512,Tiramisu,Desserts,1,198.75,Net Banking,Pending,2023-04-16 13:36:00,5.0,47.0,Bangalore
ORD001785,CUST0273,Mushroom Risotto,Main Course,3,899.47,Debit Card,In Progress,2023-01-23 19:12:00,3.7,23.0,Hyderabad
ORD005319,CUST0712,Egg Curry,Main Course,1,185.41,Debit Card,Delivered,2023-07-28 21:28:00,4.7,,Hyderabad
ORD004044,CUST0368,Spring Rolls,Starters,3,371.94,Debit Card,Cancelled,2023-02-12 08:50:00,3.2,66.0,Hyderabad
ORD003217,CUST0627,BBQ Chicken Pizza,Pizza,2,763.83,Debit Card,Pending,2023-07-01 13:10:00,4.6,23.0,Bangalore
ORD003842,CUST0672,Cheesecake,Desserts,3,566.37,Credit Card,Cancelled,2023-03-13 21:54:00,4.0,,Delhi
ORD003691,CUST0793,Fish Curry,Main Course,1,344.14,Cash,Delivered,2023-01-27 13:53:00,4.2,39.0,Hyderabad
ORD006255,CUST0642,Paneer Butter Masala,Main Course,2,534.32,Debit Card,Delivered,03/09/2023 12:18,4.2,71.0,Chennai
ORD003803,CUST0096,Chicken Soup,Starters,4,578.73,Digital Wallet,Delivered,2023-08-15 13:55:00,3.4,67.0,Pune
ORD004646,CUST0533,Paratha,Breads,1,49.98,UPI,Cancelled,2023-06-08 13:27:00,3.7,51.0,Delhi
ORD006788,CUST0144,Spring Rolls,Starters,3,349.51,Digital Wallet,Cancelled,2022-11-27 19:04:00,,60.0,Chennai
ORD001910,CUST0206,Mutton Curry,Main Course,4,1458.96,Debit Card,Delivered,2022-11-06 13:34:00,4.2,31.0,Bangalore
ORD003172,CUST0508,Dal Makhani,Main Course,3,633.7,Debit Card,Delivered,2023-06-01 19:44:00,3.5,54.0,Chennai
ORD004593,CUST0262,Egg Curry,Main Course,3,563.84,Net Banking,Cancelled,2023-07-13 20:16:00,4.6,71.0,Chennai
ORD003309,CUST0602,Veg Manchurian,Starters,2,304.49,Debit Card,Delivered,2023-03-25 10:58:00,2.9,61.0,Pune
ORD006673,CUST0086,Cheesecake,Desserts,1,187.13,Cash,Delivered,2023-09-08 15:37:00,4.5,32.0,Chennai
ORD002257,CUST0482,Garlic Naan,Breads,2,124.47,Credit Card,Cancelled,2023-01-21 19:16:00,4.5,61.0,Hyderabad
ORD003495,CUST0180,Bruschetta,Starters,1,125.06,UPI,Delivered,2022-10-30 19:51:00,4.2,71.0,Bangalore
ORD005564,CUST0256,Chicken Fried Rice,Main Course,1,258.9,,Delivered,2022-10-18 16:50:00,4.7,70.0,Hyderabad
ORD004647,CUST0317,Grilled Salmon,Main Course,1,452.65,Cash,Cancelled,2022-11-06 11:49:00,3.1,53.0,Mumbai
ORD002178,CUST0057,Rasgulla,Desserts,3,217.87,Debit Card,In Progress,2023-05-24 20:05:00,2.8,53.0,Mumbai
ORD005557,CUST0052,Veg Manchurian,Starters,2,323.76,Net Banking,Delivered,2023-08-12 12:21:00,5.0,23.0,Pune
ORD006480,CUST0731,Ice Cream Sundae,Desserts,4,590.56,Debit Card,Pending,2023-07-20 21:13:00,3.0,18.0,Chennai
ORD001442,CUST0192,Paneer Tikka,Starters,5,979.42,Credit Card,In Progress,2022-12-30 22:04:00,3.8,,Mumbai
ORD002399,CUST0116,Mutton Curry,Main Course,1,363.87,Digital Wallet,Delivered,2022-11-17 22:49:00,4.5,69.0,Mumbai
ORD006946,CUST0084,Pepperoni Pizza,Pizza,3,1070.29,UPI,Cancelled,2023-03-22 13:51:00,4.5,40.0,Mumbai
ORD005969,CUST0461,Chicken Soup,Starters,3,445.07,Digital Wallet,Delivered,2023-07-16 21:55:00,4.7,25.0,Pune
ORD006775,CUST0354,Egg Curry,Main Course,2,353.18,Net Banking,Pending,2023-10-22 13:14:00,3.7,32.0,Delhi
ORD002054,CUST0194,BBQ Chicken Pizza,Pizza,1,358.22,Digital Wallet,Cancelled,2023-01-03 20:11:00,4.9,26.0,Pune
ORD004912,CUST0265,Dal Makhani,Main Course,1,223.83,Debit Card,Delivered,2023-08-02 15:33:00,3.6,51.0,Bangalore
ORD005641,CUST0609,Bruschetta,Starters,3,404.81,Cash,Delivered,2023-06-27 17:17:00,4.6,42.0,Hyderabad
ORD004106,CUST0575,Pasta Arrabbiata,Main Course,3,741.93,,Cancelled,2023-08-18 13:23:00,4.6,47.0,Delhi
ORD002415,CUST0510,Mushroom Risotto,Main Course,1,311.37,Credit Card,Delivered,2022-11-26 20:01:00,3.5,38.0,Bangalore
ORD003372,CUST0787,Veg Biryani,Main Course,1,263.93,Credit Card,Delivered,2023-09-08 21:12:00,,26.0,Delhi
ORD005698,CUST0651,BBQ Chicken Pizza,Pizza,5,1872.64,Debit Card,Delivered,2023-09-20 09:33:00,3.8,37.0,Pune
ORD004033,CUST0145,Tiramisu,Desserts,1,201.17,UPI,Pending,2023-01-03 18:06:00,4.6,53.0,Bangalore
ORD003841,CUST0668,Veg Biryani,Main Course,1,268.42,Credit Card,In Progress,2023-06-11 21:25:00,2.6,56.0,Pune
ORD005559,CUST0622,Mojito,Drinks,2,259.78,Credit Card,Cancelled,2023-08-08 20:45:00,3.2,65.0,Delhi
ORD005923,CUST0275,Margherita Pizza,PIZZA,3,799.16,Credit Card,Pending,2023-08-28 15:38:00,3.0,22.0,Bangalore
ORD002502,CUST0488,Grilled Salmon,Main Course,1,452.05,Digital Wallet,In Progress,2022-10-11 19:58:00,3.5,58.0,Chennai
ORD005099,CUST0636,Pepperoni Pizza,Pizza,1,366.9,Digital Wallet,Cancelled,2022-12-24 16:51:00,4.5,70.0,Chennai
ORD005811,CUST0535,Mojito,Drinks,1,134.36,Cash,Delivered,2023-04-14 13:46:00,2.5,25.0,Chennai
ORD003011,CUST0142,Paneer Butter Masala,Main Course,2,557.59,UPI,Delivered,2023-09-27 09:47:00,3.5,26.0,
ORD005589,CUST0511,Strawberry Shake,Drinks,2,232.18,Debit Card,Pending,2022-11-29 19:41:00,4.3,58.0,Delhi
ORD004131,CUST0260,Veg Supreme Pizza,Pizza,1,309.1,UPI,Pending,2022-11-13 14:21:00,3.0,59.0,Pune
ORD003918,CUST0044,Kheer,Desserts,3,274.0,,Delivered,2023-05-08 14:02:00,2.8,31.0,
ORD005883,CUST0358,Farmhouse Pizza,Pizza,3,992.94,Cash,Cancelled,2022-11-27 20:49:00,4.9,22.0,
ORD005575,CUST0103,Cold Coffee,Drinks,1,95.7,Debit Card,Delivered,2023-04-09 13:18:00,3.0,,Hyderabad
ORD005205,CUST0648,Strawberry Shake,Drinks,2,251.69,UPI,Delivered,2023-04-18 20:02:00,4.6,48.0,Chennai
ORD001006,CUST0700,Veg Biryani,Main Course,1,256.24,Net Banking,Delivered,2023-09-09 12:59:00,4.0,25.0,Chennai
ORD003487,CUST0594,Club Sandwich,Sandwiches,2,325.69,,Delivered,2023-03-25 21:33:00,3.4,69.0,Bangalore
ORD001678,CUST0709,Mushroom Risotto,Main Course,1,298.51,Cash,Pending,2023-01-31 21:39:00,3.0,46.0,Chennai
ORD002943,CUST0620,Tandoori Roti,Breads,2,59.39,UPI,In Progress,2023-02-27 19:56:00,4.1,68.0,Chennai
ORD004795,CUST0338,Bruschetta,Starters,3,398.72,Debit Card,Delivered,2023-06-02 13:15:00,3.6,25.0,Mumbai
ORD006574,CUST0764,Veg Supreme Pizza,Pizza,1,292.66,Net Banking,Delivered,2023-01-11 19:37:00,3.3,66.0,Bangalore
ORD004399,CUST0606,Tiramisu,Desserts,1,194.87,,Delivered,2022-12-14 22:47:00,4.8,20.0,Pune
ORD005647,CUST0065,Rasgulla,Desserts,1,67.05,Net Banking,Delivered,2023-01-16 13:57:00,2.6,22.0,Pune
ORD004887,CUST0588,Veg Fried Rice,Main Course,2,403.6,Credit Card,Delivered,2022-12-13 12:53:00,3.7,33.0,Chennai
ORD003607,CUST0252,Grilled Salmon,Main Course,3,1399.58,UPI,Delivered,2023-10-09 08:01:00,2.6,54.0,Bangalore
ORD006636,CUST0428,BLT Sandwich,Sandwiches,2,330.83,UPI,Cancelled,2023-09-23 17:24:00,4.4,42.0,Delhi
ORD006570,CUST0699,Masala Chai,Drinks,1,40.12,Digital Wallet,Delivered,2023-08-24 13:22:00,4.9,75.0,Delhi
ORD002064,CUST0294,Rasgulla,Desserts,2,135.1,Debit Card,Delivered,2023-09-07 19:39:00,3.2,46.0,Pune
ORD005332,CUST0433,Cheesecake,Desserts,4,747.37,Debit Card,Delivered,2023-05-09 21:53:00,3.8,24.0,Pune
ORD003242,CUST0549,Farmhouse Pizza,Pizza,2,637.65,Net Banking,Pending,2022-12-20 13:17:00,4.3,54.0,Bangalore
ORD002474,CUST0177,Cold Brew Coffee,Drinks,1,156.08,Credit Card,In Progress,2023-07-16 13:04:00,4.1,26.0,Chennai
ORD006489,CUST0072,Classic Burger,Burgers,3,535.85,Digital Wallet,In Progress,2023-02-16 19:57:00,4.2,37.0,Bangalore
ORD002889,CUST0382,Tiramisu,Desserts,1,194.21,Net Banking,Pending,2023-10-14 19:56:00,3.4,30.0,Pune
ORD004528,CUST0060,Cold Brew Coffee,Drinks,1,149.06,Credit Card,Delivered,2022-12-31 13:14:00,4.6,39.0,Pune
ORD003021,CUST0475,Veg Biryani,Main Course,1,261.93,Cash,In Progress,2022-10-01 18:54:00,2.7,26.0,Hyderabad
ORD005764,CUST0151,Tiramisu,Desserts,5,1039.22,Credit Card,Delivered,2023-03-29 21:41:00,3.0,,Bangalore
ORD006199,CUST0032,Garlic Bread,Starters,1,93.06,Debit Card,Pending,2023-02-28 21:11:00,4.0,16.0,Pune
ORD003658,CUST0606,Grilled Salmon,Main Course,2,895.48,Net Banking,Delivered,2022-10-14 20:08:00,3.8,33.0,Pune
ORD003467,CUST0713,Cold Coffee,Drinks,2,190.67,Credit Card,Pending,2022-10-31 09:30:00,4.6,15.0,Chennai
ORD003809,CUST0113,Chicken Burger,Burgers,1,198.07,,Cancelled,2023-03-12 13:28:00,3.9,17.0,Mumbai
ORD002130,CUST0393,Fresh Lime Soda,Drinks,2,117.26,UPI,Delivered,2023-03-13 19:38:00,3.9,38.0,Pune
ORD002461,CUST0720,Club Sandwich,Sandwiches,1,157.71,Credit Card,Pending,2023-09-20 09:55:00,3.9,21.0,Chennai
ORD004217,CUST0249,Chicken Soup,Starters,2,286.15,,Pending,2023-04-19 19:24:00,2.8,47.0,Hyderabad
ORD006483,CUST0209,Grilled Sandwich,Sandwiches,5,712.8,Debit Card,In Progress,2023-10-14 21:12:00,4.2,29.0,Pune
ORD005463,CUST0166,Fish Fingers,Starters,2,444.11,Digital Wallet,Delivered,2023-05-20 13:49:00,4.8,65.0,Pune
ORD005888,CUST0147,Mojito,Drinks,1,128.4,Net Banking,In Progress,2023-03-01 09:18:00,4.7,45.0,Mumbai
ORD001222,CUST0344,Margherita Pizza,Pizza,4,1065.04,Debit Card,Cancelled,2023-07-18 18:59:00,5.0,49.0,
ORD006884,CUST0143,Lamb Rogan Josh,Main Course,1,414.79,Net Banking,Delivered,2023-07-08 13:27:00,4.4,72.0,Chennai
ORD001048,CUST0291,BBQ Chicken Pizza,Pizza,2,740.83,Digital Wallet,In Progress,2023-10-12 09:05:00,4.1,36.0,Mumbai
ORD001573,CUST0342,Farmhouse Pizza,Pizza,4,1218.75,UPI,Cancelled,2023-02-04 21:19:00,,16.0,Bangalore
ORD002236,CUST0337,BLT Sandwich,Sandwiches,1,164.82,Credit Card,Delivered,2023-07-22 12:15:00,3.1,35.0,Pune
ORD005606,CUST0415,Spring Rolls,Starters,1,118.08,Credit Card,Pending,2023-10-25 21:16:00,2.9,62.0,Bangalore
ORD006873,CUST0580,Paratha,Breads,2,104.38,Credit Card,In Progress,2023-04-19 17:38:00,3.8,21.0,Chennai
ORD006692,CUST0267,Farmhouse Pizza,Pizza,1,309.78,Credit Card,Pending,2023-02-17 08:48:00,3.6,33.0,Chennai
ORD003282,CUST0128,Classic Burger,Burgers,4,713.49,,Delivered,2023-02-13 08:23:00,4.2,49.0,Mumbai
ORD005092,CUST0758,Mushroom Risotto,Main Course,1,313.74,Credit Card,Delivered,2023-07-13 09:20:00,2.6,47.0,Mumbai
ORD001267,CUST0076,Paneer Butter Masala,Main Course,1,287.62,Cash,Delivered,2023-03-01 20:45:00,2.9,60.0,Pune
ORD002104,CUST0129,Fish Curry,Main Course,2,681.41,Net Banking,Cancelled,2022-10-02 22:53:00,4.1,52.0,Mumbai
ORD003305,CUST0390,Naan,Breads,2,77.37,Digital Wallet,Delivered,2022-11-17 09:34:00,4.4,45.0,Mumbai
ORD005763,CUST0371,Pasta Arrabbiata,Main Course,1,236.73,Digital Wallet,In Progress,2023-07-16 17:05:00,3.2,31.0,Pune
ORD002935,CUST0365,Strawberry Shake,Drinks,1,115.66,Digital Wallet,Pending,2023-10-24 09:56:00,4.3,29.0,Chennai
ORD001386,CUST0136,Lamb Rogan Josh,Main Course,2,801.06,Net Banking,Delivered,28/10/2023 19:30,4.0,15.0,Delhi
ORD002701,CUST0707,Tandoori Roti,Breads,5,144.93,Digital Wallet,Delivered,2023-03-25 09:52:00,3.7,74.0,Pune
ORD002628,CUST0434,Gulab Jamun,Desserts,2,156.29,Credit Card,Delivered,2022-11-19 21:43:00,4.7,51.0,Mumbai
ORD006982,CUST0456,Margherita Pizza,Pizza,1,269.87,UPI,Delivered,2023-03-17 20:50:00,3.4,65.0,Chennai
ORD003714,CUST0593,Cold Brew Coffee,Drinks,4,575.47,Net Banking,In Progress,2023-04-24 08:18:00,4.0,57.0,Mumbai
ORD004047,CUST0523,Strawberry Shake,Drinks,3,349.94,UPI,In Progress,2023-07-14 14:32:00,4.7,37.0,Hyderabad
ORD006295,CUST0775,Chocolate Brownie,Desserts,1,115.54,Cash,Delivered,2023-02-24 14:55:00,3.4,35.0,
ORD002563,CUST0044,Watermelon Juice,Drinks,2,133.73,Credit Card,Delivered,2023-09-23 11:02:00,4.9,70.0,Delhi
ORD003760,CUST0347,Naan,Breads,1,41.05,,Pending,22/01/2023 19:39,3.2,26.0,Delhi
ORD004653,CUST0493,Farmhouse Pizza,Pizza,5,1625.39,Credit Card,Pending,2023-07-20 21:21:00,,16.0,
ORD001209,CUST0645,Watermelon Juice,Drinks,2,143.1,Net Banking,Pending,2023-07-26 14:33:00,4.4,39.0,Delhi
ORD001909,CUST0514,Cold Brew Coffee,Drinks,1,152.18,Digital Wallet,Pending,2023-04-02 21:18:00,,65.0,Bangalore
ORD002289,CUST0261,BBQ Chicken Pizza,Pizza,2,725.63,Digital Wallet,Pending,2023-08-16 20:59:00,4.1,27.0,Mumbai
ORD005675,CUST0651,Mushroom Risotto,Main Course,3,881.95,Digital Wallet,Delivered,2022-11-30 12:00:00,2.8,25.0,Hyderabad
ORD004934,CUST0539,Egg Curry,Main Course,1,174.01,Digital Wallet,Delivered,2022-10-08 20:35:00,4.5,70.0,Mumbai
ORD002842,CUST0589,Classic Burger,Burgers,2,359.73,UPI,Pending,2023-07-05 09:39:00,3.7,69.0,Delhi
ORD003497,CUST0754,Ice Cream Sundae,Desserts,3,449.3,Net Banking,Delivered,2022-10-04 08:00:00,4.5,,Pune
ORD005952,CUST0160,Strawberry Shake,Drinks,1,118.22,Cash,Cancelled,2023-04-18 14:03:00,4.5,26.0,Chennai
ORD005322,CUST0386,Pepperoni Pizza,Pizza,4,1388.36,Cash,Delivered,2022-11-15 13:43:00,2.9,59.0,Hyderabad
ORD001958,CUST0029,Naan,Breads,1,38.14,Net Banking,In Progress,2023-04-04 19:43:00,4.1,31.0,Chennai
ORD002793,CUST0497,Chicken Soup,Starters,2,290.5,UPI,Pending,2023-07-20 09:40:00,4.1,24.0,Chennai
ORD003088,CUST0274,Paneer Tikka,Starters,3,601.74,Debit Card,Cancelled,2023-04-26 08:46:00,4.4,39.0,Pune
ORD003702,CUST0061,Paratha,Breads,1,49.99,UPI,In Progress,2023-01-15 14:24:00,2.9,,Mumbai
ORD001331,CUST0378,Fresh Lime Soda,Drinks,1,61.71,Digital Wallet,Cancelled,2023-10-14 19:29:00,5.0,64.0,Delhi
ORD004406,CUST0179,Strawberry Shake,Drinks,3,352.08,Digital Wallet,Delivered,2023-03-06 13:18:00,4.8,21.0,Hyderabad
ORD006294,CUST0300,Butter Chicken,Main Course,2,670.79,Cash,Delivered,2022-10-14 20:12:00,4.4,30.0,Bangalore
ORD005308,CUST0720,Chicken Tikka Masala,Main Course,2,652.79,Debit Card,Delivered,2022-11-25 12:50:00,4.2,26.0,Hyderabad
ORD003459,CUST0231,Cheese Burst Burger,Burgers,1,228.23,UPI,Delivered,2023-10-31 16:47:00,3.5,51.0,Mumbai
ORD002774,CUST0024,Mojito,Drinks,2,271.96,Credit Card,In Progress,2023-06-29 15:58:00,,30.0,Chennai
ORD005252,CUST0032,Veg Burger,Burgers,1,152.38,UPI,Cancelled,2023-03-27 19:47:00,3.6,31.0,Chennai
ORD006735,CUST0451,Chicken Tikka Masala,Main Course,3,955.26,Cash,Pending,2022-11-02 12:40:00,3.9,45.0,Hyderabad
ORD006758,CUST0201,Tandoori Roti,Breads,1,30.89,Net Banking,Delivered,2023-10-28 10:32:00,3.8,67.0,Hyderabad
ORD004661,CUST0606,Paneer Butter Masala,Main Course,4,1120.11,Debit Card,Delivered,2023-06-03 21:52:00,4.9,73.0,Delhi
ORD005915,CUST0799,Lamb Rogan Josh,Main Course,1,406.08,Digital Wallet,Cancelled,2023-01-27 09:36:00,,59.0,Chennai
ORD005715,CUST0478,Fresh Lime Soda,Drinks,2,117.54,Debit Card,Delivered,2023-06-13 08:43:00,3.8,74.0,Hyderabad
ORD004844,CUST0592,Pepperoni Pizza,Pizza,1,352.05,Digital Wallet,Pending,2023-03-02 17:42:00,4.5,40.0,Delhi
ORD003868,CUST0268,Veg Biryani,Main Course,1,271.76,Credit Card,Cancelled,2023-08-24 10:08:00,,42.0,Delhi
ORD002710,CUST0271,Watermelon Juice,Drinks,4,282.88,,Delivered,2022-11-21 13:06:00,4.7,26.0,Chennai
ORD005624,CUST0048,Chicken Fried Rice,Main Course,4,1010.01,Cash,Cancelled,2023-02-24 10:23:00,4.0,40.0,Mumbai
ORD003478,CUST0596,Cold Coffee,Drinks,4,380.59,Credit Card,Pending,2023-01-07 21:37:00,4.6,,Pune
ORD002366,CUST0380,Naan,Breads,1,38.56,Digital Wallet,Delivered,2023-06-25 12:14:00,4.3,34.0,Pune
ORD001173,CUST0775,Watermelon Juice,Drinks,1,71.1,Debit Card,Delivered,2022-11-23 20:47:00,2.6,49.0,Bangalore
ORD001858,CUST0047,Chicken Soup,Starters,2,309.21,UPI,Delivered,2023-08-07 12:37:00,3.3,26.0,Hyderabad
ORD005462,CUST0115,Paratha,Breads,1,49.54,Credit Card,Delivered,2022-12-18 13:14:00,3.0,21.0,
ORD005368,CUST0647,Strawberry Shake,Drinks,2,241.68,Credit Card,Delivered,2023-09-28 14:40:00,2.6,50.0,Pune
ORD006965,CUST0710,Fish Curry,Main Course,3,1001.4,Debit Card,Delivered,2023-03-27 13:58:00,4.2,35.0,Hyderabad
ORD006087,CUST0003,Ice Cream Sundae,Desserts,2,312.3,Net Banking,Delivered,2023-02-07 08:33:00,2.6,66.0,Chennai
ORD002952,CUST0666,Mojito,Drinks,2,253.82,Cash,Delivered,2023-08-12 09:20:00,4.2,32.0,Mumbai
ORD006086,CUST0005,BLT Sandwich,Sandwiches,2,356.85,Digital Wallet,Delivered,2023-01-08 20:38:00,4.2,33.0,Bangalore
ORD004425,CUST0569,BBQ Chicken Pizza,Pizza,2,765.14,UPI,Delivered,2022-12-25 20:34:00,4.5,,
ORD003036,CUST0399,Mango Lassi,Drinks,1,82.44,Cash,In Progress,2023-09-26 21:43:00,4.3,25.0,Pune
ORD005695,CUST0323,Veg Manchurian,Starters,-1,320.04,Credit Card,Delivered,2022-10-02 13:22:00,2.5,59.0,Delhi
ORD005442,CUST0409,Veg Burger,Burgers,2,297.77,UPI,Cancelled,2023-09-07 13:59:00,3.4,74.0,Bangalore
ORD001018,CUST0124,Cheesecake,Desserts,5,913.49,Credit Card,Delivered,2023-05-13 21:28:00,2.7,16.0,Chennai
ORD001000,CUST0755,Margherita Pizza,Pizza,2,533.4,Cash,In Progress,2023-02-18 12:08:00,4.4,49.0,Mumbai
ORD003174,CUST0066,Paneer Tikka,Starters,1,203.55,Credit Card,Delivered,2023-08-19 09:32:00,3.3,17.0,Chennai
ORD002356,CUST0670,Chicken Tikka Masala,Main Course,2,-50.0,UPI,Pending,2022-10-12 20:56:00,3.8,27.0,Delhi
ORD005508,CUST0724,Cheese Burst Burger,Burgers,4,905.84,Digital Wallet,Delivered,2023-10-28 13:37:00,3.2,28.0,Delhi
ORD004247,CUST0388,Egg Curry,Main Course,3,556.43,Net Banking,In Progress,2023-08-12 09:20:00,4.0,,Bangalore
ORD003826,CUST0729,Bruschetta,Starters,2,259.21,UPI,Delivered,2023-10-23 19:59:00,4.2,52.0,Pune
ORD006571,CUST0785,Bruschetta,Starters,1,124.64,Debit Card,Delivered,2023-08-06 12:49:00,4.3,50.0,Chennai
ORD001396,CUST0595,BBQ Chicken Pizza,Pizza,2,711.72,Digital Wallet,Delivered,2022-10-28 21:37:00,3.7,27.0,Chennai
ORD005550,CUST0404,Paratha,Breads,1,52.39,Digital Wallet,Delivered,2023-10-12 20:03:00,2.7,22.0,Delhi
ORD004413,CUST0294,Garlic Naan,Breads,1,57.92,Debit Card,Cancelled,2023-02-20 20:33:00,4.0,42.0,Pune
ORD002812,CUST0399,Veg Fried Rice,Main Course,1,207.04,Cash,Delivered,2023-05-11 18:58:00,2.8,63.0,Hyderabad
ORD004688,CUST0527,Veg Biryani,Main Course,4,1079.27,Cash,Pending,2023-08-14 09:11:00,2.5,22.0,Hyderabad
ORD005390,CUST0772,BBQ Chicken Pizza,Pizza,1,359.07,Credit Card,In Progress,2023-08-31 13:55:00,4.3,62.0,Pune
ORD001816,CUST0023,Veg Biryani,Main Course,1,254.82,Cash,Delivered,2023-05-26 09:27:00,4.8,62.0,
ORD002572,CUST0504,Cheesecake,Desserts,1,188.72,UPI,Pending,2023-08-05 20:58:00,4.0,65.0,Pune
ORD006918,CUST0580,Mushroom Risotto,Main Course,2,581.04,Debit Card,In Progress,2022-12-20 22:29:00,3.5,34.0,Mumbai
ORD002800,CUST0303,Cheese Burst Burger,Burgers,3,671.77,Credit Card,Pending,2023-05-22 09:33:00,4.5,52.0,Hyderabad
ORD003280,CUST0262,Chocolate Brownie,Desserts,4,470.16,Debit Card,Delivered,2023-06-24 08:51:00,4.5,58.0,Hyderabad
ORD006959,CUST0176,BBQ Chicken Pizza,Pizza,1,356.76,Cash,Delivered,2023-03-08 14:29:00,4.5,41.0,Delhi
ORD005789,CUST0181,Bruschetta,Starters,1,132.32,Net Banking,Delivered,2023-10-24 20:24:00,,50.0,Bangalore
ORD004992,CUST0068,Gulab Jamun,Desserts,1,82.84,Net Banking,Delivered,2023-10-23 15:18:00,4.7,18.0,Delhi
ORD005579,CUST0498,Veg Burger,Burgers,2,314.18,Digital Wallet,In Progress,2022-10-05 20:13:00,4.1,16.0,Hyderabad
ORD004698,CUST0058,BLT Sandwich,Sandwiches,1,176.37,Debit Card,Delivered,2023-09-20 08:15:00,3.8,60.0,
ORD006221,CUST0752,Fish Curry,Main Course,3,1062.54,Cash,In Progress,2023-07-29 20:20:00,2.9,56.0,Hyderabad
ORD004940,CUST0699,Garlic Bread,Starters,2,175.87,Net Banking,Delivered,2023-09-05 12:02:00,4.8,24.0,Mumbai
ORD004527,CUST0042,Naan,Breads,2,80.62,Credit Card,Delivered,2022-10-02 21:51:00,,23.0,Delhi
ORD004382,CUST0632,Lamb Rogan Josh,Main Course,3,1235.02,Digital Wallet,In Progress,2022-11-13 17:05:00,3.2,16.0,Chennai
ORD006108,CUST0024,Grilled Sandwich,Sandwiches,2,293.64,Debit Card,Cancelled,2022-10-29 16:42:00,4.5,20.0,Chennai
ORD005339,CUST0024,Chicken Tikka Masala,Main Course,1,342.79,UPI,Delivered,2023-10-29 09:14:00,5.0,72.0,Pune
ORD001554,CUST0017,Lamb Rogan Josh,Main Course,5,1900.04,Digital Wallet,Delivered,2022-10-18 22:38:00,,34.0,Mumbai
ORD002159,CUST0598,Classic Burger,Burgers,1,184.68,Cash,Cancelled,2022-10-05 18:30:00,4.7,45.0,Mumbai
ORD002213,CUST0226,Paratha,Breads,4,194.12,UPI,In Progress,2023-09-27 19:22:00,3.3,38.0,Chennai
ORD004196,CUST0723,Chicken Biryani,Main Course,1,348.31,,Delivered,2023-06-08 12:47:00,3.1,75.0,Mumbai
ORD002325,CUST0028,Palak Paneer,Main Course,2,512.04,Credit Card,Pending,2023-09-08 20:37:00,2.9,30.0,Bangalore
ORD004358,CUST0688,Kheer,Desserts,1,88.05,Cash,Delivered,2023-07-13 19:15:00,3.4,35.0,Bangalore
ORD006146,CUST0098,Tandoori Roti,Breads,1,30.42,UPI,Delivered,2023-10-08 11:22:00,4.1,57.0,Hyderabad
ORD001700,CUST0636,Butter Chicken,Main Course,3,977.12,Debit Card,In Progress,2023-06-30 21:28:00,4.9,66.0,Mumbai
ORD003700,CUST0674,Chocolate Brownie,Desserts,2,242.78,Cash,Cancelled,2023-10-21 21:34:00,2.7,70.0,Delhi
ORD005334,CUST0742,Grilled Sandwich,Sandwiches,2,289.06,Debit Card,Pending,2023-02-12 17:44:00,2.7,26.0,Hyderabad
ORD002847,CUST0627,Classic Burger,Burgers,1,181.68,Debit Card,Delivered,2023-01-09 09:52:00,,,Delhi
ORD005448,CUST0389,Veg Burger,Burgers,4,615.76,Cash,Pending,2023-07-24 12:25:00,4.2,42.0,Pune
ORD006841,CUST0628,Lamb Rogan Josh,Main Course,1,388.27,Debit Card,Delivered,2023-06-12 11:27:00,3.2,28.0,Delhi
ORD002455,CUST0680,BBQ Chicken Pizza,Pizza,1,354.95,UPI,Delivered,2023-09-30 18:56:00,,36.0,Chennai
ORD006067,CUST0063,Fish Curry,Main Course,3,989.89,Net Banking,Pending,2023-02-05 12:33:00,3.7,54.0,Pune
ORD004011,CUST0001,Cheesecake,Desserts,2,369.51,Debit Card,In Progress,28/04/2023 15:42,3.7,52.0,Hyderabad
ORD003922,CUST0118,Paratha,Breads,2,96.42,Digital Wallet,Delivered,2023-04-21 12:24:00,3.6,46.0,Mumbai
ORD001866,CUST0494,Pasta Arrabbiata,Main Course,1,251.33,Debit Card,Pending,2022-10-01 08:58:00,3.1,58.0,Hyderabad
ORD005629,CUST0594,Mutton Curry,Main Course,1,389.66,Cash,Delivered,2023-10-19 12:47:00,3.0,64.0,
ORD002644,CUST0069,Garlic Bread,Starters,4,350.5,Cash,Delivered,2023-01-09 18:04:00,4.5,26.0,Chennai
ORD003140,CUST0651,Pasta Arrabbiata,Main Course,2,464.95,Digital Wallet,In Progress,2023-05-26 13:07:00,3.4,51.0,Pune
ORD005082,CUST0095,Chocolate Brownie,Desserts,1,114.71,Debit Card,Cancelled,2023-02-12 19:08:00,4.2,31.0,Pune
ORD004519,CUST0585,Spring Rolls,Starters,2,249.85,Net Banking,Delivered,2023-01-13 16:13:00,3.6,41.0,Bangalore
ORD002490,CUST0387,Grilled Salmon,Main Course,4,1783.66,Debit Card,Delivered,06/10/2022 13:26,4.5,46.0,Bangalore
ORD004856,CUST0443,Gulab Jamun,Desserts,5,400.15,Net Banking,Delivered,2022-12-22 22:03:00,4.5,52.0,Bangalore
ORD001729,CUST0018,Masala Chai,Drinks,2,83.33,UPI,Delivered,2022-11-29 20:59:00,3.3,38.0,
ORD006329,CUST0268,Grilled Sandwich,Sandwiches,2,293.33,Net Banking,Delivered,2023-06-29 21:02:00,4.0,24.0,Chennai
ORD004574,CUST0557,Lamb Rogan Josh,Main Course,1,404.09,UPI,In Progress,2023-01-19 11:08:00,4.3,40.0,Mumbai
ORD003620,CUST0173,Fresh Lime Soda,Drinks,1,59.52,UPI,Delivered,2023-02-03 19:14:00,4.3,38.0,Pune
ORD002936,CUST0553,Pasta Arrabbiata,Main Course,5,1256.7,Credit Card,Delivered,2023-04-10 13:00:00,4.5,31.0,Chennai
ORD004210,CUST0402,Lamb Rogan Josh,Main Course,4,1570.25,UPI,Delivered,2023-06-12 21:57:00,2.9,47.0,Pune
ORD002110,CUST0558,Mushroom Risotto,Main Course,4,1152.44,,In Progress,2023-10-19 20:59:00,3.6,52.0,Mumbai
ORD005918,CUST0198,Kheer,Desserts,2,172.21,Debit Card,Delivered,2022-11-08 15:16:00,3.0,70.0,Pune
ORD006413,CUST0206,Tandoori Roti,Breads,2,58.41,Net Banking,Delivered,2023-09-05 12:32:00,3.7,28.0,Hyderabad
ORD003394,CUST0688,Strawberry Shake,Drinks,2,240.09,Net Banking,Delivered,2023-06-01 18:26:00,4.5,48.0,Chennai
ORD002185,CUST0603,Pasta Arrabbiata,Main Course,2,478.86,UPI,Delivered,2023-02-26 12:06:00,4.2,40.0,Hyderabad
ORD003007,CUST0606,Cheesecake,Desserts,2,370.14,UPI,Delivered,2022-11-07 13:23:00,3.4,69.0,Mumbai
ORD001193,CUST0173,Garlic Bread,Starters,1,88.23,Digital Wallet,Pending,2023-07-01 09:41:00,2.9,57.0,Chennai
ORD002515,CUST0297,Farmhouse Pizza,Pizza,2,661.01,Debit Card,Delivered,2023-06-01 12:11:00,4.5,25.0,Delhi
ORD001578,CUST0789,Tandoori Roti,Breads,3,90.21,Credit Card,In Progress,2022-12-09 13:58:00,4.8,73.0,
ORD003123,CUST0585,Dal Makhani,Main Course,2,420.52,Net Banking,Cancelled,2023-02-24 19:14:00,4.1,39.0,Mumbai
ORD002429,CUST0524,Veg Supreme Pizza,Pizza,5,9999.0,Credit Card,Delivered,2023-06-16 10:52:00,4.6,29.0,Mumbai
ORD001771,CUST0604,Gulab Jamun,Desserts,1,77.4,Cash,Cancelled,2023-02-18 13:16:00,3.8,59.0,Mumbai
ORD005128,CUST0017,Ice Cream Sundae,Desserts,2,310.95,Net Banking,Pending,2022-10-28 19:43:00,4.8,20.0,Delhi
ORD003395,CUST0343,Onion Rings,Starters,5,555.02,Debit Card,Delivered,2023-01-28 09:44:00,3.1,37.0,
ORD001395,CUST0315,Paneer Butter Masala,Main Course,4,1137.3,UPI,Delivered,2023-01-22 13:47:00,3.4,52.0,Bangalore
ORD002846,CUST0351,Chicken Burger,Burgers,1,195.59,Debit Card,Delivered,2023-07-05 09:47:00,3.1,74.0,Chennai
ORD001131,CUST0576,Butter Chicken,Main Course,1,327.64,Digital Wallet,Delivered,2022-12-06 16:37:00,4.2,41.0,Bangalore
ORD001178,CUST0745,Gulab Jamun,Desserts,2,157.88,UPI,Delivered,2023-06-23 12:05:00,3.6,67.0,Delhi
ORD006573,CUST0509,Classic Burger,Burgers,3,545.49,Net Banking,Pending,2023-02-16 10:07:00,,23.0,Pune
ORD004889,CUST0100,Bruschetta,Starters,3,406.47,Digital Wallet,Delivered,2023-09-18 13:23:00,2.9,38.0,Chennai
ORD006960,CUST0077,Mango Lassi,Drinks,2,158.46,UPI,Delivered,2022-10-14 19:37:00,4.9,32.0,Chennai
ORD003580,CUST0425,Tiramisu,Desserts,2,398.7,Net Banking,Pending,2023-01-20 10:04:00,4.2,17.0,Hyderabad
ORD004700,CUST0243,Chicken Tikka Masala,Main Course,1,340.92,Digital Wallet,Delivered,2023-03-18 19:20:00,,20.0,Chennai
ORD005362,CUST0661,Chicken Biryani,Main Course,1,335.34,UPI,Pending,2023-05-03 19:45:00,4.9,41.0,Pune
ORD003652,CUST0356,Cold Brew Coffee,Drinks,1,143.86,Net Banking,In Progress,2023-10-13 13:35:00,3.1,30.0,Chennai
ORD004792,CUST0656,Gulab Jamun,Desserts,2,152.99,Digital Wallet,Delivered,2023-04-13 21:27:00,2.9,,
ORD003073,CUST0237,Ice Cream Sundae,Desserts,2,309.75,UPI,Cancelled,2023-03-26 19:38:00,3.6,40.0,Chennai
ORD001658,CUST0788,Chicken Tikka Masala,Main Course,2,688.79,UPI,In Progress,2023-08-24 13:17:00,4.8,64.0,Bangalore
ORD002896,CUST0677,Farmhouse Pizza,Pizza,4,1334.27,,Delivered,2023-05-24 13:48:00,2.8,64.0,Pune
ORD005453,CUST0404,Veg Biryani,Main Course,3,814.74,Credit Card,Pending,2023-09-13 11:41:00,3.0,33.0,Hyderabad
ORD003606,CUST0548,BBQ Chicken Pizza,Pizza,3,1146.98,UPI,Delivered,2023-01-12 15:58:00,,29.0,Bangalore
ORD003221,CUST0697,Chicken Burger,Burgers,2,402.13,UPI,Delivered,2023-08-01 13:43:00,3.9,58.0,Chennai
ORD006733,CUST0049,Garlic Naan,Breads,1,61.6,Cash,Delivered,2023-07-23 21:19:00,3.2,58.0,Hyderabad
ORD003379,CUST0048,Chicken Burger,Burgers,2,412.38,Credit Card,Delivered,2022-10-08 12:14:00,3.4,19.0,Hyderabad
ORD002447,CUST0644,Pepperoni Pizza,Pizza,4,1410.27,Net Banking,Cancelled,2023-06-25 08:25:00,4.2,16.0,Delhi
ORD001342,CUST0077,Classic Burger,BURGERS,2,375.75,Cash,Delivered,2022-11-13 17:16:00,3.0,56.0,Hyderabad
ORD005783,CUST0432,Onion Rings,Starters,4,428.0,Credit Card,Delivered,2023-08-30 08:41:00,4.0,15.0,Bangalore
ORD003527,CUST0768,Garlic Naan,Breads,2,123.36,Digital Wallet,Cancelled,2023-06-10 13:28:00,4.7,64.0,Delhi
ORD001727,CUST0167,Strawberry Shake,Drinks,2,236.95,Cash,Delivered,2023-06-06 13:58:00,2.9,29.0,Delhi
ORD005767,CUST0746,Pasta Arrabbiata,Main Course,4,971.46,Cash,Delivered,2023-10-16 14:44:00,3.8,19.0,Pune
ORD001976,CUST0173,Tiramisu,Desserts,1,203.46,UPI,Delivered,2023-07-08 22:29:00,3.7,49.0,Delhi
ORD003943,CUST0600,Margherita Pizza,Pizza,2,570.63,Cash,Cancelled,2023-07-30 19:56:00,3.8,75.0,Delhi
ORD006214,CUST0153,Veg Supreme Pizza,Pizza,1,290.75,UPI,Cancelled,2023-09-28 12:02:00,3.2,26.0,Hyderabad
ORD002928,CUST0188,Chicken Fried Rice,Main Course,2,487.41,Credit Card,In Progress,2022-12-29 20:27:00,4.2,47.0,Pune
ORD004771,CUST0482,Grilled Salmon,Main Course,4,1875.68,Cash,Cancelled,2023-08-18 20:47:00,4.1,69.0,
ORD006817,CUST0105,Chicken Fried Rice,Main Course,4,1029.75,UPI,Delivered,2023-01-28 21:35:00,3.0,42.0,Bangalore
ORD002299,CUST0658,Garlic Naan,Breads,2,114.16,UPI,Cancelled,2023-02-17 08:17:00,2.6,59.0,Pune
ORD005214,CUST0612,Mushroom Risotto,Main Course,2,605.68,UPI,In Progress,2023-08-26 09:48:00,4.8,39.0,Bangalore
ORD006562,CUST0404,Veg Burger,Burgers,3,450.52,Debit Card,Cancelled,2023-06-19 16:51:00,3.3,16.0,Chennai
ORD001660,CUST0661,Palak Paneer,Main Course,1,248.8,UPI,Delivered,2023-01-11 18:11:00,2.9,64.0,Hyderabad
ORD002790,CUST0800,Butter Chicken,Main Course,1,326.2,Cash,Delivered,2022-11-29 20:27:00,4.9,70.0,Mumbai
ORD004861,CUST0319,Spring Rolls,Starters,1,0.0,Net Banking,Cancelled,2022-10-11 12:41:00,3.1,61.0,Delhi
ORD005025,CUST0218,Kheer,Desserts,1,85.99,Net Banking,In Progress,2023-07-07 13:59:00,3.2,,Hyderabad
ORD001493,CUST0207,Veg Manchurian,Starters,4,660.49,Net Banking,Pending,2023-08-24 14:00:00,3.2,17.0,Chennai
ORD004176,CUST0663,Gulab Jamun,DESSERTS,5,398.0,Credit Card,Cancelled,2022-10-02 20:36:00,4.0,47.0,Delhi
ORD005253,CUST0512,Pepperoni Pizza,PIZZA,1,365.05,Cash,Delivered,2023-09-02 10:07:00,,63.0,Bangalore
ORD005882,CUST0615,Kheer,Desserts,1,85.52,Digital Wallet,Pending,2023-04-11 22:06:00,4.8,15.0,Hyderabad
ORD005073,CUST0721,Grilled Sandwich,Sandwiches,1,135.14,Debit Card,Delivered,2023-01-14 16:16:00,3.3,47.0,Delhi
ORD006576,CUST0190,Ice Cream Sundae,Desserts,1,156.38,,Delivered,2023-07-17 19:13:00,3.2,27.0,Pune
ORD006366,CUST0115,Grilled Salmon,Main Course,4,1784.4,Digital Wallet,Pending,2023-06-07 08:07:00,4.5,52.0,Bangalore
ORD002085,CUST0096,Margherita Pizza,Pizza,1,270.24,Net Banking,Delivered,2023-05-26 08:40:00,4.7,66.0,Pune
ORD006717,CUST0498,Mutton Curry,Main Course,3,1141.27,Credit Card,In Progress,2023-06-02 20:07:00,4.3,23.0,Mumbai
ORD001694,CUST0395,Ice Cream Sundae,Desserts,2,306.12,Net Banking,Delivered,2022-10-01 21:04:00,3.8,33.0,
ORD002278,CUST0506,Garlic Bread,Starters,2,186.11,Debit Card,Cancelled,2023-10-25 11:49:00,3.3,36.0,Delhi
ORD005270,CUST0600,BLT Sandwich,Sandwiches,1,175.78,Net Banking,Delivered,2022-12-07 20:43:00,2.5,28.0,Chennai
ORD002621,CUST0193,Veg Biryani,Main Course,2,508.48,Digital Wallet,Delivered,2023-08-03 13:42:00,4.5,59.0,Bangalore
ORD003561,CUST0362,Paneer Butter Masala,Main Course,1,277.8,Cash,Delivered,2023-04-26 08:12:00,3.8,16.0,Mumbai
ORD005229,CUST0184,Tandoori Roti,Breads,5,145.34,Net Banking,Pending,2022-12-02 20:09:00,4.9,20.0,Pune
ORD005091,CUST0285,Cold Brew Coffee,Drinks,1,156.66,UPI,Pending,2022-11-08 20:14:00,2.9,58.0,Delhi
ORD001067,CUST0502,Chocolate Brownie,Desserts,1,120.07,Cash,Cancelled,2023-03-24 08:26:00,4.9,55.0,Hyderabad
ORD006567,CUST0236,Chicken Burger,Burgers,1,191.96,UPI,Delivered,2023-02-25 14:11:00,2.6,34.0,Mumbai
ORD004074,CUST0544,Cold Brew Coffee,Drinks,2,286.89,Debit Card,Cancelled,2023-08-03 19:45:00,3.6,55.0,Pune
ORD003269,CUST0476,Paratha,Breads,1,50.02,Net Banking,Delivered,2023-10-20 08:46:00,4.4,57.0,Bangalore
ORD005259,CUST0407,Grilled Salmon,Main Course,1,0.0,Credit Card,Delivered,2022-12-26 14:38:00,3.9,47.0,Bangalore
ORD005770,CUST0739,Paneer Butter Masala,MAIN COURSE,4,1113.72,Cash,In Progress,2023-08-15 13:41:00,3.5,23.0,Hyderabad
ORD001820,CUST0567,Fresh Lime Soda,Drinks,1,57.36,Cash,Delivered,2022-10-10 13:20:00,4.7,41.0,Hyderabad
ORD002226,CUST0452,Gulab Jamun,Desserts,4,312.85,Credit Card,Delivered,2023-08-09 16:04:00,4.4,32.0,Bangalore
ORD002677,CUST0403,Cheesecake,Desserts,2,359.87,Debit Card,In Progress,2023-01-23 19:02:00,2.9,45.0,Hyderabad
ORD006059,CUST0492,Egg Curry,Main Course,1,184.05,Net Banking,Delivered,2023-09-08 19:42:00,2.7,58.0,Pune
ORD003867,CUST0122,Farmhouse Pizza,Pizza,1,331.23,Net Banking,Pending,2023-04-27 18:52:00,2.5,25.0,Mumbai
ORD005417,CUST0328,Fish Curry,Main Course,2,672.54,Credit Card,Delivered,11/05/2023 12:36,,45.0,Hyderabad
ORD003367,CUST0141,Veg Manchurian,Starters,2,330.79,UPI,Pending,2023-06-25 20:30:00,4.4,60.0,Delhi
ORD004101,CUST0540,Fish Fingers,Starters,2,428.57,Digital Wallet,Cancelled,2023-09-10 20:45:00,2.6,18.0,Hyderabad
ORD004964,CUST0025,Veg Supreme Pizza,Pizza,3,902.17,Cash,Cancelled,2022-12-21 09:36:00,4.2,22.0,Delhi
ORD003512,CUST0069,Ice Cream Sundae,Desserts,1,144.39,Debit Card,Delivered,2022-10-06 08:57:00,2.6,57.0,Pune
ORD003723,CUST0523,Egg Curry,Main Course,1,187.73,Debit Card,Cancelled,2023-01-18 21:30:00,3.5,70.0,Hyderabad
ORD006396,CUST0708,Rasgulla,Desserts,2,138.57,Net Banking,Cancelled,2022-11-12 14:25:00,4.2,48.0,Hyderabad
ORD006152,CUST0065,Palak Paneer,Main Course,5,1287.24,Digital Wallet,Delivered,2023-06-18 13:35:00,3.9,71.0,Delhi
ORD005477,CUST0709,Gulab Jamun,Desserts,2,154.42,Net Banking,Delivered,2023-01-05 10:02:00,4.1,28.0,Hyderabad
ORD002143,CUST0277,Garlic Naan,Breads,1,58.98,Net Banking,Delivered,2023-08-10 20:24:00,4.8,52.0,Hyderabad
ORD001397,CUST0155,Cheese Burst Burger,Burgers,1,223.98,Credit Card,Delivered,2023-06-29 12:03:00,3.4,51.0,Hyderabad
ORD001786,CUST0429,Mushroom Risotto,Main Course,4,1212.01,Credit Card,Cancelled,2023-02-22 19:12:00,4.5,16.0,Bangalore
ORD006187,CUST0661,Ice Cream Sundae,Desserts,5,723.21,Digital Wallet,Delivered,03/09/2023 13:26,,74.0,
ORD004989,CUST0188,Chicken Burger,Burgers,1,196.09,Credit Card,Delivered,2023-10-06 12:44:00,2.7,36.0,Hyderabad
ORD002398,CUST0335,Garlic Bread,Starters,1,89.43,Digital Wallet,Cancelled,2022-10-17 21:55:00,3.2,36.0,Pune
ORD002659,CUST0767,Chicken Burger,Burgers,2,400.56,Digital Wallet,Pending,2023-09-07 20:46:00,2.7,24.0,Hyderabad
ORD004403,CUST0429,Ice Cream Sundae,Desserts,1,153.89,Debit Card,Delivered,2022-12-19 09:54:00,3.4,75.0,Hyderabad
ORD003220,CUST0065,Dal Makhani,Main Course,2,451.65,UPI,Pending,2023-04-29 13:19:00,4.0,46.0,Mumbai
ORD001979,CUST0590,Naan,Breads,2,79.94,Digital Wallet,Delivered,2023-09-20 12:14:00,4.1,39.0,Pune
ORD003331,CUST0209,Chocolate Brownie,Desserts,2,247.32,Debit Card,Delivered,2023-09-06 08:23:00,3.2,41.0,Mumbai
ORD002298,CUST0601,Cold Brew Coffee,Drinks,5,727.19,Debit Card,Delivered,2023-04-03 15:00:00,,38.0,Bangalore
ORD004290,CUST0153,Garlic Bread,Starters,2,188.6,Net Banking,Cancelled,2022-12-11 20:34:00,4.5,73.0,Mumbai
ORD004869,CUST0523,Pasta Arrabbiata,Main Course,1,234.07,Cash,In Progress,2023-03-24 20:26:00,4.3,44.0,Pune
ORD001082,CUST0299,Chicken Tikka Masala,Main Course,1,313.59,Cash,Delivered,19/05/2023 19:30,3.2,33.0,Pune
ORD004163,CUST0162,Gulab Jamun,Desserts,2,165.22,Debit Card,Pending,2023-09-24 08:51:00,3.4,41.0,Delhi
ORD006015,CUST0773,Fish Curry,Main Course,2,650.16,Credit Card,Delivered,2022-12-24 20:46:00,3.9,74.0,Mumbai
ORD005733,CUST0647,Chicken Fried Rice,Main Course,2,500.55,Credit Card,Delivered,2023-03-12 20:21:00,4.8,57.0,Bangalore
ORD005012,CUST0567,Garlic Naan,Breads,1,59.22,Net Banking,Delivered,2023-04-30 09:10:00,4.9,56.0,Mumbai
ORD005766,CUST0461,Mojito,Drinks,1,127.77,Digital Wallet,In Progress,2023-08-29 12:20:00,,73.0,Bangalore
ORD004321,CUST0516,Mango Lassi,Drinks,1,81.29,Digital Wallet,Delivered,2023-07-10 21:20:00,5.0,56.0,Hyderabad
ORD003903,CUST0700,Garlic Bread,Starters,1,91.28,Digital Wallet,Delivered,2023-03-14 08:09:00,4.9,74.0,Hyderabad
ORD001423,CUST0423,Kheer,Desserts,1,89.98,,Pending,2023-08-31 08:25:00,3.9,67.0,Mumbai
ORD006239,CUST0787,Chicken Soup,Starters,2,310.41,UPI,Delivered,2023-02-09 21:52:00,4.0,54.0,Mumbai
ORD002904,CUST0465,Veg Burger,Burgers,3,453.76,Cash,Delivered,2022-10-09 20:14:00,3.2,42.0,Bangalore
ORD006492,CUST0659,Veg Fried Rice,Main Course,2,390.45,Cash,In Progress,2022-10-06 18:38:00,3.0,58.0,Bangalore
ORD002530,CUST0094,Chicken Fried Rice,Main Course,1,256.15,Cash,Cancelled,2022-11-11 10:45:00,4.5,29.0,
ORD005292,CUST0379,Cold Coffee,Drinks,1,102.46,UPI,Delivered,2023-02-17 08:28:00,2.9,64.0,Mumbai
ORD002565,CUST0214,Mango Lassi,Drinks,2,160.8,Credit Card,Pending,2022-10-21 10:02:00,3.7,37.0,
ORD005479,CUST0445,Farmhouse Pizza,PIZZA,1,318.31,Digital Wallet,Delivered,2023-10-05 13:18:00,4.8,65.0,Chennai
ORD003749,CUST0340,BLT Sandwich,Sandwiches,3,505.03,Digital Wallet,Delivered,2023-07-22 08:52:00,4.9,73.0,Hyderabad
ORD001839,CUST0533,Mojito,Drinks,2,257.14,Digital Wallet,Delivered,2023-10-04 20:08:00,3.0,47.0,
ORD001500,CUST0324,Veg Biryani,Main Course,1,256.95,UPI,Delivered,2023-01-21 19:14:00,,15.0,Pune
ORD005450,CUST0320,Chocolate Brownie,Desserts,1,121.96,Debit Card,Pending,2023-04-01 08:02:00,3.3,75.0,Pune
ORD001141,CUST0236,Bruschetta,Starters,2,258.2,Digital Wallet,Pending,2022-12-06 13:45:00,4.6,66.0,Bangalore
ORD005997,CUST0137,Veg Biryani,Main Course,1,252.68,Debit Card,Delivered,2022-11-15 20:20:00,4.9,72.0,Mumbai
ORD003605,CUST0603,Ice Cream Sundae,Desserts,4,621.69,Digital Wallet,Cancelled,2023-02-11 08:32:00,4.8,15.0,Delhi
ORD004580,CUST0550,Chicken Biryani,Main Course,2,720.65,Cash,In Progress,2023-06-10 08:00:00,3.3,75.0,Delhi
ORD002377,CUST0053,Gulab Jamun,Desserts,3,239.45,Debit Card,In Progress,2022-11-20 16:50:00,2.7,45.0,Mumbai
ORD005706,CUST0287,BLT Sandwich,Sandwiches,4,711.87,,Cancelled,2023-09-20 21:50:00,,22.0,Bangalore
ORD006941,CUST0732,Grilled Salmon,Main Course,5,2164.19,UPI,Cancelled,2023-02-22 20:17:00,4.6,32.0,Hyderabad
ORD003266,CUST0282,Paneer Butter Masala,Main Course,1,293.61,Debit Card,Pending,2023-06-09 20:05:00,2.5,67.0,Mumbai
ORD004098,CUST0557,Dal Makhani,Main Course,2,452.79,UPI,In Progress,2023-02-16 17:31:00,4.0,75.0,Chennai
ORD002138,CUST0017,Pasta Arrabbiata,Main Course,1,240.8,Cash,Cancelled,2023-06-28 08:41:00,2.7,66.0,Hyderabad
ORD003257,CUST0701,BBQ Chicken Pizza,Pizza,2,745.73,Net Banking,Delivered,2023-06-30 21:53:00,2.9,60.0,Mumbai
ORD004678,CUST0023,Farmhouse Pizza,Pizza,2,638.04,UPI,Delivered,2023-06-23 10:15:00,3.2,28.0,Bangalore
ORD002787,CUST0246,Mushroom Risotto,MAIN COURSE,1,291.47,UPI,Delivered,2023-08-05 15:04:00,3.3,41.0,Mumbai
ORD004710,CUST0459,Masala Chai,Drinks,1,41.52,Credit Card,Delivered,2022-11-30 09:32:00,4.3,66.0,Delhi
ORD001550,CUST0426,Club Sandwich,Sandwiches,1,162.01,Net Banking,Delivered,31/12/2022 16:35,4.4,51.0,Bangalore
ORD001459,CUST0662,Veg Manchurian,Starters,3,499.37,Digital Wallet,Delivered,2023-03-26 11:57:00,2.9,29.0,Chennai
ORD003019,CUST0140,Veg Supreme Pizza,Pizza,1,305.67,UPI,Delivered,2023-10-03 13:05:00,3.5,74.0,Chennai
ORD001948,CUST0504,Chicken Tikka Masala,Main Course,2,639.11,Cash,Delivered,2023-08-19 08:55:00,2.6,24.0,Delhi
ORD004286,CUST0084,Cold Coffee,Drinks,2,207.58,Digital Wallet,In Progress,2022-10-11 13:48:00,5.0,67.0,Bangalore
ORD005834,CUST0503,Spring Rolls,Starters,4,471.64,Credit Card,Delivered,2023-05-12 09:00:00,,15.0,Hyderabad
ORD001532,CUST0769,Farmhouse Pizza,Pizza,5,1594.19,Credit Card,Delivered,2022-10-17 12:53:00,3.2,40.0,Mumbai
ORD004922,CUST0771,Veg Supreme Pizza,Pizza,1,291.31,,In Progress,2023-09-23 12:58:00,5.0,44.0,
ORD002829,CUST0528,Veg Biryani,Main Course,4,1012.09,Credit Card,Pending,2023-07-04 12:07:00,4.2,35.0,Hyderabad
ORD005775,CUST0601,Paratha,Breads,1,48.89,Digital Wallet,In Progress,2022-11-25 21:51:00,3.1,,Bangalore
ORD006343,CUST0713,Strawberry Shake,Drinks,1,114.92,Cash,Delivered,2022-12-24 19:14:00,3.5,52.0,Hyderabad
ORD005819,CUST0075,Cheesecake,Desserts,5,859.5,Debit Card,Delivered,2023-05-05 20:33:00,4.7,42.0,Pune
ORD004447,CUST0377,Mojito,Drinks,5,639.64,Cash,Delivered,2023-03-25 18:23:00,3.3,56.0,Delhi
ORD002602,CUST0670,Masala Chai,Drinks,1,39.94,,Cancelled,2022-10-03 13:47:00,2.6,26.0,Delhi
ORD003238,CUST0492,Grilled Salmon,Main Course,2,881.54,UPI,Delivered,2022-10-16 12:19:00,3.9,58.0,Bangalore
ORD001639,CUST0749,Veg Biryani,Main Course,1,258.04,Credit Card,In Progress,2022-10-04 17:54:00,3.8,41.0,Chennai
ORD006850,CUST0551,Spring Rolls,STARTERS,1,124.21,Net Banking,Pending,2023-08-08 21:12:00,3.3,,Bangalore
ORD001967,CUST0104,Pasta Arrabbiata,Main Course,1,242.06,Cash,Delivered,2023-06-02 14:48:00,3.2,15.0,Pune
ORD006114,CUST0485,Pasta Arrabbiata,Main Course,2,493.49,Net Banking,Cancelled,26/10/2022 19:23,,68.0,Bangalore
ORD004790,CUST0695,Fish Curry,Main Course,2,662.24,Debit Card,In Progress,2023-08-11 21:42:00,3.9,28.0,Chennai
ORD002683,CUST0727,Cheesecake,Desserts,1,185.63,Debit Card,Cancelled,2023-05-26 19:25:00,2.8,35.0,Pune
ORD003248,CUST0237,Butter Chicken,Main Course,2,624.64,UPI,Pending,2023-08-05 10:21:00,3.8,29.0,Delhi
ORD005438,CUST0188,Pepperoni Pizza,Pizza,1,351.66,UPI,Pending,2023-07-11 13:01:00,4.8,29.0,Hyderabad
ORD006412,CUST0533,Gulab Jamun,Desserts,1,78.07,Credit Card,Cancelled,2023-04-05 20:57:00,,46.0,Chennai
ORD006505,CUST0121,Mojito,Drinks,1,129.18,,Cancelled,2023-06-30 19:11:00,3.2,25.0,Mumbai
ORD001155,CUST0680,Grilled Salmon,Main Course,5,2273.11,Credit Card,Delivered,2022-12-16 12:37:00,3.3,56.0,Pune
ORD003295,CUST0722,Kheer,Desserts,1,91.87,Debit Card,Delivered,2023-06-11 19:53:00,3.9,25.0,Bangalore
ORD005476,CUST0663,Chicken Fried Rice,Main Course,4,1000.33,Digital Wallet,Delivered,2022-11-01 15:17:00,4.2,43.0,Delhi
ORD005100,CUST0568,Watermelon Juice,Drinks,5,354.86,UPI,Delivered,2022-11-27 21:03:00,3.2,59.0,Chennai
ORD002089,CUST0322,Cheese Burst Burger,Burgers,2,460.63,Credit Card,Delivered,2022-11-14 14:29:00,2.9,,Chennai
ORD004827,CUST0280,Chicken Burger,Burgers,1,202.13,Net Banking,In Progress,2022-11-22 21:19:00,3.9,73.0,Bangalore
ORD003319,CUST0334,Egg Curry,Main Course,1,188.32,Credit Card,Delivered,2023-08-17 09:12:00,3.9,47.0,Hyderabad
ORD003940,CUST0724,Margherita Pizza,Pizza,2,559.58,Debit Card,Cancelled,2023-08-20 20:54:00,4.7,21.0,Hyderabad
ORD006119,CUST0492,Paratha,Breads,5,256.87,UPI,Delivered,2023-10-20 10:32:00,4.9,38.0,Pune
ORD001288,CUST0192,Paneer Butter Masala,Main Course,3,803.26,Debit Card,Delivered,2022-11-22 20:34:00,3.0,22.0,Bangalore
ORD001930,CUST0200,Mango Lassi,Drinks,2,159.39,UPI,Delivered,2023-03-25 20:54:00,2.5,,Pune
ORD003909,CUST0250,Ice Cream Sundae,Desserts,1,154.14,Digital Wallet,Cancelled,2023-04-12 20:33:00,3.9,17.0,Delhi
ORD004660,CUST0036,Kheer,Desserts,2,182.54,Digital Wallet,Delivered,09/07/2023 13:04,4.2,45.0,Delhi
ORD005701,CUST0598,Dal Makhani,Main Course,1,226.03,Debit Card,Cancelled,2023-07-15 17:58:00,3.1,44.0,Chennai
ORD003884,CUST0689,Fish Fingers,Starters,1,219.21,Net Banking,Delivered,2023-02-13 20:43:00,4.6,63.0,Hyderabad
ORD004450,CUST0543,Paneer Tikka,Starters,1,208.66,Net Banking,Pending,2023-05-21 21:49:00,2.9,63.0,Mumbai
ORD004288,CUST0325,Palak Paneer,Main Course,2,516.69,Net Banking,Pending,2023-01-31 13:12:00,4.0,41.0,Hyderabad
ORD006497,CUST0710,Veg Supreme Pizza,Pizza,2,576.71,Net Banking,Delivered,2023-08-21 19:57:00,4.2,34.0,Bangalore
ORD004000,CUST0602,Palak Paneer,Main Course,2,542.93,Debit Card,Delivered,2023-06-15 19:08:00,3.6,44.0,Bangalore
ORD006753,CUST0586,Paneer Tikka,Starters,1,194.77,Debit Card,Delivered,2023-04-10 19:00:00,3.4,62.0,Pune
ORD004422,CUST0679,Margherita Pizza,PIZZA,2,550.96,Digital Wallet,In Progress,2022-11-08 21:58:00,3.9,,Chennai
ORD006973,CUST0010,Fish Fingers,Starters,1,228.82,Digital Wallet,Delivered,2023-07-06 17:13:00,3.2,18.0,Delhi
ORD001942,CUST0683,Garlic Naan,Breads,1,58.05,UPI,Delivered,2023-10-25 21:20:00,3.3,53.0,Chennai
ORD003354,CUST0659,Spring Rolls,Starters,1,118.8,Cash,Delivered,2023-09-19 12:18:00,2.8,60.0,Chennai
ORD006313,CUST0699,Garlic Bread,Starters,3,279.58,Net Banking,Delivered,2022-10-04 21:20:00,4.7,48.0,Mumbai
ORD006637,CUST0624,Cheesecake,Desserts,2,343.14,UPI,In Progress,2022-12-20 21:45:00,3.3,54.0,Chennai
ORD006647,CUST0650,Pasta Arrabbiata,Main Course,3,739.47,Credit Card,In Progress,2023-09-09 13:38:00,,65.0,Delhi
ORD002698,CUST0798,Watermelon Juice,Drinks,5,363.06,Debit Card,Delivered,2022-10-02 21:04:00,2.8,43.0,Bangalore
ORD006701,CUST0187,Tandoori Roti,Breads,3,92.64,Debit Card,Delivered,2023-06-08 19:27:00,4.0,75.0,Hyderabad
ORD005480,CUST0458,Fresh Lime Soda,Drinks,4,241.94,Net Banking,In Progress,2023-02-27 20:34:00,3.6,33.0,Chennai
ORD004620,CUST0389,Veg Biryani,Main Course,1,272.66,UPI,In Progress,2023-05-14 13:27:00,2.6,23.0,Chennai
ORD005059,CUST0168,Chicken Biryani,Main Course,1,343.69,Digital Wallet,Delivered,2023-06-28 12:20:00,3.5,46.0,Hyderabad
ORD006422,CUST0519,Veg Manchurian,Starters,2,306.41,Cash,Pending,2023-06-14 08:51:00,3.8,61.0,Mumbai
ORD001985,CUST0281,Cheesecake,Desserts,1,176.76,Net Banking,Pending,2023-06-15 22:07:00,3.7,68.0,Delhi
ORD006164,CUST0341,Tiramisu,Desserts,1,99999.0,Cash,In Progress,2022-12-22 12:15:00,4.0,46.0,Chennai
ORD003363,CUST0425,Dal Makhani,Main Course,3,665.92,Cash,In Progress,2023-05-27 20:35:00,2.8,55.0,Hyderabad
ORD005204,CUST0234,Dal Makhani,Main Course,2,445.49,Credit Card,Delivered,2023-07-29 08:43:00,3.9,60.0,Hyderabad
ORD006782,CUST0789,Mushroom Risotto,Main Course,2,622.34,Digital Wallet,In Progress,2022-10-28 08:39:00,2.7,37.0,Bangalore
ORD001981,CUST0119,Rasgulla,Desserts,1,68.88,Digital Wallet,Delivered,31/07/2023 21:47,2.8,35.0,Hyderabad
ORD006117,CUST0083,Watermelon Juice,Drinks,1,70.99,Digital Wallet,Delivered,2023-03-07 19:43:00,,71.0,Delhi
ORD004333,CUST0520,Palak Paneer,Main Course,1,258.25,Net Banking,Pending,2023-10-19 08:42:00,4.7,52.0,Chennai
ORD006748,CUST0279,Palak Paneer,Main Course,3,764.71,Digital Wallet,In Progress,2023-08-30 15:44:00,,26.0,Mumbai
ORD004516,CUST0124,Fish Fingers,Starters,2,418.21,,Delivered,2023-05-29 17:56:00,3.4,26.0,Bangalore
ORD005414,CUST0399,Spring Rolls,Starters,1,123.02,UPI,Delivered,2023-06-06 22:14:00,3.0,43.0,Pune
ORD006645,CUST0177,Cold Brew Coffee,Drinks,1,155.99,Credit Card,Delivered,2023-01-12 16:35:00,5.0,34.0,Bangalore
ORD002473,CUST0002,Cheesecake,Desserts,1,181.03,Digital Wallet,Delivered,2023-09-15 13:10:00,2.5,,Bangalore
ORD005595,CUST0544,Paratha,Breads,2,98.16,Cash,In Progress,2023-05-05 08:12:00,3.7,36.0,Pune
ORD004428,CUST0250,Margherita Pizza,Pizza,1,278.96,Credit Card,Delivered,2023-04-12 22:46:00,,73.0,Hyderabad
ORD006420,CUST0524,Veg Manchurian,Starters,3,492.52,Credit Card,Delivered,2023-04-21 19:55:00,4.4,16.0,Pune
ORD002457,CUST0027,Veg Fried Rice,Main Course,2,381.63,UPI,Delivered,08/07/2023 09:17,4.6,,Delhi
ORD002395,CUST0370,Palak Paneer,Main Course,4,1060.72,UPI,In Progress,2023-10-14 12:54:00,4.7,26.0,Bangalore
ORD001264,CUST0758,Ice Cream Sundae,Desserts,3,445.01,Credit Card,In Progress,2023-07-04 12:48:00,4.3,47.0,Pune
ORD003748,CUST0736,Palak Paneer,Main Course,2,499.06,UPI,Delivered,2023-09-04 19:57:00,4.8,72.0,Delhi
ORD005898,CUST0168,Masala Chai,Drinks,1,41.67,Digital Wallet,Cancelled,2023-10-26 21:34:00,,37.0,Hyderabad
ORD003692,CUST0400,Garlic Naan,Breads,1,59.0,Credit Card,Delivered,2022-11-03 12:48:00,4.5,70.0,Pune
ORD005756,CUST0735,Chocolate Brownie,Desserts,3,352.62,Credit Card,Pending,2023-02-25 11:49:00,4.3,37.0,Pune
ORD001929,CUST0519,Gulab Jamun,Desserts,3,235.82,Cash,Cancelled,2023-05-19 09:13:00,2.6,55.0,Pune
ORD006267,CUST0426,Cold Brew Coffee,Drinks,3,460.56,Net Banking,Delivered,2022-12-16 18:27:00,4.1,47.0,Pune
ORD004303,CUST0211,Pasta Arrabbiata,Main Course,1,250.75,Credit Card,Delivered,2023-02-27 19:10:00,4.5,49.0,Mumbai
ORD003400,CUST0724,Bruschetta,Starters,3,375.58,Credit Card,Delivered,2023-10-09 11:03:00,4.9,24.0,Hyderabad
ORD003178,CUST0497,Butter Chicken,Main Course,1,333.32,,In Progress,2022-11-07 13:03:00,,55.0,Delhi
ORD004885,CUST0495,Cheesecake,Desserts,2,369.82,Net Banking,Delivered,2023-07-17 22:55:00,4.0,66.0,Pune
ORD001246,CUST0275,BBQ Chicken Pizza,Pizza,3,1064.76,UPI,In Progress,2023-10-06 20:03:00,4.0,,Mumbai
ORD002594,CUST0490,Rasgulla,Desserts,1,67.96,Net Banking,Pending,2023-05-08 19:58:00,4.0,58.0,
ORD002758,CUST0300,Cold Brew Coffee,Drinks,1,152.58,Debit Card,Delivered,2023-06-16 19:48:00,2.7,67.0,Delhi
ORD006895,CUST0242,Club Sandwich,Sandwiches,1,153.24,Cash,Cancelled,2023-05-29 12:13:00,2.6,57.0,Bangalore
ORD005058,CUST0288,Mango Lassi,Drinks,4,304.38,Cash,Delivered,10/01/2023 08:33,4.2,16.0,Hyderabad
ORD001923,CUST0283,Veg Burger,Burgers,4,605.25,Credit Card,Delivered,2023-06-15 19:29:00,5.0,43.0,
ORD006697,CUST0033,Grilled Salmon,Main Course,3,1344.14,Digital Wallet,Cancelled,2023-10-17 08:32:00,4.3,58.0,Bangalore
ORD001268,CUST0316,Mango Lassi,DRINKS,1,79.12,UPI,Delivered,2023-04-03 09:00:00,4.4,21.0,Delhi
ORD001669,CUST0739,Club Sandwich,Sandwiches,5,761.31,Cash,Cancelled,2023-03-23 08:50:00,2.8,66.0,Pune
ORD004955,CUST0632,Cold Coffee,Drinks,2,196.46,Net Banking,Pending,2023-10-10 21:17:00,5.0,43.0,Pune
ORD002910,CUST0787,Grilled Salmon,Main Course,2,936.72,Net Banking,Cancelled,2023-04-26 21:36:00,3.4,72.0,Bangalore
ORD006919,CUST0378,Veg Fried Rice,Main Course,3,603.94,,Delivered,2023-04-13 13:43:00,4.1,,
ORD002152,CUST0280,Mutton Curry,Main Course,1,380.08,Debit Card,Delivered,2023-06-18 12:28:00,2.6,39.0,
ORD006560,CUST0394,Egg Curry,Main Course,2,362.48,Debit Card,Delivered,2023-07-28 08:16:00,4.7,34.0,Bangalore
ORD005966,CUST0603,Paratha,Breads,4,200.93,UPI,Pending,2023-08-19 12:45:00,3.5,61.0,Mumbai
ORD006829,CUST0666,BBQ Chicken Pizza,Pizza,3,1064.17,Net Banking,Cancelled,2023-05-20 08:53:00,3.1,73.0,Mumbai
ORD005543,CUST0160,BLT Sandwich,Sandwiches,2,326.19,,Delivered,2023-05-07 15:23:00,2.7,66.0,Pune
ORD003696,CUST0725,Mushroom Risotto,Main Course,4,1229.75,UPI,Cancelled,2022-12-18 12:56:00,4.8,24.0,Bangalore
ORD003591,CUST0547,Chicken Soup,Starters,1,153.28,Net Banking,Delivered,27/07/2023 19:56,4.2,73.0,Mumbai
ORD006120,CUST0394,BLT Sandwich,Sandwiches,1,163.86,Digital Wallet,Delivered,2023-06-18 13:20:00,2.6,42.0,Hyderabad
ORD002781,CUST0538,Fish Curry,Main Course,1,355.67,Cash,Delivered,2023-04-27 20:46:00,4.8,28.0,Mumbai
ORD003413,CUST0660,Veg Supreme Pizza,Pizza,2,619.44,Debit Card,Delivered,2023-05-21 21:35:00,4.9,52.0,Hyderabad
ORD004013,CUST0540,Cold Coffee,Drinks,1,98.43,Net Banking,Pending,2023-08-04 17:01:00,2.7,60.0,Delhi
ORD006288,CUST0078,Palak Paneer,Main Course,1,247.52,Digital Wallet,In Progress,2023-08-24 22:57:00,4.6,40.0,Hyderabad
ORD003307,CUST0071,Mushroom Risotto,Main Course,3,944.89,UPI,Delivered,2022-11-26 17:35:00,3.6,34.0,Delhi
ORD006792,CUST0195,BBQ Chicken Pizza,Pizza,2,706.5,Net Banking,Delivered,2023-04-15 21:35:00,3.9,24.0,Pune
ORD001687,CUST0303,Chicken Soup,Starters,4,597.51,Digital Wallet,Delivered,2022-12-27 20:14:00,4.5,55.0,Chennai
ORD002915,CUST0738,Garlic Naan,Breads,2,119.37,Cash,Delivered,2022-12-15 18:55:00,4.3,44.0,Mumbai
ORD006700,CUST0297,Gulab Jamun,Desserts,1,82.77,Digital Wallet,Delivered,2023-10-29 20:57:00,2.8,35.0,Delhi
ORD001612,CUST0509,Fresh Lime Soda,Drinks,3,176.66,Credit Card,Delivered,2022-10-17 12:05:00,3.6,75.0,Bangalore
ORD004071,CUST0335,Kheer,Desserts,1,94.38,Debit Card,Delivered,2023-06-06 09:22:00,3.5,16.0,Bangalore
ORD005573,CUST0238,Chicken Soup,Starters,1,150.83,Digital Wallet,Delivered,2022-12-31 17:47:00,2.6,74.0,Delhi
ORD003267,CUST0171,Cold Brew Coffee,Drinks,3,455.27,Cash,Cancelled,2023-10-04 17:54:00,3.7,18.0,Bangalore
ORD006809,CUST0119,Paratha,Breads,2,98.5,Debit Card,Cancelled,2023-09-24 20:34:00,4.6,70.0,Mumbai
ORD003533,CUST0602,Onion Rings,Starters,2,227.07,Credit Card,Delivered,2022-10-02 08:00:00,4.3,35.0,Bangalore
ORD001039,CUST0753,Cheesecake,Desserts,3,530.94,Credit Card,Delivered,2023-04-29 20:55:00,2.9,59.0,Mumbai
ORD002898,CUST0449,Fish Fingers,Starters,1,216.54,Credit Card,Delivered,2023-10-16 21:48:00,4.8,62.0,Pune
ORD002649,CUST0538,Mango Lassi,Drinks,2,158.32,UPI,In Progress,2023-07-05 19:56:00,4.9,37.0,Chennai
ORD004545,CUST0223,Chicken Tikka Masala,Main Course,2,667.07,Net Banking,Delivered,2023-09-12 19:55:00,2.7,38.0,Mumbai
ORD001258,CUST0274,Naan,Breads,1,38.77,UPI,Delivered,2023-06-27 12:22:00,3.4,40.0,Hyderabad
ORD003924,CUST0760,Palak Paneer,Main Course,3,759.76,UPI,Cancelled,2023-03-31 13:08:00,4.8,43.0,Chennai
ORD003434,CUST0185,Veg Burger,Burgers,3,441.96,,Delivered,04/07/2023 20:37,3.3,49.0,Hyderabad
ORD001847,CUST0167,Garlic Bread,Starters,5,458.51,Credit Card,Pending,2023-06-08 19:26:00,2.8,60.0,Hyderabad
ORD003822,CUST0467,Tandoori Roti,Breads,4,124.14,Net Banking,Delivered,2023-06-05 20:30:00,2.8,63.0,Chennai
ORD005443,CUST0335,Veg Biryani,Main Course,2,517.34,Debit Card,Delivered,02/02/2023 19:48,4.5,,Pune
ORD006132,CUST0493,Chicken Tikka Masala,Main Course,1,337.83,UPI,Cancelled,2023-09-24 21:42:00,3.3,61.0,Bangalore
ORD005582,CUST0329,Onion Rings,Starters,4,428.73,Cash,Cancelled,2023-04-03 21:58:00,4.9,68.0,Delhi
ORD004717,CUST0362,Veg Burger,Burgers,1,147.97,Debit Card,Pending,2023-07-12 12:18:00,4.9,71.0,Bangalore
ORD002233,CUST0353,Spring Rolls,Starters,2,246.74,Credit Card,Cancelled,2023-06-18 20:45:00,4.6,17.0,Pune
ORD002127,CUST0357,Grilled Salmon,Main Course,4,1758.17,Net Banking,Pending,2023-06-04 10:05:00,4.1,44.0,Pune
ORD006914,CUST0755,Ice Cream Sundae,Desserts,1,145.81,Net Banking,Pending,2023-06-07 18:35:00,4.9,66.0,Mumbai
ORD002967,CUST0623,Mojito,Drinks,3,372.61,Debit Card,Delivered,2023-04-22 19:38:00,4.8,15.0,Pune
ORD001558,CUST0039,Cheese Burst Burger,Burgers,-1,681.09,,Pending,2022-11-18 18:19:00,3.5,64.0,Mumbai
ORD001904,CUST0476,Chicken Biryani,Main Course,3,1065.23,Credit Card,Delivered,2023-06-18 13:33:00,4.3,48.0,Pune
ORD003614,CUST0144,Chicken Burger,Burgers,4,806.76,Net Banking,Cancelled,2023-08-18 20:02:00,2.5,60.0,Chennai
ORD004143,CUST0594,BBQ Chicken Pizza,Pizza,1,373.49,Net Banking,Delivered,2023-07-26 21:23:00,,41.0,Mumbai
ORD001484,CUST0760,Chicken Fried Rice,Main Course,4,998.21,Net Banking,Pending,2023-10-29 13:37:00,,,Bangalore
ORD003211,CUST0521,Chicken Fried Rice,Main Course,4,1021.69,Net Banking,Delivered,2022-12-18 09:34:00,3.4,26.0,Hyderabad
ORD002320,CUST0093,Watermelon Juice,Drinks,3,202.23,Debit Card,Delivered,2023-03-20 20:03:00,4.5,44.0,Hyderabad
ORD004404,CUST0560,Fresh Lime Soda,Drinks,2,115.61,,Pending,2023-03-21 20:18:00,3.8,71.0,Hyderabad
ORD003555,CUST0303,Kheer,Desserts,1,94.2,Net Banking,Delivered,2023-03-28 21:31:00,3.1,32.0,Pune
ORD001007,CUST0656,Mango Lassi,Drinks,3,231.92,Net Banking,Pending,2023-04-13 12:59:00,3.0,35.0,
ORD003315,CUST0527,Chicken Burger,Burgers,4,780.42,,Cancelled,2023-07-12 13:56:00,2.8,44.0,Hyderabad
ORD006192,CUST0755,Lamb Rogan Josh,Main Course,2,812.04,Debit Card,Delivered,2022-10-16 19:57:00,4.3,75.0,Mumbai
ORD005864,CUST0082,Garlic Bread,STARTERS,2,176.66,,Delivered,2023-07-06 16:55:00,4.0,25.0,Mumbai
ORD005356,CUST0110,Paratha,Breads,2,98.62,Net Banking,Pending,2023-09-11 12:10:00,3.8,37.0,Delhi
ORD006318,CUST0378,Mutton Curry,Main Course,2,746.09,Digital Wallet,Delivered,2023-09-24 17:01:00,3.9,28.0,Hyderabad
ORD002450,CUST0561,Tiramisu,Desserts,1,205.87,Net Banking,Delivered,2023-01-16 16:55:00,4.4,63.0,Bangalore
ORD002201,CUST0230,BBQ Chicken Pizza,Pizza,1,360.03,Debit Card,Delivered,2023-08-04 16:01:00,3.5,,Mumbai
ORD003426,CUST0101,Veg Supreme Pizza,Pizza,2,603.98,Digital Wallet,Delivered,2023-05-18 12:50:00,3.0,43.0,Mumbai
ORD003648,CUST0327,Chocolate Brownie,Desserts,3,344.39,UPI,Delivered,2023-01-20 21:39:00,4.4,47.0,Pune
ORD002814,CUST0075,Lamb Rogan Josh,Main Course,1,405.93,Net Banking,Delivered,2022-11-11 12:38:00,2.6,41.0,Delhi
ORD003726,CUST0421,Butter Chicken,Main Course,1,311.6,Digital Wallet,In Progress,2023-03-21 11:03:00,3.6,57.0,Delhi
ORD001773,CUST0679,Mango Lassi,Drinks,1,83.73,Cash,In Progress,2023-08-07 08:47:00,4.8,57.0,Delhi
ORD003274,CUST0144,Tiramisu,Desserts,3,601.86,UPI,Delivered,2023-01-14 13:25:00,3.0,37.0,Chennai
ORD002011,CUST0399,Veg Supreme Pizza,Pizza,2,606.45,Credit Card,Delivered,2022-10-25 09:48:00,4.5,58.0,Chennai
ORD005072,CUST0340,Farmhouse Pizza,Pizza,-1,308.9,Cash,Cancelled,2022-11-18 13:19:00,4.7,,Mumbai
ORD004168,CUST0478,Strawberry Shake,Drinks,4,459.27,Debit Card,In Progress,2023-02-15 13:08:00,4.3,64.0,Mumbai
ORD004541,CUST0379,Tandoori Roti,Breads,1,28.55,Net Banking,Delivered,2023-08-31 19:18:00,3.3,61.0,
ORD002991,CUST0728,BLT Sandwich,Sandwiches,3,528.45,Debit Card,Delivered,2023-08-03 16:24:00,3.2,72.0,Delhi
ORD002277,CUST0608,Veg Manchurian,Starters,5,767.63,Credit Card,Delivered,2022-12-26 11:31:00,2.9,54.0,Hyderabad
ORD002783,CUST0271,Cheesecake,Desserts,1,177.79,Net Banking,Delivered,2023-05-30 19:31:00,,53.0,Mumbai
ORD005294,CUST0313,Pepperoni Pizza,Pizza,1,352.16,Credit Card,Cancelled,2023-09-04 21:47:00,4.8,62.0,Bangalore
ORD001446,CUST0680,Mutton Curry,Main Course,2,752.66,Debit Card,Delivered,2023-03-28 11:13:00,3.4,28.0,Chennai
ORD001880,CUST0431,Watermelon Juice,Drinks,2,133.61,,Cancelled,2023-10-05 11:17:00,3.3,40.0,Delhi
ORD005427,CUST0467,Veg Supreme Pizza,Pizza,4,1190.99,Credit Card,Pending,2022-10-25 17:30:00,4.1,47.0,Pune
ORD006399,CUST0537,Fresh Lime Soda,Drinks,1,59.96,Cash,Cancelled,2022-10-23 12:50:00,4.1,55.0,Delhi
ORD003727,CUST0172,Lamb Rogan Josh,Main Course,1,396.26,Debit Card,Delivered,2023-02-07 20:21:00,4.4,46.0,Pune
ORD004048,CUST0076,Veg Burger,Burgers,2,312.34,Credit Card,Cancelled,2023-08-11 19:15:00,4.1,18.0,Hyderabad
ORD001781,CUST0267,Gulab Jamun,Desserts,3,235.67,Credit Card,In Progress,2023-06-02 21:08:00,4.0,,Bangalore
ORD003651,CUST0312,Masala Chai,Drinks,3,117.98,Net Banking,Delivered,2023-04-07 21:42:00,5.0,29.0,Delhi
ORD006886,CUST0003,Onion Rings,Starters,1,113.28,Debit Card,Delivered,2023-03-04 20:18:00,3.9,15.0,Pune
ORD002749,CUST0792,Pepperoni Pizza,Pizza,3,1085.24,Digital Wallet,Cancelled,2023-01-09 13:24:00,4.8,70.0,Chennai
ORD003126,CUST0591,Cold Brew Coffee,Drinks,1,146.57,Net Banking,Cancelled,2023-07-19 21:05:00,4.0,28.0,Chennai
ORD004752,CUST0185,Veg Manchurian,Starters,-1,304.67,Debit Card,Pending,2022-12-07 14:45:00,4.1,21.0,Mumbai
ORD003791,CUST0142,Chicken Fried Rice,Main Course,2,513.88,Cash,Delivered,2023-02-09 19:17:00,3.9,34.0,Hyderabad
ORD003423,CUST0166,Dal Makhani,Main Course,1,230.25,Digital Wallet,Delivered,2023-02-15 20:05:00,3.6,36.0,Chennai
ORD006916,CUST0123,Club Sandwich,Sandwiches,4,626.12,Debit Card,In Progress,2022-11-18 21:22:00,3.6,,Mumbai
ORD006217,CUST0530,Palak Paneer,Main Course,1,266.13,Credit Card,In Progress,2023-06-10 14:39:00,3.5,44.0,Chennai
ORD001883,CUST0056,Spring Rolls,Starters,3,350.9,Debit Card,Pending,2023-05-31 12:21:00,4.5,75.0,
ORD004429,CUST0762,Veg Supreme Pizza,Pizza,2,583.59,Cash,Cancelled,2023-02-15 13:05:00,3.0,49.0,Delhi
ORD002091,CUST0294,Veg Fried Rice,Main Course,4,835.19,UPI,Cancelled,2023-07-19 14:23:00,4.6,73.0,Pune
ORD005382,CUST0372,Tandoori Roti,Breads,1,31.47,Debit Card,Pending,2023-07-21 13:09:00,3.6,62.0,Hyderabad
ORD005165,CUST0009,Veg Manchurian,Starters,2,329.61,Net Banking,Delivered,2022-10-01 20:56:00,3.0,62.0,Delhi
ORD001531,CUST0223,Mango Lassi,Drinks,2,152.13,Debit Card,Cancelled,2022-11-16 09:31:00,3.3,66.0,Hyderabad
ORD005355,CUST0783,Grilled Sandwich,Sandwiches,4,539.26,UPI,Cancelled,2023-02-13 09:56:00,3.6,26.0,Hyderabad
ORD003438,CUST0490,Strawberry Shake,Drinks,3,361.49,Credit Card,Cancelled,2023-03-14 19:45:00,4.5,16.0,Pune
ORD005909,CUST0724,Club Sandwich,SANDWICHES,5,783.46,Debit Card,Delivered,2023-10-24 12:59:00,4.6,52.0,Mumbai
ORD005457,CUST0562,Fish Fingers,Starters,1,216.85,Cash,Delivered,2023-07-30 21:45:00,4.3,,Pune
ORD005037,CUST0713,Strawberry Shake,Drinks,2,234.55,Net Banking,Delivered,2023-07-15 22:14:00,4.7,49.0,Delhi
ORD005958,CUST0368,Classic Burger,Burgers,1,179.48,Cash,Delivered,2023-04-06 17:11:00,4.7,40.0,
ORD003290,CUST0562,Bruschetta,Starters,2,266.76,UPI,Cancelled,2022-11-03 15:13:00,,37.0,Chennai
ORD002727,CUST0705,Veg Manchurian,Starters,2,315.13,Debit Card,Cancelled,2023-08-26 11:12:00,4.9,32.0,Delhi
ORD001610,CUST0363,Onion Rings,Starters,1,110.85,Cash,Delivered,2023-03-19 20:56:00,3.2,16.0,Bangalore
ORD001570,CUST0278,Chicken Soup,Starters,1,143.4,Cash,Cancelled,2023-01-11 20:39:00,4.1,15.0,Mumbai
ORD006285,CUST0500,Fish Curry,Main Course,1,353.5,Credit Card,Delivered,2023-02-08 21:11:00,3.6,44.0,Mumbai
ORD002317,CUST0409,Tandoori Roti,Breads,3,89.61,UPI,Delivered,2023-07-22 19:46:00,3.1,38.0,Chennai
ORD001343,CUST0052,Chicken Tikka Masala,Main Course,3,949.61,Credit Card,Pending,2023-03-19 09:29:00,3.6,61.0,Hyderabad
ORD001587,CUST0041,Veg Burger,Burgers,4,584.74,Digital Wallet,Cancelled,03/07/2023 13:47,3.8,55.0,Mumbai
ORD005722,CUST0279,Veg Supreme Pizza,Pizza,1,312.25,Digital Wallet,Delivered,2023-05-22 16:02:00,3.0,41.0,Bangalore
ORD001636,CUST0687,Paneer Butter Masala,Main Course,3,828.26,Credit Card,Delivered,2023-05-02 09:55:00,2.5,56.0,Mumbai
ORD001434,CUST0689,Chicken Tikka Masala,Main Course,1,320.42,Credit Card,In Progress,2023-10-01 12:22:00,4.1,26.0,Chennai
ORD002903,CUST0220,Fish Curry,Main Course,1,349.89,Net Banking,In Progress,2023-10-15 20:00:00,3.9,37.0,Delhi
ORD004215,CUST0039,Egg Curry,Main Course,1,187.8,Cash,Delivered,2022-10-22 20:37:00,2.7,33.0,Hyderabad
ORD001097,CUST0330,Classic Burger,Burgers,2,353.97,Credit Card,In Progress,2023-10-26 16:29:00,3.1,39.0,Delhi
ORD006040,CUST0108,Gulab Jamun,Desserts,2,167.1,Net Banking,Delivered,2023-06-30 19:46:00,3.6,62.0,Bangalore
ORD004499,CUST0364,Cold Coffee,Drinks,1,102.1,Debit Card,Delivered,2023-03-06 20:38:00,4.0,,Hyderabad
ORD004628,CUST0649,Watermelon Juice,Drinks,1,66.68,Debit Card,Delivered,2022-10-24 20:50:00,3.2,53.0,Chennai
ORD006769,CUST0281,Club Sandwich,Sandwiches,2,310.01,Digital Wallet,Delivered,2023-03-29 09:34:00,4.0,67.0,Hyderabad
ORD003069,CUST0592,Paneer Butter Masala,Main Course,4,1147.75,Digital Wallet,In Progress,2022-11-03 13:23:00,,15.0,Pune
ORD002537,CUST0790,Cheese Burst Burger,Burgers,2,461.0,Debit Card,In Progress,2023-09-11 08:37:00,4.2,58.0,Mumbai
ORD004295,CUST0609,Mutton Curry,Main Course,2,758.4,Net Banking,In Progress,2023-03-20 12:22:00,4.5,18.0,Pune
ORD005174,CUST0761,Onion Rings,Starters,2,213.81,Cash,In Progress,2023-08-21 19:42:00,3.0,60.0,Bangalore
ORD005816,CUST0789,Chocolate Brownie,Desserts,1,122.8,Debit Card,In Progress,2023-02-22 18:03:00,4.5,19.0,Bangalore
ORD004395,CUST0543,Cold Brew Coffee,Drinks,3,468.02,Debit Card,Delivered,2023-10-28 21:53:00,3.7,20.0,Hyderabad
ORD002517,CUST0456,Garlic Naan,Breads,3,175.49,Cash,Delivered,2022-11-28 19:09:00,2.8,39.0,Hyderabad
ORD001965,CUST0188,Classic Burger,Burgers,2,371.32,Credit Card,Delivered,2023-01-04 10:47:00,5.0,70.0,
ORD006326,CUST0297,Gulab Jamun,Desserts,4,324.44,Cash,Delivered,2023-05-19 20:43:00,4.8,51.0,Delhi
ORD001528,CUST0279,Cold Coffee,Drinks,2,206.0,Debit Card,In Progress,2023-08-10 20:43:00,4.4,66.0,Bangalore
ORD001176,CUST0196,Fish Curry,Main Course,5,1707.32,Debit Card,Delivered,2023-02-07 08:41:00,4.7,18.0,Pune
ORD003470,CUST0451,Chicken Tikka Masala,Main Course,2,643.21,Net Banking,Delivered,2022-10-14 13:41:00,2.6,40.0,Hyderabad
ORD006901,CUST0630,Mango Lassi,Drinks,1,78.42,Cash,Delivered,2023-01-17 08:56:00,4.1,56.0,Bangalore
ORD004674,CUST0039,Chicken Fried Rice,Main Course,5,1286.09,Credit Card,Delivered,2023-04-20 21:47:00,4.6,75.0,Delhi
ORD004001,CUST0399,Gulab Jamun,Desserts,4,331.81,UPI,Cancelled,2023-10-21 20:30:00,3.9,33.0,Mumbai
ORD006182,CUST0311,Veg Manchurian,Starters,2,332.43,Digital Wallet,Delivered,2023-07-13 13:52:00,3.5,44.0,Bangalore
ORD001572,CUST0545,Veg Supreme Pizza,Pizza,5,1439.94,Cash,Delivered,2023-03-11 14:38:00,3.0,44.0,Chennai
ORD004336,CUST0498,Veg Manchurian,Starters,2,333.92,Net Banking,Pending,2023-01-21 11:43:00,,58.0,Bangalore
ORD001592,CUST0394,Veg Supreme Pizza,Pizza,1,298.48,Net Banking,Pending,2023-04-04 08:45:00,4.0,25.0,Hyderabad
ORD006022,CUST0531,Paneer Butter Masala,Main Course,2,572.66,Credit Card,Delivered,2023-06-18 12:28:00,4.2,,Chennai
ORD004062,CUST0090,Spring Rolls,Starters,3,359.59,Net Banking,Delivered,2023-07-03 19:17:00,4.3,33.0,Chennai
ORD004557,CUST0562,Veg Supreme Pizza,Pizza,3,907.22,Digital Wallet,Cancelled,2022-10-18 18:19:00,3.5,61.0,Mumbai
ORD003374,CUST0699,Butter Chicken,Main Course,1,325.32,Net Banking,Delivered,2022-10-11 13:28:00,2.7,54.0,Pune
ORD004064,CUST0417,Veg Biryani,Main Course,2,516.07,Debit Card,Delivered,2023-03-21 11:39:00,,37.0,Pune
ORD006682,CUST0379,Chicken Burger,Burgers,1,-50.0,Net Banking,Delivered,05/02/2023 09:43,3.9,70.0,Delhi
ORD005373,CUST0434,Rasgulla,Desserts,4,274.2,Debit Card,In Progress,2023-10-04 19:25:00,4.1,54.0,
ORD004732,CUST0710,Mojito,Drinks,2,267.41,Digital Wallet,Cancelled,2023-03-17 15:43:00,3.6,69.0,Bangalore
ORD005239,CUST0568,Chicken Biryani,Main Course,1,335.23,Debit Card,Cancelled,2023-01-12 12:54:00,2.6,45.0,Delhi
ORD003208,CUST0690,Egg Curry,Main Course,5,873.61,Credit Card,Delivered,2023-06-14 18:24:00,4.5,41.0,Pune
ORD006418,CUST0593,Veg Fried Rice,Main Course,1,206.48,Credit Card,In Progress,2023-06-13 20:14:00,2.9,41.0,Pune
ORD003492,CUST0594,Butter Chicken,Main Course,2,609.23,Debit Card,Pending,2022-12-15 15:42:00,3.0,56.0,Hyderabad
ORD005870,CUST0290,Grilled Salmon,Main Course,2,935.5,Debit Card,Delivered,2022-12-20 08:47:00,4.2,51.0,Chennai
ORD001383,CUST0127,Egg Curry,Main Course,1,185.82,Net Banking,Delivered,2023-06-16 13:59:00,3.1,46.0,
ORD001852,CUST0346,Gulab Jamun,Desserts,4,317.36,UPI,Cancelled,2023-07-21 12:28:00,4.6,68.0,Chennai
ORD002880,CUST0335,Rasgulla,Desserts,2,135.4,Net Banking,Pending,2022-11-21 19:51:00,2.7,34.0,Delhi
ORD001370,CUST0397,Grilled Sandwich,Sandwiches,2,287.18,Digital Wallet,Cancelled,2023-01-25 16:53:00,4.9,58.0,Hyderabad
ORD004435,CUST0665,Fresh Lime Soda,Drinks,2,125.77,Cash,Delivered,2023-05-19 21:29:00,2.8,41.0,Hyderabad
ORD005272,CUST0053,Farmhouse Pizza,Pizza,1,333.38,Credit Card,In Progress,2023-05-03 17:35:00,4.4,42.0,Delhi
ORD006747,CUST0090,Veg Manchurian,Starters,2,334.45,Net Banking,Pending,2023-07-16 12:38:00,3.5,56.0,Pune
ORD006219,CUST0100,Naan,Breads,1,40.86,Debit Card,Cancelled,2023-01-21 10:48:00,3.9,18.0,Chennai
ORD001470,CUST0238,Onion Rings,Starters,3,344.49,Cash,Delivered,2022-10-21 11:31:00,3.4,17.0,Pune
ORD002105,CUST0793,Strawberry Shake,Drinks,1,122.95,,Pending,05/01/2023 13:34,3.4,37.0,Delhi
ORD004718,CUST0680,Mutton Curry,Main Course,4,1565.82,,Delivered,2022-12-02 13:35:00,3.4,74.0,Pune
ORD003361,CUST0564,Tandoori Roti,Breads,1,31.5,Digital Wallet,Pending,2023-01-12 09:28:00,4.0,18.0,Mumbai
ORD005868,CUST0669,Fish Fingers,Starters,2,460.02,Digital Wallet,Delivered,2022-12-30 08:36:00,4.6,34.0,Mumbai
ORD002336,CUST0548,Chicken Fried Rice,Main Course,-1,752.35,,Delivered,2023-04-21 12:05:00,,55.0,Hyderabad
ORD003189,CUST0156,Mushroom Risotto,Main Course,1,287.14,,Delivered,2023-10-29 13:02:00,3.3,57.0,Pune
ORD006556,CUST0263,Mutton Curry,Main Course,1,385.05,Digital Wallet,Cancelled,2022-11-21 09:17:00,3.9,,Chennai
ORD006456,CUST0115,Mango Lassi,Drinks,1,76.01,Debit Card,In Progress,2023-04-19 20:27:00,3.1,69.0,Pune
ORD004365,CUST0168,Cheesecake,DESSERTS,1,171.6,Cash,Cancelled,2023-05-12 18:57:00,3.0,19.0,Chennai
ORD003246,CUST0366,Chicken Biryani,Main Course,1,349.01,Credit Card,Delivered,2023-10-27 13:13:00,,48.0,Pune
ORD006840,CUST0387,Ice Cream Sundae,Desserts,1,143.29,Credit Card,In Progress,2022-12-30 14:52:00,,66.0,Hyderabad
ORD006869,CUST0466,Mushroom Risotto,Main Course,1,311.36,Credit Card,Delivered,2023-03-24 13:36:00,3.0,50.0,Mumbai
ORD002171,CUST0485,Tiramisu,DESSERTS,1,201.7,Debit Card,Delivered,2022-11-11 12:02:00,4.5,,Hyderabad
ORD004274,CUST0125,Fish Fingers,Starters,3,657.53,UPI,Delivered,2022-12-04 09:45:00,3.3,40.0,Pune
ORD006106,CUST0277,Farmhouse Pizza,Pizza,1,329.06,Digital Wallet,Delivered,2023-03-04 16:30:00,2.6,,Chennai
ORD006394,CUST0173,Naan,Breads,1,41.16,Credit Card,Delivered,2022-10-24 21:29:00,3.9,31.0,Chennai
ORD002422,CUST0274,Cheese Burst Burger,Burgers,5,1118.52,Credit Card,Delivered,2023-06-24 15:56:00,3.6,57.0,Delhi
ORD003686,CUST0234,BBQ Chicken Pizza,Pizza,1,362.85,Net Banking,Delivered,2023-01-23 17:12:00,3.4,48.0,Hyderabad
ORD006433,CUST0389,Gulab Jamun,Desserts,2,164.04,UPI,Pending,2022-11-08 21:38:00,3.6,18.0,Pune
ORD005665,CUST0415,Mojito,Drinks,3,394.84,UPI,In Progress,2023-02-11 20:47:00,2.5,49.0,Mumbai
ORD004822,CUST0008,Chicken Soup,Starters,4,586.22,Cash,Delivered,2022-11-27 12:18:00,4.5,38.0,Pune
ORD006021,CUST0192,Mutton Curry,Main Course,2,779.9,Digital Wallet,Delivered,2023-07-08 13:58:00,4.2,51.0,Bangalore
ORD002464,CUST0059,Paratha,Breads,5,241.78,Debit Card,Cancelled,2023-07-14 13:41:00,4.7,24.0,Mumbai
ORD001874,CUST0311,BLT Sandwich,Sandwiches,4,670.33,Net Banking,Delivered,2022-11-16 20:40:00,3.1,46.0,Bangalore
ORD003297,CUST0029,Garlic Naan,Breads,4,231.46,Digital Wallet,In Progress,2023-02-19 16:29:00,4.3,45.0,Delhi
ORD003643,CUST0495,Cold Coffee,Drinks,1,104.72,Cash,In Progress,2023-03-09 08:56:00,4.8,21.0,Delhi
ORD006543,CUST0502,Grilled Salmon,Main Course,1,448.44,Digital Wallet,Cancelled,2023-10-24 20:09:00,4.4,41.0,Delhi
ORD006240,CUST0363,Chicken Burger,Burgers,2,393.9,Cash,Cancelled,2023-09-26 15:51:00,3.5,51.0,Mumbai
ORD002251,CUST0553,Onion Rings,Starters,3,338.41,Digital Wallet,Delivered,2022-10-15 18:02:00,2.5,68.0,Mumbai
ORD004398,CUST0633,Mutton Curry,Main Course,2,755.76,Digital Wallet,Pending,2023-02-13 12:36:00,,26.0,Bangalore
ORD001840,CUST0553,Chicken Soup,Starters,1,147.61,Digital Wallet,Delivered,2023-08-22 09:01:00,3.1,64.0,Bangalore
ORD005269,CUST0198,BBQ Chicken Pizza,Pizza,1,356.98,UPI,Pending,13/07/2023 09:00,4.0,47.0,Pune
ORD001581,CUST0581,Bruschetta,Starters,1,123.84,Digital Wallet,Delivered,2023-08-10 18:38:00,4.0,29.0,Pune
ORD001204,CUST0774,Fish Curry,Main Course,5,1681.96,Credit Card,Delivered,2023-03-23 16:23:00,4.0,40.0,Chennai
ORD002641,CUST0567,Lamb Rogan Josh,Main Course,3,1150.8,Cash,Delivered,2022-12-21 09:44:00,2.7,74.0,Bangalore
ORD003014,CUST0273,Veg Supreme Pizza,Pizza,4,1249.61,Credit Card,Delivered,2023-02-13 19:23:00,4.6,,Pune
ORD004253,CUST0678,Chocolate Brownie,Desserts,1,115.5,UPI,Pending,2023-10-27 09:20:00,3.2,,Hyderabad
ORD001905,CUST0654,Masala Chai,Drinks,2,83.65,Digital Wallet,In Progress,2023-05-31 12:25:00,2.6,29.0,Delhi
ORD001631,CUST0153,Veg Supreme Pizza,Pizza,4,1216.34,UPI,Pending,2022-10-01 20:42:00,3.2,54.0,Chennai
ORD006409,CUST0618,Chicken Burger,Burgers,1,199.83,Net Banking,Delivered,22/03/2023 09:22,4.2,26.0,Chennai
ORD004639,CUST0412,Veg Burger,Burgers,5,744.82,UPI,In Progress,2022-12-25 19:02:00,4.9,17.0,
ORD002974,CUST0491,Strawberry Shake,Drinks,1,120.35,,Delivered,2023-01-26 20:56:00,3.6,59.0,Chennai
ORD001162,CUST0473,Spring Rolls,Starters,4,465.31,Debit Card,Cancelled,2023-09-13 21:28:00,3.8,41.0,Delhi
ORD006688,CUST0389,Ice Cream Sundae,Desserts,1,153.52,UPI,Delivered,2023-05-26 19:52:00,3.6,,Delhi
ORD005482,CUST0419,Mango Lassi,Drinks,4,309.02,Digital Wallet,Delivered,2023-10-08 20:25:00,4.3,53.0,Mumbai
ORD006441,CUST0068,Veg Manchurian,Starters,2,327.42,Net Banking,Cancelled,2023-09-10 19:14:00,4.9,53.0,Pune
ORD004588,CUST0696,Mango Lassi,Drinks,1,81.35,Digital Wallet,Pending,2023-08-27 20:55:00,4.8,27.0,Mumbai
ORD001617,CUST0655,Tandoori Roti,Breads,3,92.21,Credit Card,Delivered,2022-10-12 17:19:00,3.0,33.0,Bangalore
ORD001875,CUST0008,Chicken Burger,Burgers,1,199.86,Credit Card,In Progress,2023-09-26 19:13:00,3.5,70.0,Bangalore
ORD002431,CUST0103,BLT Sandwich,Sandwiches,2,346.59,Net Banking,Delivered,2023-06-29 09:10:00,4.1,69.0,Chennai
ORD003973,CUST0292,Mango Lassi,Drinks,1,79.48,Credit Card,In Progress,2023-04-04 20:11:00,3.9,39.0,Chennai
ORD005187,CUST0043,Masala Chai,Drinks,2,79.28,UPI,Delivered,2023-09-27 16:34:00,2.5,23.0,Mumbai
ORD001547,CUST0082,Tiramisu,Desserts,2,382.83,UPI,In Progress,2023-01-15 19:59:00,2.7,50.0,Pune
ORD006816,CUST0614,Strawberry Shake,Drinks,2,236.65,Cash,Delivered,2023-08-14 21:39:00,4.2,32.0,Bangalore
ORD006502,CUST0771,Ice Cream Sundae,Desserts,1,153.93,Digital Wallet,Cancelled,2022-10-29 22:58:00,2.9,36.0,Hyderabad
ORD006096,CUST0798,Cold Coffee,Drinks,1,100.78,Net Banking,Delivered,2023-07-15 08:00:00,3.6,,Chennai
ORD004454,CUST0173,Mojito,Drinks,1,134.66,,Delivered,2022-12-28 19:05:00,4.7,33.0,Mumbai
ORD004842,CUST0593,Veg Supreme Pizza,Pizza,1,292.06,Digital Wallet,Delivered,2022-11-11 19:43:00,4.2,56.0,Delhi
ORD006828,CUST0243,Paratha,Breads,1,48.02,Debit Card,Pending,2022-12-06 15:27:00,,19.0,Hyderabad
ORD005938,CUST0530,Veg Biryani,Main Course,4,1088.42,Cash,Delivered,2023-01-03 20:41:00,3.6,37.0,Delhi
ORD003856,CUST0407,Paneer Butter Masala,Main Course,2,563.91,Cash,Cancelled,2023-09-18 10:41:00,5.0,35.0,Delhi
ORD002861,CUST0795,Naan,Breads,1,38.55,UPI,Cancelled,2023-03-19 16:58:00,2.6,35.0,
ORD003659,CUST0156,Fish Curry,Main Course,2,662.41,UPI,In Progress,2023-01-12 20:01:00,3.4,74.0,Pune
ORD006559,CUST0314,Chicken Tikka Masala,Main Course,2,677.39,Credit Card,In Progress,2023-02-25 14:50:00,2.8,68.0,Bangalore
ORD001640,CUST0378,Pepperoni Pizza,Pizza,2,667.34,Cash,Pending,2022-10-20 17:45:00,3.7,59.0,Mumbai
ORD004892,CUST0345,Veg Biryani,Main Course,4,1057.86,Debit Card,Delivered,2023-01-14 09:52:00,4.1,22.0,Chennai
ORD002009,CUST0387,Watermelon Juice,Drinks,3,202.57,Credit Card,Cancelled,2023-01-24 12:06:00,,65.0,Mumbai
ORD006921,CUST0293,Paratha,Breads,2,96.91,Net Banking,In Progress,2023-09-26 21:14:00,4.9,62.0,Pune
ORD001637,CUST0087,Pepperoni Pizza,Pizza,1,363.47,Credit Card,In Progress,2023-09-02 13:08:00,4.5,70.0,Hyderabad
ORD004802,CUST0279,Kheer,Desserts,4,347.07,Digital Wallet,Delivered,2023-05-24 09:39:00,4.3,27.0,
ORD005947,CUST0562,Cold Brew Coffee,Drinks,1,149.62,Debit Card,In Progress,2022-11-08 19:37:00,3.0,71.0,Hyderabad
ORD006635,CUST0200,Fish Fingers,Starters,1,225.4,Digital Wallet,Delivered,2023-07-11 08:58:00,,68.0,Bangalore
ORD003308,CUST0309,Tandoori Roti,Breads,2,62.9,Debit Card,Delivered,2022-12-14 20:48:00,3.0,24.0,Mumbai
ORD005209,CUST0005,Egg Curry,Main Course,1,184.54,UPI,Delivered,2023-02-02 15:56:00,3.4,,Chennai
ORD004145,CUST0171,Gulab Jamun,Desserts,1,77.2,UPI,In Progress,2023-07-17 20:09:00,3.9,33.0,Chennai
ORD005437,CUST0460,Margherita Pizza,Pizza,1,271.32,Credit Card,Delivered,2022-10-24 13:26:00,4.4,49.0,Mumbai
ORD003096,CUST0254,Mojito,Drinks,5,679.49,Credit Card,Cancelled,2023-08-30 16:12:00,4.5,34.0,Bangalore
ORD005694,CUST0290,Strawberry Shake,Drinks,2,249.67,Credit Card,Cancelled,2023-06-18 20:34:00,3.3,39.0,Delhi
ORD002956,CUST0560,Watermelon Juice,Drinks,2,145.87,UPI,Pending,2023-08-17 13:16:00,4.2,,Delhi
ORD002372,CUST0013,Cheese Burst Burger,Burgers,2,99999.0,,Pending,2023-05-24 17:40:00,4.7,62.0,Delhi
ORD006597,CUST0376,Veg Supreme Pizza,Pizza,2,591.6,Debit Card,Pending,2023-05-07 12:09:00,3.6,18.0,
ORD001921,CUST0133,BBQ Chicken Pizza,Pizza,1,363.59,Digital Wallet,Cancelled,2023-04-29 13:07:00,3.7,19.0,Hyderabad
ORD001546,CUST0639,Garlic Bread,Starters,1,90.64,Net Banking,Pending,2023-04-17 19:33:00,3.1,38.0,Delhi
ORD002449,CUST0284,Rasgulla,Desserts,1,71.28,UPI,Delivered,2023-03-30 22:15:00,3.3,59.0,Pune
ORD003804,CUST0299,Chicken Fried Rice,Main Course,5,1296.83,UPI,Delivered,2022-11-09 09:21:00,3.7,65.0,Chennai
ORD003610,CUST0622,Naan,Breads,2,80.67,UPI,Pending,2023-05-10 19:52:00,3.7,69.0,Chennai
ORD002900,CUST0289,Mojito,Drinks,4,536.19,Credit Card,Delivered,2023-06-24 09:48:00,2.7,16.0,Chennai
ORD003757,CUST0466,BBQ Chicken Pizza,Pizza,1,370.45,Net Banking,Delivered,2023-10-28 08:05:00,3.3,61.0,Bangalore
ORD003028,CUST0304,Classic Burger,Burgers,2,356.52,Credit Card,In Progress,2023-09-16 10:29:00,3.4,31.0,Chennai
ORD003301,CUST0669,BBQ Chicken Pizza,Pizza,1,351.94,Credit Card,Delivered,2023-07-07 13:44:00,4.8,24.0,Mumbai
ORD002885,CUST0480,Chicken Soup,Starters,1,143.33,Digital Wallet,Cancelled,2023-02-04 19:38:00,4.3,28.0,Hyderabad
ORD002642,CUST0191,Veg Fried Rice,Main Course,2,391.73,Credit Card,Cancelled,2023-05-12 12:58:00,3.3,48.0,Mumbai
ORD001972,CUST0193,Fresh Lime Soda,Drinks,2,122.23,Cash,In Progress,2023-06-01 15:42:00,4.9,67.0,Bangalore
ORD006821,CUST0468,Pasta Arrabbiata,MAIN COURSE,1,240.16,,Delivered,2023-06-01 10:19:00,3.6,,Delhi
ORD003097,CUST0226,Pasta Arrabbiata,Main Course,4,932.5,Net Banking,Cancelled,2022-10-29 13:26:00,3.1,73.0,Pune
ORD006955,CUST0399,Veg Biryani,Main Course,1,263.37,UPI,Delivered,2023-01-18 08:49:00,3.7,39.0,Pune
ORD005620,CUST0752,Margherita Pizza,Pizza,5,1439.25,UPI,Delivered,2023-09-17 13:30:00,3.8,60.0,Pune
ORD006440,CUST0213,Veg Burger,Burgers,1,145.02,Net Banking,Delivered,2022-11-21 08:20:00,2.7,28.0,Bangalore
ORD003508,CUST0603,Cold Brew Coffee,Drinks,2,302.7,Net Banking,Pending,2023-08-04 19:09:00,4.5,61.0,Chennai
ORD001836,CUST0718,Veg Supreme Pizza,Pizza,4,1256.72,Digital Wallet,Delivered,03/05/2023 13:43,4.3,35.0,Bangalore
ORD001601,CUST0215,Bruschetta,Starters,1,134.67,Net Banking,Delivered,2023-03-18 15:33:00,4.0,21.0,Chennai
ORD003184,CUST0171,Garlic Bread,Starters,2,187.6,Cash,Delivered,2022-10-07 12:01:00,,39.0,Chennai
ORD005813,CUST0680,Cheesecake,Desserts,3,516.02,Credit Card,In Progress,2023-02-20 19:10:00,2.8,73.0,Chennai
ORD005317,CUST0672,Watermelon Juice,Drinks,4,282.43,Credit Card,Delivered,23/09/2023 16:27,,,Delhi
ORD006220,CUST0728,Fish Curry,Main Course,1,331.46,UPI,In Progress,2023-05-10 13:53:00,2.9,20.0,Hyderabad
ORD002582,CUST0168,Classic Burger,Burgers,1,181.76,Debit Card,In Progress,2023-05-22 20:34:00,4.8,61.0,Chennai
ORD006149,CUST0243,Naan,Breads,1,39.28,Cash,Cancelled,2023-10-06 21:51:00,4.7,22.0,Delhi
ORD004658,CUST0099,Margherita Pizza,Pizza,1,269.24,,In Progress,2023-03-21 12:39:00,3.7,55.0,Delhi
ORD004938,CUST0299,Chicken Tikka Masala,Main Course,3,983.84,Net Banking,Cancelled,2023-02-05 13:39:00,2.8,26.0,Chennai
ORD002070,CUST0372,Palak Paneer,Main Course,1,256.4,Digital Wallet,Cancelled,2023-01-13 22:01:00,4.9,73.0,Mumbai
ORD002775,CUST0477,BLT Sandwich,Sandwiches,2,340.64,Digital Wallet,In Progress,2023-02-19 12:08:00,2.7,59.0,Bangalore
ORD006820,CUST0442,Masala Chai,Drinks,1,38.8,Cash,Delivered,2023-09-12 22:22:00,4.9,72.0,Mumbai
ORD002283,CUST0446,Chicken Burger,Burgers,3,602.83,Debit Card,In Progress,2023-04-23 08:07:00,4.8,58.0,Bangalore
ORD006035,CUST0757,Veg Fried Rice,Main Course,4,764.75,UPI,Cancelled,2023-06-10 12:51:00,4.3,32.0,Delhi
ORD005421,CUST0449,Margherita Pizza,Pizza,1,266.34,Credit Card,Cancelled,2023-02-24 12:07:00,3.3,38.0,Bangalore
ORD006755,CUST0156,Onion Rings,Starters,1,109.32,Net Banking,Pending,2022-10-02 10:35:00,2.6,19.0,Mumbai
ORD002836,CUST0560,Cold Coffee,Drinks,1,99.3,Cash,Delivered,2023-08-08 16:50:00,2.8,73.0,Mumbai
ORD006121,CUST0411,Cold Brew Coffee,Drinks,1,157.02,Debit Card,Pending,2023-06-02 15:42:00,3.7,29.0,Mumbai
ORD002019,CUST0541,Naan,Breads,1,41.98,Net Banking,Pending,2023-09-04 21:52:00,2.6,43.0,Delhi
ORD001970,CUST0339,Chicken Fried Rice,Main Course,4,1016.51,,Delivered,2023-04-12 18:22:00,3.6,59.0,Hyderabad
ORD002326,CUST0408,Ice Cream Sundae,Desserts,1,150.02,Cash,In Progress,2022-10-01 18:48:00,3.1,,
ORD004405,CUST0066,BLT Sandwich,Sandwiches,4,683.27,Debit Card,Cancelled,2022-11-22 19:09:00,4.9,31.0,Chennai
ORD001475,CUST0122,Egg Curry,Main Course,1,173.7,Net Banking,Delivered,2022-12-20 13:45:00,3.5,36.0,Pune
ORD003810,CUST0673,Veg Manchurian,Starters,5,808.66,Cash,Cancelled,2022-12-19 21:50:00,4.7,48.0,Pune
ORD005538,CUST0658,Watermelon Juice,Drinks,2,146.99,Net Banking,Delivered,2023-08-31 09:14:00,4.1,62.0,Delhi
ORD002651,CUST0619,Ice Cream Sundae,Desserts,1,151.5,,Cancelled,2023-04-07 20:07:00,3.4,38.0,Mumbai
ORD006623,CUST0764,Cheesecake,Desserts,4,751.96,Cash,Delivered,2022-10-22 12:54:00,4.8,68.0,Mumbai
ORD006169,CUST0125,Onion Rings,Starters,4,428.45,Net Banking,Delivered,2022-10-29 09:12:00,3.6,68.0,Pune
ORD003528,CUST0424,Chicken Fried Rice,Main Course,1,239.14,Debit Card,Delivered,2022-10-03 19:30:00,4.4,53.0,Mumbai
ORD004767,CUST0208,Chicken Burger,Burgers,1,205.49,Credit Card,Delivered,06/10/2023 12:26,3.3,,Bangalore
ORD006861,CUST0681,Chicken Burger,Burgers,3,594.91,Cash,Delivered,2022-11-23 08:02:00,4.5,67.0,Mumbai
ORD004733,CUST0680,Tiramisu,Desserts,1,201.33,Cash,Delivered,2023-03-09 13:28:00,4.8,31.0,Hyderabad
ORD002373,CUST0520,Bruschetta,Starters,1,123.93,Cash,Delivered,2023-08-17 09:21:00,3.9,49.0,Pune
ORD001739,CUST0042,Egg Curry,Main Course,1,184.72,Cash,Delivered,2023-09-26 12:46:00,3.7,39.0,Bangalore
ORD005653,CUST0426,Rasgulla,Desserts,4,284.96,,Delivered,2023-02-11 08:00:00,3.8,36.0,Bangalore
ORD005981,CUST0625,Mango Lassi,Drinks,1,76.31,Cash,In Progress,2023-10-07 21:18:00,3.2,33.0,Bangalore
ORD001867,CUST0289,Naan,Breads,5,206.85,Cash,Delivered,2023-01-17 17:32:00,4.3,51.0,Mumbai
ORD003974,CUST0210,Mushroom Risotto,Main Course,4,1206.54,Debit Card,Delivered,2023-03-25 08:17:00,3.9,37.0,Delhi
ORD002140,CUST0383,Paneer Tikka,Starters,2,398.18,Digital Wallet,Delivered,2023-08-25 21:07:00,2.6,18.0,Mumbai
ORD001997,CUST0445,Cold Brew Coffee,Drinks,3,435.65,Debit Card,Pending,2023-06-05 22:44:00,2.8,35.0,Mumbai
ORD002337,CUST0751,Palak Paneer,Main Course,2,508.28,Digital Wallet,Pending,2023-05-23 19:15:00,3.6,19.0,Bangalore
ORD001541,CUST0332,Masala Chai,Drinks,2,79.92,Net Banking,Cancelled,2023-07-18 10:22:00,3.2,68.0,Chennai
ORD002099,CUST0463,Bruschetta,STARTERS,1,127.06,UPI,Pending,2022-11-11 12:45:00,3.0,72.0,Bangalore
ORD002132,CUST0331,Bruschetta,Starters,5,651.98,UPI,Delivered,2023-04-22 08:11:00,3.4,19.0,Delhi
ORD006874,CUST0699,Lamb Rogan Josh,Main Course,5,1924.67,UPI,Delivered,2023-08-18 17:35:00,3.5,26.0,Delhi
ORD005237,CUST0552,Veg Manchurian,Starters,2,305.62,Credit Card,Delivered,2023-09-14 15:55:00,2.6,25.0,Bangalore
ORD003258,CUST0175,Egg Curry,Main Course,2,356.75,,Delivered,2023-06-25 12:18:00,3.5,62.0,Chennai
ORD005890,CUST0633,Paneer Butter Masala,Main Course,1,281.68,Cash,Cancelled,2022-10-27 08:40:00,4.3,37.0,
ORD004390,CUST0614,Grilled Sandwich,Sandwiches,2,284.31,UPI,Delivered,2023-03-20 19:55:00,4.0,62.0,Hyderabad
ORD003962,CUST0251,Grilled Salmon,Main Course,1,471.84,Debit Card,Delivered,2022-10-16 09:17:00,4.2,34.0,Hyderabad
ORD001059,CUST0742,Egg Curry,Main Course,2,356.0,Credit Card,Cancelled,2023-09-08 19:25:00,4.8,54.0,Chennai
ORD004259,CUST0022,Tandoori Roti,Breads,1,29.18,Cash,Delivered,2022-10-20 13:18:00,3.6,75.0,Chennai
ORD003206,CUST0428,Pasta Arrabbiata,Main Course,2,456.09,Digital Wallet,Delivered,2023-03-31 16:10:00,4.1,51.0,
ORD002938,CUST0524,Palak Paneer,Main Course,2,533.76,UPI,In Progress,2023-09-08 08:10:00,4.5,32.0,Delhi
ORD005093,CUST0761,Grilled Sandwich,Sandwiches,1,138.66,UPI,Pending,2023-03-03 21:15:00,4.1,67.0,Hyderabad
ORD006983,CUST0167,Club Sandwich,Sandwiches,3,478.68,Debit Card,Delivered,2023-03-23 08:27:00,4.6,49.0,Mumbai
ORD004570,CUST0602,Cheese Burst Burger,Burgers,2,430.79,Cash,Delivered,2023-05-07 08:19:00,3.7,31.0,Hyderabad
ORD003813,CUST0488,Mushroom Risotto,Main Course,3,873.18,Cash,In Progress,2023-01-10 09:04:00,3.3,16.0,Bangalore
ORD006241,CUST0050,Dal Makhani,Main Course,2,435.43,Debit Card,Delivered,2023-03-09 12:38:00,4.5,33.0,Pune
ORD004494,CUST0238,Pepperoni Pizza,Pizza,5,1740.38,Digital Wallet,Delivered,2023-01-15 13:33:00,4.1,70.0,Mumbai
ORD002078,CUST0764,Onion Rings,Starters,3,326.71,Digital Wallet,Pending,2022-10-29 11:11:00,4.6,67.0,Pune
ORD005576,CUST0063,Tandoori Roti,Breads,3,88.93,Net Banking,In Progress,2023-05-02 19:31:00,4.2,28.0,
ORD006558,CUST0609,Chicken Biryani,Main Course,1,342.01,UPI,Delivered,05/10/2023 17:47,3.4,44.0,Delhi
ORD005313,CUST0464,Rasgulla,Desserts,4,272.71,Credit Card,Delivered,2023-06-23 08:21:00,2.8,39.0,Hyderabad
ORD004793,CUST0194,Tiramisu,Desserts,1,191.78,,Delivered,2023-05-04 21:36:00,3.1,17.0,Delhi
ORD006902,CUST0656,Paneer Tikka,Starters,2,384.7,Debit Card,Delivered,2022-11-08 13:24:00,4.6,60.0,Hyderabad
ORD003630,CUST0595,Paneer Butter Masala,Main Course,1,267.81,Debit Card,Delivered,2023-06-10 18:35:00,3.8,53.0,Pune
ORD005847,CUST0752,Mutton Curry,Main Course,2,782.8,UPI,Delivered,2022-12-07 17:43:00,3.0,18.0,Hyderabad
ORD004599,CUST0780,Chicken Soup,Starters,2,297.93,Net Banking,Pending,2023-03-11 20:43:00,3.2,40.0,Hyderabad
ORD004481,CUST0170,Ice Cream Sundae,Desserts,5,771.13,Credit Card,Cancelled,2023-01-18 21:33:00,3.7,,Delhi
ORD001940,CUST0614,Garlic Bread,Starters,1,86.11,UPI,Delivered,2023-01-20 13:49:00,4.3,65.0,Chennai
ORD002080,CUST0029,Onion Rings,Starters,1,105.36,,Delivered,2023-08-05 20:21:00,,21.0,Mumbai
ORD001187,CUST0718,Fish Fingers,Starters,2,457.22,Net Banking,Delivered,2022-12-20 19:59:00,4.5,47.0,Delhi
ORD004801,CUST0079,Farmhouse Pizza,Pizza,2,621.21,Cash,In Progress,2023-02-04 15:44:00,3.3,37.0,Mumbai
ORD005172,CUST0425,Chicken Biryani,Main Course,1,338.63,Debit Card,Pending,2022-11-07 19:10:00,3.8,36.0,Mumbai
ORD003085,CUST0087,Chicken Burger,Burgers,1,194.8,Net Banking,Pending,2023-03-09 21:45:00,3.9,39.0,Bangalore
ORD003249,CUST0705,Onion Rings,Starters,1,106.9,Credit Card,Delivered,2022-11-12 21:04:00,4.6,48.0,Chennai
ORD004764,CUST0700,Chicken Tikka Masala,Main Course,3,962.99,Debit Card,Cancelled,2022-12-15 12:25:00,4.4,65.0,Bangalore
ORD006927,CUST0400,Fish Fingers,Starters,3,657.21,UPI,Pending,2022-12-20 13:29:00,4.6,30.0,
ORD003023,CUST0005,Veg Fried Rice,Main Course,2,412.39,UPI,Delivered,2023-07-31 12:00:00,4.8,68.0,Pune
ORD005791,CUST0006,Cheese Burst Burger,Burgers,4,856.11,Net Banking,Cancelled,2023-08-22 13:21:00,2.6,58.0,Mumbai
ORD002492,CUST0336,Cheese Burst Burger,Burgers,1,212.5,Credit Card,In Progress,2023-06-08 08:34:00,3.1,58.0,Pune
ORD006881,CUST0148,Veg Supreme Pizza,Pizza,1,291.15,UPI,Delivered,2022-10-29 22:49:00,3.9,17.0,Chennai
ORD005108,CUST0236,Strawberry Shake,Drinks,3,361.28,,Delivered,2023-03-12 08:17:00,4.9,36.0,
ORD001226,CUST0310,Butter Chicken,Main Course,1,311.54,Digital Wallet,In Progress,2023-10-21 12:21:00,3.9,31.0,Pune
ORD002013,CUST0743,Pepperoni Pizza,Pizza,1,345.76,Net Banking,Delivered,2023-10-12 12:58:00,4.3,30.0,Pune
ORD003583,CUST0136,Grilled Salmon,Main Course,3,1368.94,UPI,Delivered,2023-09-28 12:03:00,2.5,56.0,Hyderabad
ORD002929,CUST0457,Spring Rolls,Starters,2,234.94,Cash,Delivered,2023-07-19 21:39:00,4.3,73.0,Bangalore
ORD005256,CUST0452,Chicken Fried Rice,Main Course,2,517.98,UPI,Pending,2023-09-14 13:07:00,2.5,67.0,Delhi
ORD006435,CUST0697,Cheesecake,Desserts,1,183.0,Debit Card,Delivered,2023-10-13 12:56:00,3.2,21.0,Hyderabad
ORD002404,CUST0194,Grilled Salmon,Main Course,4,1870.78,Credit Card,Delivered,2023-10-02 21:09:00,3.3,,Mumbai
ORD003179,CUST0258,Ice Cream Sundae,Desserts,2,295.58,Net Banking,Delivered,2023-07-28 22:39:00,2.9,35.0,Pune
ORD001697,CUST0793,Naan,Breads,1,40.59,Credit Card,Delivered,2023-09-26 08:45:00,5.0,30.0,Chennai
ORD002124,CUST0033,Dal Makhani,Main Course,1,212.93,Cash,Delivered,2023-07-18 19:54:00,5.0,45.0,Chennai
ORD004282,CUST0783,Chicken Biryani,Main Course,1,356.04,Credit Card,Pending,2023-07-12 15:41:00,4.6,57.0,Hyderabad
ORD006247,CUST0311,Chocolate Brownie,Desserts,1,119.29,Debit Card,Delivered,2022-11-13 20:19:00,4.3,69.0,Delhi
ORD005151,CUST0129,Pasta Arrabbiata,Main Course,1,240.07,Digital Wallet,Cancelled,2023-09-07 21:55:00,3.7,72.0,Chennai
ORD002778,CUST0127,Pasta Arrabbiata,Main Course,-1,245.07,Digital Wallet,Delivered,2023-05-21 15:46:00,4.0,27.0,Delhi
ORD003634,CUST0660,Strawberry Shake,Drinks,1,125.14,UPI,In Progress,2023-08-28 20:33:00,4.5,21.0,
ORD004091,CUST0101,Grilled Salmon,Main Course,2,908.8,Net Banking,Cancelled,2023-06-07 13:32:00,3.5,24.0,Chennai
ORD006154,CUST0208,Kheer,Desserts,1,91.9,Digital Wallet,Delivered,2023-01-15 20:53:00,3.7,62.0,Delhi
ORD002656,CUST0199,Chicken Burger,BURGERS,2,381.62,Debit Card,Pending,2023-06-03 08:21:00,2.9,21.0,
ORD002037,CUST0293,Rasgulla,Desserts,1,66.5,UPI,Delivered,2023-09-04 20:13:00,4.8,21.0,Hyderabad
ORD006125,CUST0404,Dal Makhani,Main Course,4,893.09,Net Banking,Delivered,2022-11-03 15:37:00,3.0,56.0,Hyderabad
ORD003256,CUST0038,Spring Rolls,Starters,1,121.05,Cash,Delivered,2023-07-27 20:44:00,3.8,50.0,Bangalore
ORD004852,CUST0083,Kheer,Desserts,1,91.2,UPI,Delivered,2023-07-07 09:33:00,4.7,70.0,Chennai
ORD006989,CUST0012,Pasta Arrabbiata,Main Course,2,466.91,Credit Card,Delivered,2022-10-25 15:36:00,3.3,33.0,Bangalore
ORD001313,CUST0223,Paneer Butter Masala,Main Course,2,540.48,Cash,Delivered,2023-04-29 18:28:00,2.9,22.0,Chennai
ORD003649,CUST0464,BBQ Chicken Pizza,Pizza,1,355.9,Net Banking,Delivered,2023-07-26 21:23:00,4.0,60.0,Pune
ORD003281,CUST0332,Fish Curry,Main Course,1,353.37,Net Banking,Delivered,2023-08-16 22:29:00,3.3,70.0,Pune
ORD004770,CUST0638,Grilled Salmon,Main Course,2,865.02,Credit Card,Pending,2023-01-03 12:44:00,4.7,68.0,Delhi
ORD005328,CUST0275,BBQ Chicken Pizza,Pizza,4,1540.54,Cash,Delivered,2023-06-18 08:07:00,3.0,60.0,Mumbai
ORD003547,CUST0136,Farmhouse Pizza,Pizza,2,634.96,UPI,Delivered,2023-06-06 20:26:00,3.1,59.0,Chennai
ORD002416,CUST0482,Onion Rings,Starters,2,209.63,Cash,In Progress,2022-10-14 12:56:00,4.7,,Hyderabad
ORD002036,CUST0360,Ice Cream Sundae,Desserts,2,286.55,Net Banking,Cancelled,2022-11-26 12:17:00,3.1,72.0,Mumbai
ORD003159,CUST0554,Egg Curry,Main Course,2,368.69,Cash,Delivered,2023-09-11 20:25:00,3.9,72.0,Pune
ORD003984,CUST0213,Gulab Jamun,Desserts,2,163.57,Debit Card,Pending,2023-01-01 10:44:00,4.7,42.0,
ORD004137,CUST0465,Chicken Fried Rice,Main Course,1,247.13,UPI,Cancelled,2023-02-10 09:35:00,3.7,57.0,Hyderabad
ORD006402,CUST0305,Grilled Sandwich,Sandwiches,2,281.98,Net Banking,Cancelled,2022-10-29 09:56:00,2.7,39.0,Chennai
ORD002754,CUST0083,Garlic Bread,Starters,1,89.48,Net Banking,Delivered,2023-05-05 19:34:00,3.7,58.0,Bangalore
ORD005303,CUST0303,Club Sandwich,Sandwiches,3,471.64,Credit Card,In Progress,2023-04-29 21:48:00,3.6,51.0,Pune
ORD006804,CUST0448,Tiramisu,Desserts,1,192.01,Net Banking,Cancelled,2023-08-20 17:08:00,4.4,23.0,Delhi
ORD004897,CUST0088,Gulab Jamun,Desserts,2,156.32,Digital Wallet,Delivered,2022-12-12 13:44:00,4.6,36.0,Bangalore
ORD005359,CUST0709,Mushroom Risotto,Main Course,3,880.68,Digital Wallet,Pending,2023-03-19 21:40:00,3.1,57.0,Chennai
ORD003520,CUST0631,Chicken Fried Rice,Main Course,2,493.22,UPI,Cancelled,2023-08-18 21:28:00,2.8,48.0,Hyderabad
ORD001873,CUST0010,Lamb Rogan Josh,Main Course,5,1924.95,Credit Card,In Progress,2023-04-08 21:28:00,2.5,32.0,Pune
ORD005473,CUST0089,Masala Chai,Drinks,1,39.13,Digital Wallet,Delivered,2023-03-16 13:24:00,2.9,,Hyderabad
ORD005532,CUST0485,Spring Rolls,Starters,5,612.44,Debit Card,Delivered,2022-11-05 20:16:00,4.1,75.0,Hyderabad
ORD002506,CUST0472,Grilled Salmon,Main Course,3,1330.15,Net Banking,Cancelled,2023-04-26 13:26:00,3.6,39.0,Hyderabad
ORD004973,CUST0610,Egg Curry,Main Course,2,366.92,Digital Wallet,Cancelled,2023-05-01 21:10:00,4.5,29.0,Pune
ORD002923,CUST0566,Fresh Lime Soda,Drinks,1,60.93,Cash,In Progress,2023-07-27 12:49:00,3.9,59.0,Pune
ORD001448,CUST0391,Spring Rolls,Starters,2,242.91,Cash,Cancelled,2022-10-21 19:20:00,3.1,61.0,
ORD004534,CUST0792,Watermelon Juice,Drinks,1,70.23,Digital Wallet,Delivered,2023-03-31 19:10:00,3.7,72.0,Delhi
ORD004650,CUST0539,Masala Chai,Drinks,1,38.33,Cash,Delivered,2023-08-09 09:19:00,3.2,62.0,Delhi
ORD003886,CUST0472,Pepperoni Pizza,Pizza,1,333.52,Debit Card,Delivered,2022-12-25 13:11:00,3.9,68.0,Pune
ORD004708,CUST0520,Bruschetta,Starters,1,127.82,Net Banking,Delivered,2023-06-19 08:03:00,4.2,43.0,Hyderabad
ORD004257,CUST0720,Pasta Arrabbiata,Main Course,1,238.24,Net Banking,Pending,2023-05-19 12:04:00,2.6,46.0,Hyderabad
ORD001361,CUST0491,Fresh Lime Soda,Drinks,2,118.54,Digital Wallet,In Progress,2023-07-07 13:53:00,4.4,29.0,Delhi
ORD003183,CUST0019,Veg Burger,Burgers,-1,436.61,Debit Card,Pending,2023-02-26 12:28:00,4.6,46.0,Chennai
ORD002134,CUST0617,Kheer,Desserts,3,280.77,Credit Card,Pending,2023-07-15 08:18:00,3.0,50.0,Bangalore
ORD005877,CUST0227,Naan,Breads,5,209.12,Digital Wallet,Delivered,2023-04-04 14:12:00,4.0,70.0,Chennai
ORD004199,CUST0758,Egg Curry,Main Course,2,363.15,Net Banking,Pending,2023-02-19 12:13:00,4.7,65.0,Pune
ORD005824,CUST0446,Veg Manchurian,Starters,4,613.91,Credit Card,Delivered,2023-03-27 18:38:00,4.2,54.0,Bangalore
ORD004438,CUST0729,Fish Curry,Main Course,3,1012.99,Credit Card,Pending,2023-10-18 11:11:00,4.6,59.0,
ORD003155,CUST0224,Strawberry Shake,Drinks,2,238.33,Cash,Delivered,2022-11-10 21:39:00,4.3,50.0,Bangalore
ORD002830,CUST0024,Paneer Butter Masala,Main Course,1,272.41,UPI,In Progress,2023-10-20 13:47:00,4.0,61.0,Pune
ORD002053,CUST0748,Dal Makhani,Main Course,2,455.76,Net Banking,Cancelled,2023-04-21 09:14:00,3.4,72.0,Hyderabad
ORD003460,CUST0724,Paneer Tikka,Starters,1,199.35,Debit Card,Delivered,2023-01-10 15:46:00,4.1,15.0,Chennai
ORD001022,CUST0112,Paneer Tikka,Starters,2,405.85,Credit Card,Delivered,2022-11-01 13:21:00,3.0,43.0,Delhi
ORD003066,CUST0099,Onion Rings,Starters,1,115.08,Digital Wallet,Delivered,2023-03-09 21:42:00,2.9,63.0,Hyderabad
ORD002653,CUST0233,Rasgulla,Desserts,1,72.06,UPI,Delivered,2023-04-21 12:01:00,3.7,44.0,Pune
ORD004737,CUST0143,Pasta Arrabbiata,Main Course,1,249.54,Digital Wallet,Delivered,2023-09-04 22:11:00,3.1,64.0,Pune
ORD005372,CUST0188,Cheesecake,Desserts,1,187.92,Debit Card,Delivered,2023-06-21 19:57:00,4.1,45.0,Pune
ORD003743,CUST0018,Butter Chicken,Main Course,3,962.32,Cash,Delivered,2022-10-15 09:34:00,4.7,21.0,Chennai
ORD005411,CUST0649,Cheesecake,Desserts,1,173.96,Cash,Delivered,2023-08-04 12:20:00,3.7,63.0,Hyderabad
ORD005920,CUST0473,Mango Lassi,Drinks,1,83.17,Digital Wallet,Cancelled,2022-10-13 13:16:00,4.7,,Delhi
ORD003468,CUST0576,Naan,Breads,1,38.16,UPI,Delivered,2023-05-21 19:53:00,3.2,30.0,Bangalore
ORD003325,CUST0643,Tandoori Roti,Breads,5,155.26,Credit Card,Delivered,2023-04-15 17:47:00,2.8,,Delhi
ORD001460,CUST0056,Chicken Fried Rice,Main Course,3,727.07,Digital Wallet,Cancelled,2023-01-01 19:36:00,4.1,19.0,Bangalore
ORD002067,CUST0435,Butter Chicken,Main Course,5,1549.1,UPI,In Progress,2023-04-16 12:31:00,4.9,53.0,Pune
ORD001087,CUST0784,Chicken Burger,BURGERS,5,1033.6,Net Banking,Delivered,2023-07-22 17:01:00,3.9,63.0,Delhi
ORD002430,CUST0577,Gulab Jamun,Desserts,1,81.96,Digital Wallet,Pending,2023-06-27 18:09:00,2.6,49.0,Bangalore
ORD006250,CUST0293,Paneer Tikka,Starters,2,387.19,Digital Wallet,Delivered,2023-07-21 08:10:00,4.1,49.0,Bangalore
ORD001282,CUST0696,Chicken Fried Rice,Main Course,2,486.05,Digital Wallet,In Progress,2023-04-10 13:49:00,3.8,37.0,Mumbai
ORD003483,CUST0028,Pepperoni Pizza,Pizza,1,359.63,UPI,Pending,2023-08-09 22:28:00,2.9,54.0,Bangalore
ORD001462,CUST0337,Chocolate Brownie,Desserts,1,114.84,Digital Wallet,In Progress,2023-01-08 12:28:00,3.3,52.0,Delhi
ORD001212,CUST0178,Garlic Naan,Breads,2,125.98,UPI,Pending,2023-06-02 15:20:00,3.4,37.0,Pune
ORD003588,CUST0614,Spring Rolls,STARTERS,3,372.32,Net Banking,Pending,2023-08-03 20:16:00,3.6,52.0,Pune
ORD004612,CUST0477,Veg Biryani,Main Course,2,507.79,UPI,Pending,2023-01-09 19:40:00,4.4,24.0,Pune
ORD004891,CUST0706,Veg Fried Rice,Main Course,1,197.63,Debit Card,Delivered,2023-09-15 13:01:00,3.4,35.0,Mumbai
ORD003907,CUST0500,Cold Coffee,Drinks,3,295.77,Cash,Cancelled,2023-07-17 15:28:00,4.1,37.0,Chennai
ORD003581,CUST0454,Chicken Burger,Burgers,2,391.95,Cash,Delivered,2023-06-02 08:51:00,3.9,18.0,Delhi
ORD002368,CUST0217,BBQ Chicken Pizza,Pizza,2,766.58,Digital Wallet,Delivered,2023-02-09 19:01:00,2.9,15.0,Bangalore
ORD001234,CUST0062,Ice Cream Sundae,Desserts,2,286.36,Cash,Cancelled,26/03/2023 19:34,2.6,41.0,Delhi
ORD005004,CUST0186,Butter Chicken,Main Course,3,942.25,Cash,In Progress,2023-09-07 21:18:00,2.7,75.0,Pune
ORD001597,CUST0057,Bruschetta,Starters,2,261.5,Net Banking,Delivered,2023-01-15 08:09:00,2.6,69.0,Mumbai
ORD006346,CUST0525,Cheesecake,Desserts,2,365.85,Net Banking,In Progress,2023-08-26 08:12:00,3.9,56.0,Mumbai
ORD003250,CUST0548,Kheer,Desserts,5,446.72,Credit Card,Pending,2022-10-20 15:32:00,2.7,65.0,Delhi
ORD005917,CUST0453,Rasgulla,Desserts,1,68.38,Debit Card,In Progress,2023-01-30 13:15:00,4.2,44.0,Delhi
ORD003283,CUST0430,Butter Chicken,Main Course,1,335.36,Credit Card,Cancelled,2022-10-05 12:31:00,2.8,69.0,Chennai
ORD001662,CUST0039,Cheese Burst Burger,Burgers,1,219.95,Net Banking,Cancelled,31/08/2023 19:59,3.2,59.0,Bangalore
ORD003274,CUST0144,Tiramisu,Desserts,3,601.86,UPI,Delivered,2023-01-14 13:25:00,3.0,37.0,Chennai
ORD003285,CUST0508,Mutton Curry,Main Course,4,1531.45,UPI,Delivered,2023-07-22 20:26:00,4.2,70.0,Pune
ORD004431,CUST0464,Palak Paneer,Main Course,4,1006.04,UPI,In Progress,2023-08-29 09:51:00,4.3,17.0,Mumbai
ORD006710,CUST0503,Mushroom Risotto,Main Course,2,625.19,Debit Card,Delivered,2023-09-19 20:34:00,3.7,46.0,Mumbai
ORD005667,CUST0045,Butter Chicken,Main Course,2,624.13,Debit Card,Delivered,2023-08-13 21:28:00,3.1,41.0,Pune
ORD005661,CUST0109,Mutton Curry,Main Course,3,1169.65,Net Banking,Pending,2023-03-22 20:56:00,2.9,64.0,Hyderabad
ORD006526,CUST0105,Cold Brew Coffee,Drinks,2,307.54,Digital Wallet,In Progress,2023-08-06 20:40:00,3.6,,Bangalore
ORD004468,CUST0211,Strawberry Shake,Drinks,1,123.76,Credit Card,Delivered,2022-10-16 09:46:00,4.4,30.0,Bangalore
ORD004616,CUST0290,Fish Curry,Main Course,3,1038.29,Debit Card,Delivered,2023-04-04 15:28:00,3.5,64.0,Pune
ORD003990,CUST0573,Lamb Rogan Josh,Main Course,2,783.0,Cash,In Progress,2023-02-03 20:26:00,3.5,35.0,Chennai
ORD006385,CUST0704,Ice Cream Sundae,Desserts,2,296.28,Cash,In Progress,20/12/2022 19:53,3.2,44.0,Hyderabad
ORD001779,CUST0657,Garlic Naan,Breads,1,57.31,Credit Card,Delivered,2023-08-25 10:28:00,3.5,55.0,Bangalore
ORD003544,CUST0008,Mushroom Risotto,Main Course,1,294.41,UPI,Cancelled,2023-08-04 21:43:00,4.9,38.0,Pune
ORD005498,CUST0757,BBQ Chicken Pizza,Pizza,2,773.6,Net Banking,Cancelled,2022-10-14 21:21:00,2.9,65.0,Mumbai
ORD005527,CUST0107,Veg Manchurian,Starters,1,153.67,Net Banking,Delivered,2023-08-29 21:07:00,,49.0,Delhi
ORD006165,CUST0619,Onion Rings,Starters,1,114.75,Debit Card,Cancelled,2023-03-21 11:10:00,2.8,75.0,Hyderabad
ORD005365,CUST0767,BBQ Chicken Pizza,Pizza,1,387.48,UPI,Delivered,2022-11-28 19:21:00,3.1,55.0,Bangalore
ORD005979,CUST0437,Mushroom Risotto,Main Course,2,593.21,Digital Wallet,Pending,2023-02-16 20:33:00,5.0,40.0,Chennai
ORD006854,CUST0172,Paratha,Breads,3,143.37,,In Progress,2022-11-11 19:05:00,2.7,29.0,Pune
ORD001685,CUST0625,Veg Manchurian,Starters,2,305.74,UPI,Delivered,2023-05-12 09:59:00,3.5,23.0,Hyderabad
ORD006605,CUST0749,Paratha,Breads,1,48.31,Debit Card,Delivered,2023-07-25 19:03:00,3.5,25.0,Hyderabad
ORD004605,CUST0373,Grilled Salmon,Main Course,2,916.54,UPI,Delivered,2022-10-23 09:57:00,3.0,60.0,Delhi
ORD004243,CUST0558,Cheesecake,Desserts,3,527.01,UPI,Delivered,2023-07-12 09:34:00,4.3,30.0,Hyderabad
ORD002748,CUST0456,Mojito,Drinks,2,261.75,Debit Card,Delivered,2023-05-18 13:39:00,3.2,28.0,Pune
ORD004970,CUST0601,Chicken Biryani,Main Course,2,716.62,UPI,Delivered,2023-03-25 20:08:00,3.3,35.0,Delhi
ORD005995,CUST0167,Bruschetta,Starters,1,123.62,Cash,Delivered,2022-10-13 20:37:00,3.1,39.0,Bangalore
ORD003837,CUST0507,Grilled Sandwich,Sandwiches,3,433.12,Net Banking,Delivered,2022-10-12 21:05:00,4.5,41.0,Hyderabad
ORD004032,CUST0443,Chicken Fried Rice,Main Course,3,736.48,Credit Card,In Progress,2023-04-27 20:45:00,4.5,35.0,Bangalore
ORD003171,CUST0424,Chicken Soup,Starters,1,148.1,Debit Card,In Progress,2023-05-13 20:46:00,4.7,44.0,Pune
ORD004846,CUST0566,Gulab Jamun,Desserts,4,315.47,Debit Card,In Progress,2023-08-09 20:16:00,3.4,62.0,Delhi
ORD002850,CUST0176,Butter Chicken,Main Course,5,1597.33,UPI,Pending,2023-03-25 13:36:00,3.1,59.0,Delhi
ORD001487,CUST0549,Mojito,Drinks,1,129.04,UPI,Pending,2023-07-27 12:54:00,3.4,32.0,Pune
ORD002688,CUST0628,Onion Rings,Starters,3,322.52,Digital Wallet,Delivered,2023-04-19 21:37:00,3.6,75.0,Pune
ORD003230,CUST0779,Ice Cream Sundae,Desserts,1,145.69,Net Banking,Cancelled,2023-09-13 12:24:00,2.8,71.0,Chennai
ORD004473,CUST0791,Grilled Sandwich,Sandwiches,5,718.18,Credit Card,Delivered,2023-07-21 18:55:00,,70.0,Hyderabad
ORD006112,CUST0301,Pepperoni Pizza,Pizza,3,1037.42,,In Progress,18/12/2022 12:11,5.0,33.0,Hyderabad
ORD003320,CUST0230,Grilled Sandwich,Sandwiches,1,146.22,Digital Wallet,Pending,2022-10-21 15:07:00,3.5,32.0,Hyderabad
ORD001782,CUST0585,Garlic Naan,Breads,1,59.49,Credit Card,Delivered,2023-01-02 13:24:00,,74.0,Chennai
ORD001521,CUST0135,Mutton Curry,Main Course,1,370.4,Digital Wallet,Delivered,2023-02-23 13:08:00,2.6,57.0,Bangalore
ORD001522,CUST0554,Cold Brew Coffee,Drinks,4,589.51,,Pending,2023-06-01 13:55:00,3.6,75.0,Pune
ORD005098,CUST0084,Spring Rolls,Starters,1,115.98,UPI,Delivered,02/10/2022 09:12,2.5,31.0,
ORD003939,CUST0548,Mojito,Drinks,5,640.64,Net Banking,Delivered,2023-10-13 09:39:00,5.0,72.0,Mumbai
ORD005725,CUST0656,Kheer,Desserts,2,181.4,Cash,Pending,2023-08-22 19:14:00,3.7,50.0,Mumbai
ORD006259,CUST0529,Watermelon Juice,Drinks,2,144.14,UPI,Delivered,2023-09-27 15:31:00,,18.0,Chennai
ORD003398,CUST0728,Cheese Burst Burger,Burgers,1,219.42,Debit Card,Delivered,2023-08-01 21:31:00,3.1,42.0,Mumbai
ORD003207,CUST0469,Palak Paneer,Main Course,1,258.73,UPI,Delivered,2023-07-01 19:10:00,4.6,26.0,Chennai
ORD005562,CUST0693,Veg Biryani,Main Course,1,259.36,Cash,Delivered,2023-01-05 13:48:00,4.7,40.0,Chennai
ORD001780,CUST0787,Chicken Soup,Starters,1,143.73,Net Banking,Delivered,2022-12-20 12:45:00,4.6,58.0,Hyderabad
ORD005732,CUST0302,Paneer Tikka,Starters,1,190.27,UPI,Cancelled,2022-11-28 12:28:00,2.8,53.0,Chennai
ORD006507,CUST0176,Strawberry Shake,Drinks,5,626.2,Digital Wallet,In Progress,2023-04-22 09:37:00,,53.0,Mumbai
ORD002511,CUST0160,Spring Rolls,Starters,2,234.56,Net Banking,Cancelled,2023-10-17 19:49:00,3.9,66.0,Delhi
ORD002882,CUST0743,Paneer Tikka,Starters,1,208.79,Net Banking,Cancelled,2023-02-14 13:31:00,4.3,71.0,Hyderabad
ORD001651,CUST0460,Paneer Tikka,Starters,2,385.81,,In Progress,2023-05-11 08:59:00,3.3,48.0,Pune
ORD006887,CUST0733,Mutton Curry,Main Course,1,370.2,Credit Card,Pending,2023-02-14 14:17:00,4.2,73.0,Delhi
ORD002801,CUST0302,Classic Burger,Burgers,2,362.48,Cash,Pending,2022-12-15 12:06:00,4.7,,Chennai
ORD001369,CUST0684,Cheese Burst Burger,Burgers,1,214.91,Cash,Delivered,2022-11-01 09:44:00,4.2,66.0,Chennai
ORD006284,CUST0652,Farmhouse Pizza,Pizza,1,327.17,Digital Wallet,Delivered,2023-08-18 19:35:00,3.8,43.0,Hyderabad
ORD005679,CUST0133,Pasta Arrabbiata,Main Course,1,244.11,Cash,Pending,2022-12-24 12:25:00,3.0,21.0,
ORD001118,CUST0425,Lamb Rogan Josh,Main Course,2,803.22,Net Banking,Delivered,2023-07-28 20:09:00,4.6,54.0,Hyderabad
ORD001377,CUST0634,Cheesecake,Desserts,2,359.03,Digital Wallet,In Progress,2022-12-28 12:09:00,4.2,17.0,Hyderabad
ORD001216,CUST0081,Strawberry Shake,Drinks,5,618.28,Debit Card,Cancelled,2023-02-26 08:45:00,4.1,62.0,Hyderabad
ORD003216,CUST0734,Ice Cream Sundae,Desserts,1,152.41,Net Banking,Delivered,2022-12-31 19:01:00,4.3,39.0,Bangalore
ORD005603,CUST0131,Chocolate Brownie,Desserts,4,497.1,Debit Card,In Progress,2023-02-01 21:40:00,4.2,32.0,Hyderabad
ORD002613,CUST0405,Dal Makhani,Main Course,2,451.1,Cash,Delivered,2022-10-22 21:49:00,4.2,74.0,Bangalore
ORD003883,CUST0576,Mango Lassi,Drinks,2,152.08,Cash,Delivered,2023-03-25 08:11:00,3.0,29.0,Mumbai
ORD005336,CUST0363,Classic Burger,Burgers,1,183.88,UPI,Pending,2022-12-01 20:25:00,4.1,28.0,Mumbai
ORD006434,CUST0727,Classic Burger,BURGERS,1,174.55,Digital Wallet,Delivered,2023-02-18 22:36:00,4.2,69.0,Bangalore
ORD001962,CUST0147,Fresh Lime Soda,Drinks,4,230.62,Debit Card,In Progress,2023-07-21 20:22:00,3.0,62.0,Hyderabad
ORD006897,CUST0377,Mutton Curry,Main Course,3,1188.0,Credit Card,Cancelled,2023-07-09 13:49:00,2.7,23.0,Mumbai
ORD003510,CUST0253,Bruschetta,Starters,2,256.68,Debit Card,Pending,11/05/2023 08:07,,48.0,Bangalore
ORD006684,CUST0081,Mutton Curry,Main Course,3,1110.41,Net Banking,In Progress,2023-08-14 15:28:00,,33.0,Pune
ORD005608,CUST0211,Veg Supreme Pizza,Pizza,2,598.64,UPI,Pending,2023-02-08 21:30:00,2.6,30.0,Bangalore
ORD005080,CUST0160,Chocolate Brownie,DESSERTS,2,241.27,UPI,Delivered,2023-09-04 13:10:00,3.3,70.0,Delhi
ORD001359,CUST0344,Palak Paneer,Main Course,4,997.23,UPI,Delivered,2023-09-28 19:46:00,3.2,30.0,Pune
ORD002246,CUST0521,Tandoori Roti,Breads,1,30.45,Net Banking,Pending,2023-04-13 12:11:00,3.2,64.0,Mumbai
ORD004408,CUST0637,Veg Manchurian,Starters,2,321.13,Credit Card,Cancelled,2023-02-16 12:09:00,3.6,75.0,Hyderabad
ORD005211,CUST0140,Paratha,Breads,2,99.49,Net Banking,In Progress,2023-05-20 14:37:00,3.9,53.0,Delhi
ORD003415,CUST0423,Chocolate Brownie,Desserts,3,357.07,Cash,Delivered,2023-06-11 22:48:00,2.6,15.0,Pune
ORD006633,CUST0018,Mushroom Risotto,Main Course,4,1241.26,UPI,Delivered,2023-01-08 09:09:00,4.2,54.0,Pune
ORD006111,CUST0107,BLT Sandwich,Sandwiches,2,332.13,Debit Card,In Progress,2023-08-04 19:00:00,4.1,22.0,Delhi
ORD003185,CUST0699,Naan,Breads,2,76.57,,Cancelled,2023-10-28 21:12:00,3.1,59.0,Delhi
ORD005078,CUST0294,Spring Rolls,Starters,1,121.28,Digital Wallet,Delivered,2023-06-28 12:24:00,3.2,58.0,Hyderabad
ORD003567,CUST0127,Veg Fried Rice,Main Course,3,594.28,Digital Wallet,Delivered,2023-01-18 13:24:00,3.0,35.0,Pune
ORD004423,CUST0732,Egg Curry,Main Course,1,187.66,Digital Wallet,Pending,2023-08-11 12:37:00,4.4,26.0,Chennai
ORD003037,CUST0275,Spring Rolls,STARTERS,1,99999.0,Net Banking,Delivered,2023-04-08 21:20:00,4.2,15.0,Mumbai
ORD006144,CUST0285,Veg Manchurian,Starters,1,167.36,Cash,In Progress,2023-02-03 19:25:00,3.5,26.0,Chennai
ORD001772,CUST0149,Farmhouse Pizza,Pizza,1,317.56,,Cancelled,2023-09-15 12:17:00,4.3,67.0,Bangalore
ORD002284,CUST0145,Grilled Sandwich,Sandwiches,2,283.22,Debit Card,Pending,2023-04-09 17:10:00,4.2,66.0,Chennai
ORD006566,CUST0002,Chicken Fried Rice,Main Course,1,241.6,Net Banking,Delivered,2023-03-12 22:50:00,,58.0,Delhi
ORD004562,CUST0219,Veg Biryani,Main Course,5,1343.6,Net Banking,Delivered,2023-02-08 21:50:00,3.8,64.0,Chennai
ORD001414,CUST0351,Margherita Pizza,Pizza,5,1367.56,Credit Card,Delivered,2023-10-11 09:52:00,3.5,44.0,Bangalore
ORD003587,CUST0789,Gulab Jamun,Desserts,2,153.67,,In Progress,2023-01-20 22:44:00,3.7,51.0,Chennai
ORD006802,CUST0397,Cheesecake,Desserts,1,185.23,Cash,Pending,2023-07-18 19:59:00,,23.0,Hyderabad
ORD002414,CUST0177,Farmhouse Pizza,Pizza,2,631.79,Credit Card,Pending,2023-05-01 20:26:00,4.9,62.0,Pune
ORD002234,CUST0230,BBQ Chicken Pizza,Pizza,3,1096.8,Digital Wallet,Pending,2023-08-29 08:04:00,5.0,55.0,Chennai
ORD004898,CUST0412,Mushroom Risotto,Main Course,1,307.9,Digital Wallet,Delivered,2023-03-12 16:09:00,4.3,54.0,Bangalore
ORD001435,CUST0576,Fish Curry,Main Course,2,689.31,UPI,Pending,2023-09-29 09:22:00,3.9,57.0,Pune
ORD002674,CUST0339,Chocolate Brownie,Desserts,1,120.86,Cash,Delivered,2022-10-21 09:19:00,5.0,20.0,Mumbai
ORD004299,CUST0502,Palak Paneer,Main Course,1,255.31,UPI,Delivered,2023-09-02 19:36:00,4.3,73.0,Chennai
ORD001365,CUST0403,Veg Biryani,Main Course,2,528.35,Digital Wallet,Pending,2023-03-02 12:03:00,4.6,24.0,Mumbai
ORD004820,CUST0721,Pepperoni Pizza,Pizza,2,715.89,Debit Card,Delivered,2023-07-08 09:03:00,4.3,34.0,Chennai
ORD001231,CUST0154,Grilled Sandwich,SANDWICHES,1,144.6,Credit Card,Delivered,2023-06-16 10:34:00,4.6,,Mumbai
ORD006150,CUST0619,Chicken Soup,Starters,2,285.13,Credit Card,Cancelled,2023-04-06 19:58:00,3.4,55.0,Delhi
ORD001147,CUST0578,BLT Sandwich,Sandwiches,1,177.67,Digital Wallet,Cancelled,2023-08-18 14:48:00,4.2,71.0,Chennai
ORD006317,CUST0617,Lamb Rogan Josh,Main Course,1,419.65,Cash,Delivered,2023-08-15 20:03:00,3.4,19.0,Hyderabad
ORD004088,CUST0107,Mojito,Drinks,1,128.25,Credit Card,Delivered,2023-06-14 12:16:00,3.2,61.0,Pune
ORD005774,CUST0200,Butter Chicken,Main Course,5,1550.53,UPI,Pending,2023-07-29 19:53:00,4.5,66.0,Chennai
ORD004554,CUST0479,Watermelon Juice,Drinks,1,72.47,Credit Card,Cancelled,2022-10-09 19:47:00,4.2,29.0,Pune
ORD001407,CUST0104,Veg Biryani,Main Course,1,264.83,,Pending,2022-10-05 12:42:00,3.2,53.0,Pune
ORD006767,CUST0371,Lamb Rogan Josh,Main Course,2,822.99,Credit Card,In Progress,2023-07-19 11:02:00,3.7,17.0,Pune
ORD004456,CUST0040,Tandoori Roti,Breads,2,57.54,Debit Card,In Progress,2023-10-02 09:35:00,4.6,25.0,Bangalore
ORD003090,CUST0370,Naan,BREADS,3,124.82,Credit Card,Cancelled,2023-08-22 12:12:00,3.4,45.0,Bangalore
ORD001086,CUST0753,Onion Rings,Starters,2,218.63,Debit Card,Pending,2023-08-03 08:27:00,3.1,20.0,Delhi
ORD004576,CUST0032,Egg Curry,Main Course,1,180.34,Cash,Delivered,2022-11-24 22:56:00,4.6,66.0,Bangalore
ORD004271,CUST0158,Mushroom Risotto,Main Course,1,294.89,UPI,In Progress,2023-09-04 12:39:00,4.5,50.0,Hyderabad
ORD001844,CUST0108,Mushroom Risotto,Main Course,2,578.4,Debit Card,Pending,2023-04-12 15:15:00,4.0,67.0,Bangalore
ORD002031,CUST0289,Farmhouse Pizza,Pizza,2,646.21,UPI,Delivered,2022-10-05 13:18:00,4.4,30.0,Chennai
ORD006495,CUST0709,Paratha,Breads,4,195.91,Debit Card,Pending,2023-09-08 08:11:00,3.5,,Chennai
ORD005370,CUST0349,Grilled Salmon,Main Course,1,441.89,Cash,Delivered,2023-03-14 14:37:00,4.7,64.0,
ORD004935,CUST0174,Naan,Breads,4,156.53,Net Banking,Delivered,2022-11-04 13:00:00,2.8,29.0,Mumbai
ORD003987,CUST0602,Tiramisu,Desserts,3,596.08,Credit Card,Delivered,2023-05-30 20:34:00,4.5,22.0,Bangalore
ORD005391,CUST0164,Chocolate Brownie,Desserts,5,607.86,UPI,In Progress,2023-08-06 13:59:00,4.7,63.0,Chennai
ORD003628,CUST0456,Veg Burger,Burgers,5,756.07,UPI,Cancelled,2023-09-26 12:40:00,,27.0,Chennai
ORD004832,CUST0319,Chicken Biryani,Main Course,2,667.75,Credit Card,Pending,2023-05-18 14:01:00,4.8,27.0,Pune
ORD005147,CUST0132,Veg Supreme Pizza,Pizza,1,304.25,Digital Wallet,In Progress,2023-03-25 21:47:00,2.6,66.0,Pune
ORD001855,CUST0646,Spring Rolls,Starters,3,365.25,Net Banking,Delivered,2022-12-24 19:36:00,3.9,22.0,Pune
ORD004003,CUST0796,Fresh Lime Soda,Drinks,1,58.9,Credit Card,Delivered,2023-05-30 20:41:00,4.1,18.0,Mumbai
ORD001078,CUST0411,Naan,Breads,1,38.21,,Delivered,2023-06-02 09:04:00,3.9,,Mumbai
ORD003992,CUST0778,Ice Cream Sundae,Desserts,1,157.0,Debit Card,In Progress,2023-08-09 19:00:00,4.8,70.0,Bangalore
ORD003247,CUST0473,Veg Fried Rice,Main Course,3,613.93,Cash,Delivered,2022-11-27 20:54:00,4.0,59.0,Chennai
ORD006936,CUST0607,Palak Paneer,Main Course,3,749.7,Credit Card,In Progress,2023-04-28 08:24:00,4.9,66.0,Delhi
ORD006528,CUST0307,Rasgulla,Desserts,1,71.65,Credit Card,Delivered,2022-12-26 09:45:00,4.2,72.0,Bangalore
ORD006569,CUST0232,Garlic Naan,Breads,2,121.52,Debit Card,Delivered,2023-06-08 21:13:00,2.7,,Chennai
ORD001758,CUST0220,BLT Sandwich,Sandwiches,2,351.81,Debit Card,Delivered,2022-11-08 20:34:00,2.6,51.0,
ORD005148,CUST0651,Bruschetta,Starters,1,124.5,UPI,Delivered,2023-06-05 21:02:00,3.2,69.0,Hyderabad
ORD004355,CUST0111,Egg Curry,Main Course,2,370.78,Digital Wallet,Pending,2023-04-19 09:10:00,3.1,57.0,Chennai
ORD001788,CUST0731,Cold Brew Coffee,Drinks,1,147.35,UPI,In Progress,2023-09-20 13:13:00,,53.0,
ORD003279,CUST0609,Paneer Butter Masala,Main Course,2,542.18,UPI,In Progress,2022-10-15 21:34:00,3.4,15.0,Bangalore
ORD004750,CUST0080,Veg Manchurian,Starters,2,333.44,Net Banking,Cancelled,16/10/2023 20:39,2.6,38.0,Delhi
ORD005288,CUST0027,Mango Lassi,Drinks,2,162.78,Net Banking,Pending,2022-11-02 19:25:00,3.2,61.0,Pune
ORD006025,CUST0102,Naan,Breads,2,76.03,Digital Wallet,In Progress,2023-01-16 21:28:00,3.8,,Chennai
ORD005818,CUST0548,BBQ Chicken Pizza,Pizza,2,708.38,Digital Wallet,Delivered,2023-09-17 09:50:00,2.6,47.0,Hyderabad
ORD004631,CUST0225,Butter Chicken,Main Course,2,624.33,Digital Wallet,Delivered,2023-05-22 13:58:00,3.7,33.0,Chennai
ORD005529,CUST0066,Mango Lassi,Drinks,2,158.09,Digital Wallet,Delivered,2023-05-05 12:01:00,4.2,69.0,Pune
ORD004835,CUST0224,Rasgulla,Desserts,1,72.05,Net Banking,Delivered,2023-09-18 08:15:00,4.7,38.0,Mumbai
ORD003176,CUST0191,Cold Brew Coffee,Drinks,2,303.82,Cash,Delivered,2023-05-20 17:04:00,2.7,18.0,Mumbai
ORD001424,CUST0576,Grilled Salmon,Main Course,3,1412.53,Credit Card,In Progress,2023-08-23 12:32:00,4.2,75.0,Bangalore
ORD001392,CUST0726,Cold Brew Coffee,Drinks,1,148.78,Digital Wallet,Delivered,2023-04-17 20:37:00,3.4,60.0,Delhi
ORD005517,CUST0540,Garlic Bread,Starters,2,171.51,UPI,Cancelled,2023-09-26 10:59:00,5.0,,Hyderabad
ORD006720,CUST0751,Naan,Breads,1,40.0,Debit Card,Cancelled,2023-09-26 19:39:00,4.3,45.0,
ORD003239,CUST0238,Fresh Lime Soda,Drinks,1,58.34,Digital Wallet,Delivered,2023-05-12 12:06:00,3.3,46.0,
ORD001104,CUST0185,Fish Curry,Main Course,1,327.95,,Delivered,2023-06-29 13:43:00,2.7,70.0,Hyderabad
ORD003672,CUST0383,Palak Paneer,Main Course,4,1016.7,Net Banking,Cancelled,2023-10-10 20:05:00,3.2,68.0,Delhi
ORD006538,CUST0616,Veg Fried Rice,Main Course,2,393.37,Debit Card,Delivered,2023-05-29 10:16:00,3.9,74.0,Pune
ORD004982,CUST0710,Mutton Curry,Main Course,4,1493.71,Cash,Pending,2023-09-15 13:02:00,4.0,52.0,Mumbai
ORD003068,CUST0499,Fish Fingers,Starters,2,424.84,Debit Card,In Progress,2023-02-07 09:17:00,3.0,23.0,Pune
ORD006680,CUST0775,Grilled Sandwich,Sandwiches,1,134.39,Net Banking,In Progress,2022-11-12 08:24:00,3.9,34.0,Mumbai
ORD004493,CUST0704,Ice Cream Sundae,Desserts,5,740.73,Credit Card,In Progress,2023-07-28 14:17:00,2.7,,Pune
ORD002948,CUST0065,Mutton Curry,Main Course,2,765.76,Cash,Delivered,2023-05-06 08:53:00,2.7,68.0,Mumbai
ORD002459,CUST0532,Butter Chicken,Main Course,2,671.9,Digital Wallet,Cancelled,2023-01-07 13:54:00,4.1,71.0,Hyderabad
ORD002768,CUST0145,Lamb Rogan Josh,Main Course,2,791.98,Net Banking,Cancelled,2023-02-02 09:04:00,4.0,33.0,Pune
ORD004298,CUST0332,Spring Rolls,Starters,5,593.72,Digital Wallet,Delivered,2022-10-12 11:12:00,2.7,65.0,Mumbai
ORD005051,CUST0026,Ice Cream Sundae,Desserts,3,435.05,Debit Card,Pending,2023-04-13 19:00:00,4.7,28.0,Delhi
ORD006265,CUST0393,BBQ Chicken Pizza,Pizza,2,770.18,Net Banking,Delivered,2023-08-23 19:52:00,4.1,40.0,Hyderabad
ORD006797,CUST0370,Garlic Naan,Breads,2,117.7,Cash,Delivered,2023-08-17 13:06:00,2.8,71.0,Pune
ORD002587,CUST0107,Mango Lassi,Drinks,3,249.14,Digital Wallet,Delivered,2023-06-14 16:33:00,3.1,50.0,Pune
ORD005684,CUST0148,BBQ Chicken Pizza,Pizza,1,364.81,Cash,Pending,2023-04-11 15:12:00,2.9,35.0,Bangalore
ORD002731,CUST0188,Chicken Fried Rice,Main Course,4,1035.59,Net Banking,Cancelled,2023-07-22 20:33:00,4.9,15.0,Delhi
ORD006768,CUST0727,Veg Supreme Pizza,Pizza,2,628.47,Credit Card,Delivered,2022-12-11 13:03:00,2.9,50.0,Pune
ORD005717,CUST0588,Veg Manchurian,Starters,1,162.38,UPI,Delivered,2022-11-04 21:34:00,2.5,64.0,Hyderabad
ORD001182,CUST0376,Watermelon Juice,Drinks,3,200.23,Debit Card,Cancelled,2022-11-04 12:41:00,4.9,17.0,Chennai
ORD002791,CUST0091,Mutton Curry,Main Course,2,737.44,Cash,Cancelled,2023-04-18 13:38:00,2.9,44.0,Mumbai
ORD003355,CUST0475,Rasgulla,Desserts,2,135.74,Credit Card,Delivered,2023-07-09 08:09:00,4.6,42.0,Delhi
ORD002940,CUST0731,Mushroom Risotto,Main Course,2,573.0,Cash,Delivered,2022-10-23 18:14:00,4.8,20.0,Chennai
ORD001702,CUST0024,Palak Paneer,Main Course,2,519.81,Debit Card,Cancelled,2023-01-13 15:40:00,4.9,49.0,Delhi
ORD003442,CUST0185,BLT Sandwich,Sandwiches,2,341.78,Net Banking,Delivered,2023-01-05 18:16:00,2.7,75.0,Delhi
ORD005063,CUST0121,Club Sandwich,Sandwiches,1,163.6,Net Banking,Pending,2023-07-08 10:01:00,4.8,23.0,Mumbai
ORD001496,CUST0597,Paratha,BREADS,4,200.99,Debit Card,Delivered,2023-10-07 20:58:00,4.9,32.0,Delhi
ORD005708,CUST0800,Chicken Burger,Burgers,2,404.69,Credit Card,Delivered,2023-07-24 14:26:00,4.9,63.0,Mumbai
ORD001464,CUST0340,Pepperoni Pizza,Pizza,2,684.37,UPI,Cancelled,2023-04-03 09:46:00,3.6,64.0,Bangalore
ORD004879,CUST0284,Cold Brew Coffee,Drinks,1,154.19,Cash,Pending,2023-09-13 19:59:00,3.3,63.0,Mumbai
ORD006233,CUST0341,Veg Fried Rice,Main Course,3,590.34,UPI,Delivered,2023-01-10 20:06:00,4.1,57.0,
ORD001172,CUST0260,Chicken Burger,Burgers,1,207.47,Net Banking,Delivered,2022-10-23 19:23:00,3.4,19.0,Bangalore
ORD003020,CUST0061,Bruschetta,Starters,4,535.33,,Pending,2023-04-10 08:04:00,4.1,63.0,Mumbai
ORD006806,CUST0787,Mutton Curry,Main Course,1,371.0,Cash,Delivered,2022-12-23 12:34:00,3.3,28.0,Delhi
ORD006391,CUST0099,Cold Coffee,Drinks,1,102.89,Debit Card,Delivered,2022-12-13 12:11:00,4.2,68.0,Hyderabad
ORD003540,CUST0696,Chicken Burger,Burgers,2,419.7,,Delivered,2022-10-22 18:02:00,4.0,54.0,Mumbai
ORD003551,CUST0559,Tiramisu,Desserts,1,202.67,Digital Wallet,Delivered,2023-02-14 20:39:00,2.5,28.0,Chennai
ORD003009,CUST0192,Paneer Butter Masala,Main Course,3,828.11,UPI,Delivered,2023-08-20 15:35:00,3.3,20.0,Chennai
ORD003260,CUST0503,Dal Makhani,MAIN COURSE,1,229.04,Debit Card,In Progress,2023-04-08 20:56:00,4.3,,
ORD004084,CUST0744,Cold Brew Coffee,Drinks,1,155.4,Cash,Pending,2023-07-16 09:09:00,3.2,54.0,Mumbai
ORD003112,CUST0481,Fish Fingers,Starters,1,218.39,UPI,Delivered,2023-06-17 12:02:00,4.8,50.0,Hyderabad
ORD001900,CUST0729,Kheer,Desserts,1,90.24,Cash,Delivered,2023-08-16 21:56:00,2.9,74.0,Delhi
ORD002446,CUST0736,Ice Cream Sundae,Desserts,1,152.59,Net Banking,Delivered,2023-08-06 13:25:00,3.4,65.0,Hyderabad
ORD002911,CUST0381,Cheesecake,Desserts,2,355.35,,Cancelled,2023-07-30 19:22:00,4.6,75.0,Delhi
ORD004542,CUST0228,Pepperoni Pizza,Pizza,1,345.37,UPI,Pending,2023-09-06 19:50:00,4.2,42.0,Bangalore
ORD003697,CUST0661,Fish Curry,Main Course,1,339.14,Net Banking,Cancelled,2022-12-20 19:55:00,4.9,62.0,Pune
ORD006744,CUST0653,Chocolate Brownie,Desserts,3,359.22,Cash,Delivered,2023-09-06 21:31:00,2.8,,Hyderabad
ORD004662,CUST0173,BLT Sandwich,Sandwiches,5,842.41,UPI,Delivered,2023-02-17 21:03:00,2.9,40.0,Hyderabad
ORD001741,CUST0184,Naan,Breads,1,38.28,Cash,In Progress,2023-06-01 21:23:00,3.7,21.0,Hyderabad
ORD003293,CUST0041,Mango Lassi,Drinks,2,158.33,Debit Card,Delivered,2023-03-28 12:10:00,4.1,25.0,Delhi
ORD003452,CUST0266,Paratha,Breads,3,144.22,,In Progress,2023-08-26 21:39:00,2.7,42.0,Bangalore
ORD004782,CUST0685,Garlic Bread,Starters,2,174.03,Net Banking,In Progress,2022-10-13 12:54:00,3.8,44.0,
ORD005945,CUST0026,Grilled Sandwich,Sandwiches,3,404.46,Net Banking,Cancelled,2023-05-20 13:26:00,4.9,27.0,Chennai
ORD002206,CUST0133,Spring Rolls,Starters,2,242.7,Debit Card,In Progress,2022-11-11 21:30:00,2.6,17.0,Hyderabad
ORD001509,CUST0374,Paratha,Breads,1,49.62,UPI,Delivered,2023-05-03 19:23:00,3.6,51.0,Delhi
ORD004716,CUST0106,Egg Curry,Main Course,3,564.22,UPI,In Progress,2023-09-21 19:17:00,,18.0,Bangalore
ORD006020,CUST0031,Mutton Curry,Main Course,2,767.78,Digital Wallet,In Progress,2023-10-31 12:04:00,3.4,49.0,Chennai
ORD004780,CUST0226,Chocolate Brownie,Desserts,3,342.95,UPI,Delivered,2023-08-07 21:50:00,4.0,19.0,Chennai
ORD005050,CUST0290,Butter Chicken,Main Course,3,912.93,Net Banking,In Progress,2023-07-07 21:12:00,3.9,22.0,Delhi
ORD006484,CUST0465,BBQ Chicken Pizza,Pizza,2,773.83,Cash,Pending,2023-09-26 20:58:00,4.3,24.0,Mumbai
ORD002549,CUST0235,Pepperoni Pizza,Pizza,1,336.95,Net Banking,Pending,2023-03-14 20:36:00,4.0,67.0,Delhi
ORD004029,CUST0086,Cold Coffee,Drinks,5,489.79,Debit Card,In Progress,2023-04-24 08:15:00,3.4,27.0,
ORD005848,CUST0443,Garlic Naan,Breads,1,61.07,Digital Wallet,Pending,2023-04-11 08:46:00,4.5,27.0,Chennai
ORD003202,CUST0285,Mango Lassi,Drinks,3,237.75,Digital Wallet,In Progress,2023-08-09 18:39:00,3.8,56.0,Delhi
ORD003566,CUST0653,Fish Curry,Main Course,2,696.0,Digital Wallet,Pending,2023-10-24 19:33:00,3.5,62.0,Bangalore
ORD005241,CUST0512,Bruschetta,Starters,1,134.23,Debit Card,Pending,2023-02-23 20:42:00,2.7,20.0,Hyderabad
ORD003044,CUST0627,Chicken Soup,Starters,1,142.97,Net Banking,Delivered,2023-01-18 13:32:00,2.7,49.0,
ORD001767,CUST0086,Paneer Butter Masala,Main Course,5,1398.02,,Pending,2022-10-11 08:57:00,3.2,19.0,Hyderabad
ORD006906,CUST0227,Mutton Curry,Main Course,1,377.65,Debit Card,Delivered,2023-03-11 16:41:00,2.8,53.0,Hyderabad
ORD004774,CUST0194,Margherita Pizza,Pizza,4,1130.04,Credit Card,In Progress,2023-04-12 18:35:00,4.1,46.0,Chennai
ORD004699,CUST0615,Naan,Breads,1,40.06,,Delivered,2023-05-16 20:31:00,4.0,48.0,Pune
ORD002508,CUST0562,Garlic Naan,Breads,4,245.5,UPI,Delivered,2023-08-13 13:29:00,4.1,28.0,Hyderabad
ORD004134,CUST0505,Rasgulla,Desserts,1,71.81,Cash,Cancelled,2023-08-05 13:31:00,4.2,27.0,Mumbai
ORD004761,CUST0614,Grilled Sandwich,Sandwiches,2,268.56,Credit Card,Delivered,2023-04-15 13:44:00,4.9,38.0,Delhi
ORD006949,CUST0091,Mojito,Drinks,1,132.2,Cash,In Progress,2023-05-16 20:22:00,4.5,62.0,Pune
ORD001421,CUST0247,Cheese Burst Burger,Burgers,4,912.51,Debit Card,Delivered,2022-11-08 20:20:00,2.6,29.0,Chennai
ORD001123,CUST0135,Classic Burger,Burgers,2,370.75,Cash,Delivered,2022-11-26 19:01:00,4.5,,Chennai
ORD006028,CUST0195,Veg Fried Rice,Main Course,1,195.19,Digital Wallet,Delivered,30/06/2023 12:31,2.6,34.0,
ORD004794,CUST0041,Chicken Fried Rice,Main Course,2,487.27,Debit Card,In Progress,2023-07-12 14:13:00,3.5,23.0,Chennai
ORD004292,CUST0265,Veg Supreme Pizza,Pizza,4,1177.56,Debit Card,In Progress,2023-08-11 13:16:00,3.8,63.0,Delhi
ORD001819,CUST0743,Veg Burger,Burgers,5,715.28,Digital Wallet,In Progress,2023-04-23 14:37:00,4.8,70.0,Hyderabad
ORD002403,CUST0335,Veg Fried Rice,Main Course,2,390.35,Digital Wallet,Cancelled,2023-01-23 17:49:00,4.1,27.0,Chennai
ORD002382,CUST0184,Masala Chai,Drinks,2,78.55,,Cancelled,2023-06-18 13:10:00,4.2,21.0,Hyderabad
ORD003148,CUST0658,Veg Biryani,Main Course,2,542.63,Digital Wallet,Pending,2023-07-22 19:34:00,,32.0,Mumbai
ORD006591,CUST0179,Masala Chai,Drinks,1,41.13,Net Banking,Delivered,2023-09-10 12:46:00,2.9,24.0,Chennai
ORD002575,CUST0305,Naan,Breads,3,118.47,Cash,Delivered,2023-02-21 13:01:00,3.3,31.0,Hyderabad
ORD002638,CUST0023,Cheese Burst Burger,Burgers,4,857.48,UPI,Pending,2023-09-23 08:45:00,3.4,39.0,Mumbai
ORD002795,CUST0684,BBQ Chicken Pizza,Pizza,5,1901.85,Digital Wallet,In Progress,2023-03-25 12:30:00,4.7,23.0,Hyderabad
ORD004331,CUST0476,Classic Burger,Burgers,2,377.24,Cash,Delivered,01/04/2023 21:36,4.7,57.0,
ORD006827,CUST0324,Veg Biryani,Main Course,1,255.55,Debit Card,Delivered,2022-11-14 15:38:00,3.3,52.0,Pune
ORD006389,CUST0257,Grilled Sandwich,Sandwiches,2,273.63,,Delivered,2023-03-29 09:25:00,2.7,72.0,Pune
ORD001399,CUST0502,Veg Fried Rice,Main Course,2,388.38,Cash,Delivered,2022-12-26 17:10:00,4.0,55.0,Hyderabad
ORD004151,CUST0612,Mojito,Drinks,4,533.48,,Delivered,2023-04-02 09:35:00,3.0,65.0,Mumbai
ORD003310,CUST0486,BBQ Chicken Pizza,Pizza,3,1119.25,Credit Card,Cancelled,2023-03-06 20:28:00,4.0,,Pune
ORD001882,CUST0443,Chicken Biryani,Main Course,1,334.7,Cash,Pending,2023-08-17 09:30:00,4.5,74.0,Bangalore
ORD004565,CUST0252,Pepperoni Pizza,Pizza,4,1405.56,Debit Card,Delivered,2023-01-30 22:17:00,2.6,67.0,Hyderabad
ORD005542,CUST0669,Farmhouse Pizza,Pizza,1,312.56,Digital Wallet,Cancelled,2023-01-23 13:41:00,3.1,63.0,Chennai
ORD002179,CUST0125,Veg Biryani,Main Course,3,785.1,Net Banking,Pending,2023-09-19 12:03:00,,62.0,Pune
ORD002352,CUST0507,Paneer Butter Masala,Main Course,1,281.0,UPI,Delivered,2023-04-19 11:25:00,4.6,43.0,Delhi
ORD005478,CUST0163,Chicken Soup,Starters,2,288.16,UPI,Delivered,2023-02-05 09:30:00,,71.0,Hyderabad
ORD006508,CUST0769,Chocolate Brownie,Desserts,2,245.62,Debit Card,Cancelled,2023-03-05 21:04:00,3.4,28.0,Hyderabad
ORD003130,CUST0169,Kheer,Desserts,2,171.65,UPI,Cancelled,2023-06-25 14:04:00,4.7,29.0,Mumbai
ORD001982,CUST0398,Margherita Pizza,Pizza,2,532.09,UPI,Delivered,01/11/2022 18:12,4.4,66.0,Pune
ORD001456,CUST0226,Dal Makhani,Main Course,1,227.09,Credit Card,In Progress,2022-10-16 14:34:00,3.5,66.0,Chennai
ORD002486,CUST0469,Dal Makhani,Main Course,2,447.97,Credit Card,Delivered,2022-10-23 21:06:00,4.3,19.0,Pune
ORD002079,CUST0169,Mushroom Risotto,Main Course,2,588.79,Cash,Delivered,2023-08-25 13:24:00,4.1,27.0,Bangalore
ORD002950,CUST0001,Veg Manchurian,STARTERS,3,461.18,Debit Card,Delivered,2023-01-18 14:26:00,5.0,17.0,Bangalore
ORD006206,CUST0432,Grilled Salmon,Main Course,1,432.53,Debit Card,Delivered,2023-04-20 09:54:00,4.1,59.0,Hyderabad
ORD001689,CUST0253,Bruschetta,Starters,2,259.03,Credit Card,Delivered,2022-10-08 19:47:00,3.6,29.0,Chennai
ORD003429,CUST0163,Chicken Biryani,Main Course,2,718.65,,In Progress,2022-10-14 08:37:00,4.7,72.0,Bangalore
ORD001641,CUST0530,Paratha,Breads,1,51.16,,Pending,2023-10-20 20:29:00,4.7,20.0,Delhi
ORD003392,CUST0490,Tandoori Roti,Breads,1,30.46,Cash,In Progress,2023-04-12 19:09:00,3.0,36.0,Delhi
ORD003825,CUST0757,Mojito,Drinks,1,126.32,Net Banking,Cancelled,2023-09-13 21:22:00,4.6,59.0,Pune
ORD002953,CUST0496,Mojito,Drinks,3,386.74,Net Banking,Delivered,2022-11-02 13:47:00,4.4,23.0,Pune
ORD004538,CUST0216,Farmhouse Pizza,Pizza,2,648.46,Digital Wallet,Delivered,2023-07-03 21:32:00,3.4,55.0,Mumbai
ORD004971,CUST0532,Dal Makhani,Main Course,1,217.0,UPI,Pending,2023-02-25 17:34:00,2.8,50.0,Chennai
ORD004058,CUST0549,Pasta Arrabbiata,Main Course,1,238.48,Net Banking,Delivered,2023-06-19 15:27:00,4.2,68.0,Hyderabad
ORD004997,CUST0264,Garlic Bread,Starters,2,182.58,UPI,Cancelled,2023-06-08 13:21:00,2.7,23.0,Hyderabad
ORD005534,CUST0268,Mutton Curry,Main Course,1,363.78,UPI,Delivered,2022-11-10 13:32:00,3.1,66.0,Chennai
ORD003710,CUST0795,Classic Burger,Burgers,1,185.13,Net Banking,Delivered,20/07/2023 08:25,3.9,32.0,Pune
ORD002083,CUST0365,BLT Sandwich,Sandwiches,5,850.02,Credit Card,In Progress,2023-03-11 20:46:00,4.2,36.0,Hyderabad
ORD006458,CUST0265,Pepperoni Pizza,Pizza,2,706.23,Credit Card,Delivered,2022-10-30 17:05:00,4.8,63.0,Mumbai
ORD006770,CUST0410,Cold Coffee,Drinks,3,287.43,Credit Card,Delivered,2022-12-12 17:01:00,4.9,26.0,Bangalore
ORD005159,CUST0507,Farmhouse Pizza,Pizza,1,322.29,,Delivered,2023-01-23 08:10:00,3.1,28.0,Hyderabad
ORD002884,CUST0597,Strawberry Shake,Drinks,2,245.4,UPI,Delivered,2023-01-01 21:38:00,3.0,26.0,Hyderabad
ORD005553,CUST0440,Cold Brew Coffee,Drinks,3,450.86,Cash,Cancelled,2023-03-26 21:57:00,2.9,44.0,Pune
ORD001389,CUST0290,Classic Burger,Burgers,5,930.54,Debit Card,In Progress,2023-07-15 19:38:00,2.8,19.0,Bangalore
ORD003494,CUST0016,Strawberry Shake,Drinks,4,464.23,Digital Wallet,Delivered,2023-05-30 13:08:00,3.8,68.0,Mumbai
ORD002851,CUST0517,Egg Curry,Main Course,1,181.94,Cash,Pending,2023-09-17 13:14:00,4.3,38.0,Bangalore
ORD004036,CUST0145,Pepperoni Pizza,Pizza,1,341.25,UPI,Pending,2023-10-14 09:34:00,4.8,24.0,Pune
ORD005137,CUST0110,Chicken Soup,Starters,3,441.26,UPI,Delivered,2023-06-17 14:10:00,3.9,30.0,Pune
ORD004603,CUST0131,Watermelon Juice,Drinks,1,66.56,Debit Card,Cancelled,2023-01-06 12:33:00,4.7,53.0,Pune
ORD001845,CUST0095,Grilled Salmon,Main Course,2,868.19,Cash,Cancelled,2023-05-06 20:05:00,4.7,45.0,Delhi
ORD001542,CUST0303,Veg Supreme Pizza,Pizza,4,1206.54,Debit Card,Pending,2022-11-05 16:28:00,3.4,15.0,Pune
ORD004724,CUST0202,Ice Cream Sundae,Desserts,5,715.01,Digital Wallet,Delivered,09/04/2023 20:35,2.7,38.0,Delhi
ORD001091,CUST0371,Cold Coffee,Drinks,2,200.85,Digital Wallet,Cancelled,2023-04-30 08:33:00,4.1,63.0,Mumbai
ORD004679,CUST0541,Strawberry Shake,Drinks,2,243.73,Digital Wallet,Delivered,2023-02-16 19:30:00,4.6,16.0,Bangalore
ORD006696,CUST0341,Cheesecake,Desserts,5,903.09,Cash,Delivered,2023-08-06 09:26:00,4.6,19.0,Hyderabad
ORD006062,CUST0606,Chocolate Brownie,Desserts,2,239.7,UPI,Delivered,2023-06-09 09:45:00,4.3,38.0,Pune
ORD002979,CUST0752,Kheer,Desserts,3,276.24,Cash,Cancelled,2023-06-09 19:39:00,3.6,64.0,Hyderabad
ORD004244,CUST0113,Bruschetta,Starters,1,124.5,Digital Wallet,Delivered,2023-04-06 08:04:00,4.2,39.0,Pune
ORD005060,CUST0625,Fish Curry,Main Course,1,349.58,UPI,Delivered,2023-06-16 12:28:00,4.3,50.0,Pune
ORD004150,CUST0764,Veg Burger,Burgers,1,145.84,UPI,Delivered,2023-05-28 18:56:00,4.2,20.0,Mumbai
ORD006331,CUST0733,Veg Manchurian,Starters,3,471.57,Digital Wallet,Delivered,2023-06-21 20:38:00,3.0,16.0,Delhi
ORD005144,CUST0756,Grilled Salmon,Main Course,1,471.08,Digital Wallet,Cancelled,2022-12-26 12:09:00,3.7,38.0,Bangalore
ORD005402,CUST0318,Fish Fingers,Starters,2,431.21,Net Banking,Cancelled,2022-12-20 13:42:00,3.2,32.0,Pune
ORD003964,CUST0507,Mojito,Drinks,5,618.02,Debit Card,Delivered,2023-07-22 12:19:00,4.1,54.0,Pune
ORD004463,CUST0072,Masala Chai,Drinks,5,191.01,Digital Wallet,Cancelled,2023-07-07 19:45:00,4.2,34.0,Bangalore
ORD003529,CUST0366,Palak Paneer,Main Course,3,790.13,Cash,Cancelled,2023-09-18 16:49:00,4.2,57.0,Delhi
ORD005149,CUST0306,Watermelon Juice,Drinks,1,68.24,Cash,In Progress,2023-04-30 09:42:00,3.7,54.0,Delhi
ORD002676,CUST0474,Watermelon Juice,Drinks,3,201.01,Digital Wallet,Delivered,2023-08-10 12:04:00,2.9,64.0,Pune
ORD002048,CUST0053,Gulab Jamun,Desserts,2,167.07,Net Banking,Delivered,2023-02-20 21:17:00,5.0,28.0,Chennai
ORD003949,CUST0330,Fish Fingers,Starters,5,1068.96,Debit Card,Delivered,20/08/2023 09:58,3.6,32.0,Mumbai
ORD002960,CUST0611,Onion Rings,Starters,2,218.29,Digital Wallet,Pending,2023-10-08 08:53:00,4.5,28.0,Hyderabad
ORD003530,CUST0198,Veg Fried Rice,Main Course,4,807.45,Debit Card,Delivered,2022-11-10 12:24:00,4.0,19.0,Chennai
ORD005454,CUST0762,Pepperoni Pizza,Pizza,1,338.27,Cash,Cancelled,2023-04-04 12:32:00,2.6,61.0,Delhi
ORD005951,CUST0387,Paratha,Breads,4,208.08,Cash,Delivered,2023-01-06 20:56:00,2.8,32.0,Bangalore
ORD005957,CUST0695,Garlic Bread,Starters,3,276.65,Cash,Delivered,2023-01-14 19:13:00,2.8,34.0,Mumbai
ORD001237,CUST0024,Gulab Jamun,Desserts,2,163.65,Debit Card,Cancelled,2023-01-23 20:48:00,4.2,49.0,Hyderabad
ORD005190,CUST0371,Naan,BREADS,1,39.0,UPI,Cancelled,2023-01-23 22:24:00,2.5,,Mumbai
ORD005568,CUST0460,Grilled Salmon,Main Course,1,430.54,Digital Wallet,Delivered,2022-11-24 19:04:00,3.2,53.0,Chennai
ORD002133,CUST0705,Chicken Fried Rice,Main Course,2,493.6,Cash,In Progress,2023-03-10 09:20:00,3.3,44.0,Chennai
ORD003880,CUST0581,Veg Manchurian,Starters,1,154.76,Cash,In Progress,2023-10-24 18:12:00,3.7,29.0,Pune
ORD002805,CUST0371,Veg Supreme Pizza,Pizza,2,583.22,Net Banking,Delivered,2023-09-09 19:58:00,4.7,48.0,Delhi
ORD006006,CUST0617,BLT Sandwich,Sandwiches,4,697.25,Cash,Delivered,2023-08-13 09:32:00,4.2,67.0,Bangalore
ORD001163,CUST0657,Strawberry Shake,DRINKS,3,370.85,UPI,Delivered,2022-12-10 21:03:00,3.9,,Pune
ORD006355,CUST0233,Tandoori Roti,Breads,1,31.38,Cash,Delivered,2023-04-13 09:23:00,2.7,23.0,Bangalore
ORD006760,CUST0388,Fish Curry,Main Course,1,352.6,Debit Card,Delivered,2023-05-11 21:06:00,4.4,30.0,Bangalore
ORD006702,CUST0131,Pasta Arrabbiata,Main Course,2,473.75,Debit Card,Cancelled,2022-11-17 21:56:00,4.4,42.0,Pune
ORD005471,CUST0427,Grilled Salmon,Main Course,3,1324.68,Cash,In Progress,2022-12-28 20:42:00,4.5,33.0,Pune
ORD005541,CUST0285,Garlic Bread,Starters,5,439.84,Net Banking,Delivered,2023-09-22 19:40:00,3.7,68.0,Hyderabad
ORD005367,CUST0362,Pasta Arrabbiata,Main Course,1,249.97,,Pending,2023-07-26 13:53:00,4.9,71.0,Hyderabad
ORD001265,CUST0349,Pepperoni Pizza,Pizza,5,1671.9,Digital Wallet,Pending,2023-05-12 11:04:00,4.9,40.0,Bangalore
ORD004839,CUST0524,Chicken Biryani,Main Course,1,351.94,Digital Wallet,Delivered,2022-11-22 20:10:00,4.8,56.0,Delhi
ORD003001,CUST0706,Farmhouse Pizza,Pizza,2,636.0,Cash,Cancelled,2022-11-08 12:57:00,3.6,72.0,Pune
ORD002811,CUST0042,Bruschetta,Starters,3,382.62,Cash,Delivered,2023-06-18 12:57:00,3.7,29.0,Mumbai
ORD004277,CUST0136,Palak Paneer,Main Course,3,759.0,UPI,In Progress,2023-10-03 12:42:00,4.6,21.0,Pune
ORD004927,CUST0682,Lamb Rogan Josh,Main Course,2,775.56,Digital Wallet,Delivered,2023-07-12 13:01:00,2.6,54.0,Delhi
ORD003978,CUST0521,Tandoori Roti,Breads,3,92.68,UPI,Delivered,2023-03-24 12:35:00,4.8,33.0,Pune
ORD005301,CUST0507,Veg Supreme Pizza,Pizza,1,291.03,UPI,Delivered,2022-11-20 13:25:00,2.9,64.0,Mumbai
ORD003906,CUST0224,Chocolate Brownie,Desserts,2,237.53,Net Banking,Cancelled,2022-11-08 20:28:00,3.6,45.0,Mumbai
ORD005331,CUST0429,Lamb Rogan Josh,Main Course,5,1919.44,Cash,Delivered,2023-09-25 13:19:00,4.9,19.0,Delhi
ORD006551,CUST0118,Chicken Biryani,Main Course,1,340.31,Credit Card,Cancelled,2023-02-03 21:33:00,3.8,63.0,Delhi
ORD002428,CUST0303,Mutton Curry,Main Course,1,398.05,Credit Card,Delivered,2022-11-26 09:45:00,3.3,42.0,Chennai
ORD001398,CUST0341,BBQ Chicken Pizza,Pizza,1,383.41,Net Banking,Delivered,2023-01-01 20:31:00,3.3,18.0,Mumbai
ORD005046,CUST0218,Naan,Breads,5,197.52,Credit Card,Delivered,2023-03-25 20:56:00,4.6,48.0,Delhi
ORD006582,CUST0597,Pasta Arrabbiata,Main Course,2,473.28,Net Banking,Delivered,2022-10-20 13:36:00,3.4,67.0,Chennai
ORD001947,CUST0704,Ice Cream Sundae,Desserts,1,150.59,Net Banking,In Progress,2023-09-06 22:51:00,3.1,70.0,Hyderabad
ORD004078,CUST0023,Paneer Butter Masala,Main Course,1,277.07,UPI,Delivered,2023-05-17 17:49:00,2.7,65.0,Chennai
ORD004138,CUST0672,Club Sandwich,Sandwiches,4,608.6,Net Banking,Pending,2023-02-21 11:20:00,4.5,44.0,Pune
ORD006400,CUST0420,Grilled Salmon,Main Course,1,452.26,Cash,Delivered,2023-08-09 13:16:00,4.6,74.0,Pune
ORD005971,CUST0332,Chicken Biryani,MAIN COURSE,1,360.19,Debit Card,Cancelled,2023-02-18 22:45:00,4.0,53.0,Mumbai
ORD006627,CUST0647,Club Sandwich,Sandwiches,1,164.37,UPI,Delivered,2023-07-30 21:32:00,3.6,24.0,Mumbai
ORD006196,CUST0297,Tiramisu,Desserts,1,190.73,Digital Wallet,Delivered,2022-12-09 12:53:00,3.4,53.0,Pune
ORD004229,CUST0165,Mutton Curry,Main Course,1,387.13,UPI,Delivered,2023-06-04 09:50:00,3.4,50.0,Hyderabad
ORD005077,CUST0628,Chicken Tikka Masala,Main Course,2,637.78,Credit Card,Pending,2023-02-08 08:52:00,3.8,57.0,Hyderabad
ORD002452,CUST0321,Veg Fried Rice,Main Course,1,196.12,Digital Wallet,Cancelled,2023-10-05 09:25:00,4.1,63.0,Hyderabad
ORD001593,CUST0676,Naan,Breads,2,76.35,,Delivered,2022-12-27 21:36:00,4.7,26.0,Pune
ORD003725,CUST0256,Naan,Breads,5,192.44,Net Banking,Delivered,2023-07-23 22:10:00,,33.0,Mumbai
ORD001041,CUST0072,Veg Manchurian,Starters,1,162.56,Debit Card,Delivered,2023-04-23 12:55:00,4.1,40.0,Pune
ORD001560,CUST0327,Chicken Burger,Burgers,2,405.29,Digital Wallet,Pending,2022-10-28 12:02:00,2.9,,Pune
ORD005878,CUST0146,Chicken Burger,Burgers,1,190.23,Net Banking,Cancelled,2023-07-10 12:25:00,3.7,17.0,Mumbai
ORD006253,CUST0457,Veg Manchurian,Starters,4,635.34,Digital Wallet,In Progress,2023-03-12 15:39:00,2.9,34.0,Delhi
ORD001489,CUST0676,Onion Rings,Starters,2,226.03,Cash,In Progress,2023-04-22 20:54:00,3.1,65.0,Pune
ORD001243,CUST0538,Grilled Sandwich,Sandwiches,1,137.82,Debit Card,In Progress,2023-08-26 19:50:00,3.5,24.0,Bangalore
ORD004172,CUST0158,Chicken Fried Rice,Main Course,3,777.33,Credit Card,Delivered,2023-03-21 13:38:00,3.5,19.0,Bangalore
ORD002339,CUST0765,Watermelon Juice,Drinks,4,286.98,Debit Card,In Progress,2023-05-05 13:11:00,4.1,71.0,Mumbai
ORD006038,CUST0504,Paratha,Breads,3,143.42,UPI,Pending,2023-05-21 21:15:00,3.8,54.0,Delhi
ORD005183,CUST0352,Tiramisu,Desserts,1,207.63,Net Banking,Delivered,2023-07-05 16:27:00,2.5,62.0,Mumbai
ORD001405,CUST0639,Chicken Soup,Starters,3,444.38,Cash,Pending,2023-08-24 12:34:00,5.0,57.0,Mumbai
ORD002442,CUST0283,Veg Biryani,Main Course,2,538.99,Debit Card,In Progress,2023-02-21 20:46:00,3.8,41.0,Pune
ORD001261,CUST0044,Lamb Rogan Josh,Main Course,2,828.64,Credit Card,Delivered,2022-11-18 21:58:00,,59.0,Chennai
ORD004994,CUST0056,Ice Cream Sundae,Desserts,2,307.13,Digital Wallet,In Progress,2023-02-04 21:32:00,4.9,51.0,Chennai
ORD004537,CUST0274,Watermelon Juice,Drinks,1,72.77,Credit Card,Delivered,2023-01-13 20:00:00,3.1,63.0,Delhi
ORD006521,CUST0677,Spring Rolls,Starters,1,121.58,Debit Card,Pending,2023-01-25 12:55:00,4.0,68.0,
ORD002689,CUST0552,Chocolate Brownie,Desserts,3,358.38,UPI,Delivered,2023-10-04 18:18:00,3.2,16.0,Hyderabad
ORD004478,CUST0198,Farmhouse Pizza,Pizza,1,332.21,Digital Wallet,In Progress,2023-07-05 19:35:00,2.9,44.0,Bangalore
ORD002725,CUST0062,Garlic Bread,Starters,2,175.54,Net Banking,Cancelled,2023-05-10 13:03:00,3.8,28.0,Hyderabad
ORD002203,CUST0270,Butter Chicken,Main Course,1,326.32,Net Banking,Delivered,2022-11-26 17:59:00,2.6,41.0,Bangalore
ORD001834,CUST0347,Paneer Tikka,Starters,1,190.2,Debit Card,Cancelled,2023-06-22 21:05:00,5.0,25.0,Hyderabad
ORD002866,CUST0135,Chicken Burger,Burgers,1,202.95,Net Banking,Delivered,2023-01-27 08:15:00,4.5,70.0,Bangalore
ORD003496,CUST0189,Club Sandwich,Sandwiches,1,155.49,Net Banking,Delivered,2023-08-01 13:41:00,3.3,48.0,
ORD004016,CUST0316,Classic Burger,Burgers,1,186.76,UPI,Delivered,2023-06-30 13:02:00,3.6,30.0,Delhi
ORD006741,CUST0707,Chicken Fried Rice,Main Course,1,246.27,Digital Wallet,In Progress,2022-10-27 22:20:00,3.6,47.0,Hyderabad
ORD003010,CUST0075,Club Sandwich,Sandwiches,4,656.71,UPI,Delivered,2023-07-20 13:08:00,3.3,35.0,
ORD005013,CUST0189,Paratha,Breads,1,48.87,Net Banking,Delivered,2023-05-04 19:14:00,4.6,37.0,Pune
ORD001340,CUST0032,Lamb Rogan Josh,Main Course,2,814.17,UPI,Cancelled,2023-02-11 20:11:00,3.9,50.0,Delhi
ORD005213,CUST0215,Chicken Burger,Burgers,2,416.33,UPI,Delivered,2023-01-30 19:00:00,3.4,46.0,Chennai
ORD002601,CUST0340,Chicken Burger,Burgers,4,783.47,UPI,Delivered,2022-12-23 08:38:00,4.2,68.0,Mumbai
ORD003796,CUST0066,Cold Brew Coffee,Drinks,2,312.79,Net Banking,Cancelled,2023-09-23 19:20:00,3.7,64.0,Pune
ORD005897,CUST0217,Fresh Lime Soda,Drinks,2,120.64,Digital Wallet,In Progress,2023-05-17 10:13:00,3.5,55.0,Mumbai
ORD006851,CUST0066,Chocolate Brownie,Desserts,1,124.86,Net Banking,Cancelled,2023-07-17 09:20:00,3.2,46.0,Bangalore
ORD001480,CUST0465,Club Sandwich,Sandwiches,2,320.35,Digital Wallet,Pending,25/12/2022 19:21,2.7,39.0,Hyderabad
ORD004875,CUST0673,Cold Coffee,DRINKS,5,478.74,Debit Card,Delivered,2023-03-31 10:35:00,2.6,72.0,Bangalore
ORD004725,CUST0726,Pepperoni Pizza,Pizza,1,338.16,Credit Card,In Progress,2023-02-23 08:39:00,4.2,30.0,Pune
ORD005083,CUST0541,Fish Fingers,Starters,5,1064.48,Digital Wallet,Cancelled,2023-05-01 11:10:00,3.0,28.0,Delhi
ORD003785,CUST0500,Bruschetta,Starters,4,539.59,Credit Card,Delivered,2023-04-07 08:09:00,3.3,37.0,
ORD002523,CUST0673,Butter Chicken,Main Course,2,635.71,UPI,In Progress,21/10/2022 12:48,2.7,50.0,Mumbai
ORD004621,CUST0513,Veg Burger,Burgers,-1,299.85,UPI,Delivered,2023-03-14 19:52:00,4.3,23.0,Mumbai
ORD005510,CUST0214,Pasta Arrabbiata,Main Course,1,249.28,Debit Card,Delivered,2023-09-12 10:58:00,2.5,74.0,Hyderabad
ORD006372,CUST0262,Dal Makhani,Main Course,1,225.13,Credit Card,Delivered,2023-02-11 20:38:00,,29.0,Hyderabad
ORD006614,CUST0544,Grilled Sandwich,Sandwiches,1,142.21,Cash,Cancelled,2023-01-17 13:20:00,3.9,61.0,Delhi
ORD006754,CUST0676,Garlic Naan,Breads,2,116.79,UPI,Cancelled,2023-02-24 20:09:00,2.9,66.0,Pune
ORD001799,CUST0030,Egg Curry,Main Course,1,181.63,Cash,Cancelled,2022-11-24 20:09:00,4.6,57.0,Hyderabad
ORD002766,CUST0006,Tiramisu,Desserts,1,200.57,Debit Card,In Progress,2023-07-12 21:47:00,4.3,69.0,
ORD006416,CUST0675,Cold Brew Coffee,Drinks,2,295.94,Cash,Delivered,2023-08-12 10:26:00,3.7,,Chennai
ORD004025,CUST0546,Ice Cream Sundae,Desserts,1,150.57,Digital Wallet,Delivered,2022-11-19 17:19:00,3.9,60.0,Mumbai
ORD003453,CUST0295,Fish Fingers,Starters,1,213.4,Cash,In Progress,2022-11-20 13:17:00,3.0,26.0,Hyderabad
ORD005385,CUST0623,Fish Curry,Main Course,1,335.88,Credit Card,In Progress,2023-02-11 18:40:00,3.5,74.0,Delhi
ORD006328,CUST0159,Pasta Arrabbiata,Main Course,2,488.99,,Pending,2023-08-16 21:23:00,4.8,36.0,Pune
ORD005903,CUST0145,Mutton Curry,Main Course,1,381.09,Cash,Delivered,2022-12-18 12:21:00,3.0,74.0,Pune
ORD004704,CUST0269,Chicken Tikka Masala,Main Course,2,675.04,,Pending,2023-08-14 12:19:00,3.6,21.0,Pune
ORD006664,CUST0485,Lamb Rogan Josh,Main Course,2,791.96,UPI,Pending,2022-11-26 20:53:00,3.3,32.0,Bangalore
ORD001363,CUST0495,Spring Rolls,Starters,1,114.9,Net Banking,Delivered,2022-11-17 12:39:00,3.6,56.0,Delhi
ORD002271,CUST0087,BBQ Chicken Pizza,Pizza,2,712.71,Cash,Delivered,2023-10-15 21:55:00,3.8,60.0,Pune
ORD006993,CUST0070,Pepperoni Pizza,Pizza,3,1083.54,UPI,Delivered,2023-02-20 13:26:00,4.0,38.0,Mumbai
ORD003003,CUST0458,Chicken Tikka Masala,Main Course,3,1028.79,Digital Wallet,Delivered,2023-01-24 22:00:00,2.8,54.0,Chennai
ORD006447,CUST0110,Veg Burger,Burgers,3,444.11,Debit Card,Delivered,2023-02-28 18:12:00,3.1,41.0,Bangalore
ORD005560,CUST0534,Egg Curry,Main Course,2,358.57,Net Banking,In Progress,2023-03-28 13:14:00,2.7,58.0,Mumbai
ORD006678,CUST0107,Palak Paneer,Main Course,4,991.76,Net Banking,In Progress,2023-04-15 13:37:00,2.8,61.0,Chennai
ORD006005,CUST0267,Tiramisu,Desserts,1,209.58,Debit Card,In Progress,2023-05-21 19:27:00,,70.0,Chennai
ORD001347,CUST0277,Mojito,Drinks,2,259.6,Credit Card,Delivered,2023-07-17 15:24:00,3.3,29.0,Mumbai
ORD004350,CUST0784,Butter Chicken,Main Course,1,328.51,Credit Card,In Progress,2023-10-08 10:05:00,4.5,35.0,Delhi
ORD005825,CUST0625,Kheer,Desserts,2,179.43,Debit Card,Pending,2023-02-13 19:06:00,4.9,37.0,Chennai
ORD004613,CUST0438,Chicken Soup,Starters,4,572.71,Digital Wallet,Delivered,2022-12-16 09:07:00,3.1,28.0,Hyderabad
ORD006593,CUST0610,Cheesecake,Desserts,3,536.35,Cash,Delivered,2022-11-17 12:22:00,3.5,29.0,Bangalore
ORD003562,CUST0696,Veg Biryani,Main Course,1,252.18,Net Banking,In Progress,2022-10-03 08:14:00,4.9,42.0,Hyderabad
ORD004027,CUST0589,Gulab Jamun,Desserts,1,77.26,UPI,In Progress,2023-09-18 18:23:00,4.6,63.0,Mumbai
ORD005221,CUST0332,Veg Biryani,Main Course,1,248.76,Net Banking,Delivered,2023-07-26 11:27:00,2.9,,Bangalore
ORD006552,CUST0706,Tandoori Roti,Breads,1,30.38,UPI,Pending,2023-03-21 21:39:00,,38.0,Bangalore
ORD002423,CUST0395,Pepperoni Pizza,Pizza,2,730.42,Net Banking,Delivered,18/10/2022 20:51,4.5,26.0,Mumbai
ORD001656,CUST0223,Chocolate Brownie,Desserts,2,229.37,Digital Wallet,In Progress,2023-08-01 19:53:00,2.8,22.0,Mumbai
ORD004083,CUST0314,Fish Fingers,Starters,2,446.54,Credit Card,Cancelled,2023-09-28 11:53:00,3.8,57.0,Hyderabad
ORD002874,CUST0724,Tiramisu,Desserts,1,200.65,Cash,In Progress,2023-10-28 14:33:00,3.6,65.0,Delhi
ORD003102,CUST0464,Lamb Rogan Josh,Main Course,4,1651.26,Credit Card,Pending,2023-01-22 21:29:00,,,
ORD001632,CUST0696,Chicken Soup,Starters,2,291.17,Debit Card,Cancelled,2023-03-12 12:50:00,4.3,73.0,Bangalore
ORD005908,CUST0502,Club Sandwich,Sandwiches,4,615.87,Cash,Pending,2022-10-09 12:54:00,3.6,53.0,Bangalore
ORD003493,CUST0607,Ice Cream Sundae,Desserts,2,287.66,Net Banking,Delivered,2023-05-03 16:27:00,4.3,71.0,Hyderabad
ORD003665,CUST0169,Classic Burger,Burgers,1,178.26,Credit Card,Delivered,2023-02-18 12:39:00,4.4,37.0,Mumbai
ORD005379,CUST0271,Garlic Naan,Breads,1,60.96,UPI,Cancelled,2023-07-23 18:30:00,4.7,,Chennai
ORD005687,CUST0331,Veg Biryani,Main Course,3,817.61,Digital Wallet,Delivered,2023-08-24 08:24:00,3.8,30.0,Pune
ORD005445,CUST0515,Palak Paneer,Main Course,2,535.76,Digital Wallet,Delivered,2023-06-30 19:47:00,2.6,49.0,Bangalore
ORD005290,CUST0378,Masala Chai,Drinks,1,41.6,Digital Wallet,Cancelled,2023-01-13 09:20:00,4.9,16.0,Hyderabad
ORD003334,CUST0142,Lamb Rogan Josh,Main Course,3,1249.23,Net Banking,Delivered,2023-09-18 15:58:00,3.8,53.0,Bangalore
ORD004548,CUST0507,Mushroom Risotto,Main Course,2,572.21,UPI,Cancelled,2023-08-27 13:19:00,2.7,34.0,Chennai
ORD005638,CUST0077,Margherita Pizza,Pizza,2,536.44,UPI,Delivered,2023-05-21 17:52:00,3.4,75.0,Bangalore
ORD003500,CUST0136,Classic Burger,Burgers,1,181.98,Debit Card,Delivered,29/08/2023 20:00,3.4,,Pune
ORD004619,CUST0236,Butter Chicken,Main Course,2,629.19,Digital Wallet,In Progress,2023-02-05 12:23:00,3.8,47.0,Hyderabad
ORD002465,CUST0746,Veg Supreme Pizza,Pizza,2,573.92,Cash,In Progress,2023-10-04 12:16:00,4.0,42.0,Pune
ORD005022,CUST0371,Palak Paneer,Main Course,2,501.42,Net Banking,Delivered,2022-10-09 19:12:00,3.3,57.0,Delhi
ORD005096,CUST0066,Garlic Bread,Starters,4,363.86,Digital Wallet,Cancelled,2022-12-15 20:50:00,4.0,59.0,Pune
ORD005894,CUST0344,Margherita Pizza,Pizza,1,277.98,Debit Card,Delivered,25/12/2022 09:10,4.2,20.0,Delhi
ORD001115,CUST0483,Veg Supreme Pizza,Pizza,1,304.16,Cash,Pending,2023-04-09 09:14:00,4.7,50.0,Bangalore
ORD002821,CUST0169,Chicken Tikka Masala,Main Course,1,331.47,Net Banking,Delivered,2022-11-10 13:13:00,2.7,25.0,Mumbai
ORD002494,CUST0037,Chicken Tikka Masala,Main Course,5,1659.03,UPI,Cancelled,2023-06-12 10:33:00,2.8,29.0,Mumbai
ORD003401,CUST0502,Chicken Biryani,Main Course,1,359.16,UPI,Pending,2023-05-26 20:41:00,2.8,46.0,Mumbai
ORD004874,CUST0468,Club Sandwich,Sandwiches,4,622.59,Cash,Delivered,2023-03-10 20:57:00,4.9,62.0,
ORD002232,CUST0606,Veg Manchurian,Starters,1,157.89,Cash,Delivered,2023-02-26 21:58:00,4.0,66.0,Bangalore
ORD003661,CUST0424,Egg Curry,Main Course,2,346.43,UPI,Delivered,2023-10-18 13:26:00,,35.0,Pune
ORD003817,CUST0562,Cold Coffee,Drinks,2,200.79,,Pending,2023-02-15 21:27:00,4.7,15.0,Delhi
ORD002195,CUST0179,Watermelon Juice,Drinks,2,138.24,Debit Card,Delivered,2023-08-20 20:59:00,4.2,39.0,Delhi
ORD006531,CUST0478,Tiramisu,Desserts,1,194.1,Cash,Cancelled,2023-04-08 20:48:00,4.6,52.0,Hyderabad
ORD002153,CUST0283,Mushroom Risotto,Main Course,4,1163.27,Digital Wallet,Pending,2023-01-05 13:38:00,3.7,42.0,Mumbai
ORD004909,CUST0228,Rasgulla,Desserts,1,72.34,Credit Card,In Progress,2023-08-11 21:52:00,4.4,44.0,Mumbai
ORD005934,CUST0466,Naan,Breads,2,76.58,UPI,Delivered,2023-10-07 14:33:00,2.9,46.0,Bangalore
ORD006378,CUST0031,Paneer Butter Masala,Main Course,1,284.53,Net Banking,Cancelled,2023-08-02 13:51:00,,61.0,Mumbai
ORD001057,CUST0784,Paneer Butter Masala,Main Course,4,1129.42,Digital Wallet,Cancelled,2023-09-22 08:56:00,3.7,75.0,Bangalore
ORD005511,CUST0213,Mutton Curry,MAIN COURSE,1,367.62,Cash,Cancelled,2023-04-15 08:36:00,4.4,23.0,Hyderabad
ORD004883,CUST0475,Masala Chai,Drinks,2,76.66,UPI,Delivered,09/10/2022 22:32,3.1,,Bangalore
ORD004061,CUST0727,Rasgulla,Desserts,1,73.06,Debit Card,Pending,2023-03-15 21:43:00,4.1,74.0,Chennai
ORD006846,CUST0012,Kheer,Desserts,2,182.2,Net Banking,Delivered,2023-05-23 09:16:00,2.7,56.0,Pune
ORD006994,CUST0747,Mojito,Drinks,1,124.02,Credit Card,Delivered,2023-10-01 20:25:00,3.7,,Delhi
ORD002735,CUST0017,Mojito,Drinks,3,391.27,Net Banking,Delivered,2023-06-10 11:35:00,2.8,72.0,Delhi
ORD006454,CUST0572,Tiramisu,Desserts,4,810.62,UPI,In Progress,2023-03-10 20:59:00,3.1,31.0,
ORD003823,CUST0517,Tiramisu,Desserts,1,196.38,UPI,Delivered,2023-09-20 19:41:00,2.5,53.0,Mumbai
ORD003196,CUST0769,Cheese Burst Burger,Burgers,1,221.24,Credit Card,In Progress,2022-10-30 13:19:00,2.5,65.0,Hyderabad
ORD001159,CUST0757,Strawberry Shake,Drinks,1,123.46,Digital Wallet,Delivered,2023-06-17 20:53:00,4.2,71.0,Chennai
ORD005140,CUST0384,Chicken Burger,Burgers,2,388.25,Digital Wallet,Delivered,2023-05-25 20:10:00,3.8,48.0,Chennai
ORD003475,CUST0687,Paneer Tikka,Starters,3,617.93,Net Banking,Delivered,2023-08-23 12:01:00,3.9,23.0,Mumbai
ORD003564,CUST0272,Farmhouse Pizza,Pizza,1,311.85,Cash,In Progress,2023-03-17 12:36:00,3.4,31.0,Pune
ORD005335,CUST0742,Paneer Tikka,Starters,1,201.57,Debit Card,In Progress,2022-10-01 12:05:00,3.6,41.0,Pune
ORD006097,CUST0159,Strawberry Shake,Drinks,2,247.96,Net Banking,Pending,2023-09-21 18:54:00,3.5,36.0,Chennai
ORD005180,CUST0138,Cheesecake,Desserts,2,372.21,Net Banking,Cancelled,2022-12-10 15:10:00,2.8,51.0,Pune
ORD003608,CUST0063,Classic Burger,Burgers,3,527.46,Credit Card,Delivered,2023-01-17 15:26:00,4.5,36.0,Pune
ORD005681,CUST0469,Fresh Lime Soda,Drinks,1,57.28,,Delivered,2023-08-31 13:15:00,4.8,74.0,Bangalore
ORD001707,CUST0043,Chocolate Brownie,Desserts,2,243.99,Debit Card,Pending,2022-12-18 09:07:00,2.8,31.0,Bangalore
ORD004046,CUST0097,Paneer Tikka,Starters,2,397.43,UPI,Delivered,2023-09-18 12:02:00,,,
ORD006163,CUST0099,Chicken Tikka Masala,Main Course,1,336.31,Credit Card,Delivered,2023-09-25 08:01:00,3.6,75.0,Chennai
ORD002093,CUST0717,Chicken Tikka Masala,Main Course,1,345.76,Digital Wallet,Delivered,2022-10-30 20:15:00,2.9,21.0,Bangalore
ORD005619,CUST0004,Fresh Lime Soda,Drinks,2,116.9,Net Banking,Delivered,2023-03-23 19:11:00,2.6,51.0,Bangalore
ORD002376,CUST0536,Ice Cream Sundae,Desserts,3,460.5,Debit Card,Delivered,2022-11-02 21:08:00,3.0,30.0,Chennai
ORD006957,CUST0501,Veg Burger,Burgers,4,617.75,Credit Card,Pending,2022-10-16 21:33:00,3.3,48.0,Mumbai
ORD001072,CUST0018,Cheesecake,Desserts,3,550.29,Cash,Delivered,2023-08-27 19:28:00,3.1,59.0,Delhi
ORD002922,CUST0498,Veg Burger,Burgers,2,307.65,Net Banking,Cancelled,2022-11-29 08:37:00,2.8,31.0,Mumbai
ORD005513,CUST0597,Tandoori Roti,Breads,1,29.93,Debit Card,Delivered,2023-09-19 13:38:00,3.7,62.0,Bangalore
ORD006776,CUST0301,Tandoori Roti,Breads,3,94.06,,Pending,2023-03-14 11:24:00,,60.0,Mumbai
ORD002764,CUST0572,Veg Biryani,Main Course,1,252.41,UPI,Pending,2023-04-29 18:39:00,3.4,16.0,Chennai
ORD001743,CUST0414,Cold Coffee,Drinks,1,104.75,Cash,Delivered,2023-03-23 10:54:00,4.6,61.0,Hyderabad
ORD005125,CUST0194,Garlic Bread,Starters,2,182.71,Net Banking,Delivered,2023-03-28 22:57:00,4.2,17.0,Bangalore
ORD002005,CUST0168,Fresh Lime Soda,Drinks,2,114.89,UPI,Cancelled,2023-02-08 12:41:00,2.7,31.0,Pune
ORD003668,CUST0498,Pepperoni Pizza,Pizza,2,689.92,Net Banking,Cancelled,2023-10-24 09:11:00,3.4,71.0,Bangalore
ORD002190,CUST0661,Masala Chai,Drinks,1,41.05,UPI,Cancelled,2023-03-05 21:04:00,4.9,53.0,Pune
ORD005357,CUST0036,Veg Manchurian,Starters,1,166.97,Credit Card,In Progress,2023-02-22 15:27:00,3.4,48.0,Delhi
ORD003601,CUST0417,Chocolate Brownie,Desserts,1,124.81,Debit Card,Delivered,2023-10-11 13:32:00,3.7,74.0,Chennai
ORD002125,CUST0125,Mango Lassi,Drinks,2,152.08,Credit Card,Pending,2023-06-25 20:59:00,2.6,16.0,
ORD002241,CUST0761,Mushroom Risotto,Main Course,1,292.9,Cash,Delivered,2023-07-11 19:30:00,4.7,68.0,Hyderabad
ORD006643,CUST0706,Pasta Arrabbiata,Main Course,4,985.77,Debit Card,Delivered,2023-10-30 20:27:00,4.1,56.0,Mumbai
ORD006425,CUST0244,Garlic Bread,Starters,1,93.56,Credit Card,Delivered,2022-11-22 20:22:00,2.6,21.0,Hyderabad
ORD006603,CUST0230,Fresh Lime Soda,Drinks,2,122.98,UPI,Delivered,2023-03-30 22:41:00,,55.0,Chennai
ORD006706,CUST0312,Fresh Lime Soda,Drinks,2,121.75,Net Banking,Delivered,2023-03-01 13:20:00,3.8,22.0,Chennai
ORD004351,CUST0122,Garlic Bread,Starters,1,87.64,Debit Card,Pending,2023-09-21 19:21:00,3.6,31.0,Chennai
ORD001998,CUST0718,Cheese Burst Burger,Burgers,3,683.91,Cash,Cancelled,2023-07-03 10:52:00,3.9,49.0,Chennai
ORD005504,CUST0588,Chicken Soup,Starters,1,150.69,Credit Card,In Progress,2022-10-30 14:40:00,5.0,63.0,Hyderabad
ORD004824,CUST0044,BBQ Chicken Pizza,Pizza,3,1145.61,Credit Card,Delivered,2022-10-16 09:19:00,4.0,47.0,Pune
ORD005008,CUST0453,Pepperoni Pizza,Pizza,1,334.47,UPI,In Progress,2023-08-19 09:58:00,3.8,35.0,Delhi
ORD004238,CUST0463,Grilled Sandwich,Sandwiches,4,548.07,Cash,Delivered,2023-04-09 13:29:00,3.4,57.0,Bangalore
ORD003684,CUST0328,Egg Curry,MAIN COURSE,2,346.63,Credit Card,Pending,2022-12-09 12:02:00,2.8,57.0,Delhi
ORD006244,CUST0423,Gulab Jamun,Desserts,3,232.32,Debit Card,In Progress,2023-08-29 12:50:00,3.3,24.0,Mumbai
ORD002577,CUST0594,Garlic Bread,Starters,1,86.51,Net Banking,Pending,2023-10-07 11:55:00,3.2,16.0,Pune
ORD004906,CUST0474,BBQ Chicken Pizza,Pizza,2,729.95,Digital Wallet,Delivered,2023-04-05 20:31:00,,67.0,Chennai
ORD004729,CUST0307,Mojito,Drinks,4,535.83,Digital Wallet,In Progress,2023-10-14 08:14:00,2.7,33.0,Delhi
ORD004668,CUST0538,Grilled Salmon,Main Course,1,466.51,,Delivered,2022-10-17 20:30:00,3.1,28.0,Delhi
ORD006798,CUST0644,Butter Chicken,Main Course,3,933.23,Debit Card,Cancelled,2023-03-21 08:25:00,3.6,18.0,Bangalore
ORD002826,CUST0526,Ice Cream Sundae,Desserts,4,624.3,Credit Card,Delivered,2023-10-15 20:42:00,2.7,68.0,Delhi
ORD002343,CUST0326,Mojito,Drinks,2,254.14,Cash,Delivered,2023-05-25 18:40:00,3.1,60.0,Bangalore
ORD002393,CUST0155,Paneer Tikka,Starters,1,209.54,Digital Wallet,Delivered,2023-10-11 13:09:00,3.9,50.0,Mumbai
ORD005666,CUST0233,Palak Paneer,Main Course,2,538.1,UPI,In Progress,2022-11-03 12:07:00,3.8,41.0,Delhi
ORD005999,CUST0585,Margherita Pizza,Pizza,2,541.78,,Delivered,2023-05-18 20:46:00,4.5,29.0,Delhi
ORD001440,CUST0056,Margherita Pizza,Pizza,1,292.79,Cash,In Progress,2023-09-16 12:35:00,3.1,54.0,Hyderabad
ORD001308,CUST0665,Paratha,Breads,1,49.3,Credit Card,Delivered,2022-11-12 13:57:00,3.5,34.0,Pune
ORD002100,CUST0305,Lamb Rogan Josh,Main Course,1,382.15,Credit Card,Delivered,2023-05-08 12:48:00,3.4,41.0,Hyderabad
ORD003637,CUST0679,Paneer Tikka,Starters,2,389.24,UPI,In Progress,2023-02-18 21:32:00,3.3,72.0,Hyderabad
ORD005258,CUST0303,Farmhouse Pizza,Pizza,1,333.38,Credit Card,Delivered,2022-11-02 11:38:00,3.1,59.0,Delhi
ORD001649,CUST0354,Mojito,Drinks,2,263.58,Cash,In Progress,2023-01-16 17:53:00,3.2,67.0,Mumbai
ORD002546,CUST0350,Watermelon Juice,Drinks,2,141.56,Net Banking,Delivered,2023-08-03 09:18:00,4.5,70.0,Delhi
ORD004231,CUST0520,Cheesecake,Desserts,1,182.85,Net Banking,In Progress,2023-03-25 12:02:00,2.6,51.0,Chennai
ORD006297,CUST0669,Rasgulla,Desserts,5,348.28,UPI,In Progress,2022-10-14 13:30:00,4.0,67.0,Mumbai
ORD005601,CUST0430,Garlic Bread,Starters,1,90.09,Debit Card,Delivered,2023-02-27 12:37:00,4.4,56.0,Chennai
ORD005618,CUST0671,Chicken Fried Rice,Main Course,2,492.85,UPI,Cancelled,2023-10-11 12:42:00,4.9,75.0,Pune
ORD006427,CUST0409,Dal Makhani,Main Course,1,226.93,Credit Card,Delivered,2022-11-05 13:34:00,4.6,65.0,Bangalore
ORD003852,CUST0746,Butter Chicken,Main Course,5,1637.35,Cash,Cancelled,2023-04-01 19:48:00,4.5,42.0,Hyderabad
ORD004503,CUST0729,Strawberry Shake,Drinks,2,233.62,Credit Card,Pending,2023-09-11 09:26:00,3.1,25.0,Hyderabad
ORD005353,CUST0658,Paratha,Breads,2,100.58,Digital Wallet,Cancelled,2023-04-20 08:05:00,3.7,45.0,Chennai
ORD001630,CUST0677,Fish Curry,Main Course,-1,1047.68,Cash,Delivered,2023-04-13 12:41:00,3.0,23.0,Chennai
ORD002249,CUST0295,Palak Paneer,Main Course,4,1020.69,Debit Card,Cancelled,2023-03-27 12:07:00,,71.0,Delhi
ORD005129,CUST0069,Bruschetta,Starters,2,261.39,Cash,Pending,2022-10-25 19:43:00,3.1,41.0,Hyderabad
ORD001482,CUST0096,Strawberry Shake,Drinks,4,484.79,UPI,In Progress,2023-06-30 15:07:00,2.8,53.0,
ORD002584,CUST0369,Mushroom Risotto,Main Course,1,305.18,UPI,Delivered,2023-06-11 19:26:00,4.0,71.0,Delhi
ORD002462,CUST0234,Cold Coffee,Drinks,3,301.06,Net Banking,Delivered,2022-11-23 20:38:00,4.3,56.0,Chennai
ORD004040,CUST0048,Chicken Biryani,Main Course,2,668.44,Net Banking,In Progress,2023-01-12 09:01:00,3.7,69.0,Bangalore
ORD005655,CUST0066,Pasta Arrabbiata,MAIN COURSE,1,245.32,Digital Wallet,In Progress,2023-02-19 20:05:00,4.6,65.0,Mumbai
ORD004273,CUST0373,Veg Burger,Burgers,4,593.43,,In Progress,2022-10-18 13:23:00,2.8,70.0,Delhi
ORD004683,CUST0689,Paneer Butter Masala,Main Course,1,282.75,Cash,In Progress,2023-07-29 15:19:00,4.3,28.0,Delhi
ORD005257,CUST0336,Cold Coffee,Drinks,2,198.6,Cash,Cancelled,2023-03-21 21:54:00,4.3,60.0,Delhi
ORD004225,CUST0104,Lamb Rogan Josh,Main Course,2,765.47,Cash,Cancelled,2023-07-15 12:31:00,3.3,42.0,Mumbai
ORD002072,CUST0751,Lamb Rogan Josh,Main Course,3,1154.07,Cash,In Progress,2023-09-22 19:24:00,,38.0,Mumbai
ORD003631,CUST0564,Veg Burger,Burgers,2,290.03,Digital Wallet,Cancelled,2023-07-09 11:16:00,3.5,48.0,Mumbai
ORD002660,CUST0148,Kheer,Desserts,1,91.93,,Delivered,2023-10-10 19:17:00,2.7,39.0,Bangalore
ORD003425,CUST0164,Masala Chai,Drinks,1,39.92,Cash,Delivered,2023-03-08 17:17:00,3.5,53.0,Bangalore
ORD006102,CUST0715,Club Sandwich,Sandwiches,1,166.56,Net Banking,Delivered,2023-06-07 13:01:00,4.0,20.0,Bangalore
ORD004097,CUST0041,Fresh Lime Soda,Drinks,1,59.76,Cash,Cancelled,12/08/2023 19:42,,,Hyderabad
ORD004976,CUST0521,Rasgulla,Desserts,1,66.64,Debit Card,In Progress,2022-11-10 09:07:00,2.6,37.0,Bangalore
ORD006419,CUST0511,Mutton Curry,Main Course,3,1153.92,UPI,In Progress,2023-07-20 12:10:00,4.7,54.0,Delhi
ORD006752,CUST0020,Cheesecake,Desserts,1,173.7,Debit Card,Delivered,2023-03-27 22:23:00,2.8,41.0,Hyderabad
ORD005933,CUST0499,Kheer,Desserts,2,171.62,Cash,Cancelled,2022-12-29 09:25:00,2.6,30.0,Delhi
ORD005797,CUST0783,Cheesecake,Desserts,1,182.57,Cash,Delivered,2023-06-03 22:05:00,2.5,,
ORD002408,CUST0180,Paneer Butter Masala,Main Course,1,287.59,Digital Wallet,Pending,2023-07-30 20:05:00,,22.0,Delhi
ORD002845,CUST0340,Strawberry Shake,DRINKS,4,473.3,Net Banking,Cancelled,2023-04-18 13:39:00,3.9,16.0,Pune
ORD002798,CUST0170,Palak Paneer,Main Course,1,247.41,UPI,Pending,2023-05-20 22:37:00,4.3,54.0,Pune
ORD004957,CUST0033,Paratha,Breads,1,48.89,Cash,Delivered,2023-01-31 12:28:00,4.3,20.0,Pune
ORD002475,CUST0384,Chicken Biryani,Main Course,1,344.58,Digital Wallet,Delivered,2023-09-15 21:38:00,4.7,60.0,Delhi
ORD001035,CUST0760,Tandoori Roti,Breads,1,30.81,UPI,Pending,2023-08-23 22:10:00,4.3,50.0,Mumbai
ORD001444,CUST0641,Watermelon Juice,Drinks,1,73.0,Digital Wallet,In Progress,2023-08-02 08:59:00,3.3,65.0,Chennai
ORD003359,CUST0319,Masala Chai,Drinks,1,41.45,Digital Wallet,In Progress,2022-11-30 19:03:00,4.9,42.0,Mumbai
ORD004654,CUST0397,BLT Sandwich,Sandwiches,2,354.91,UPI,Delivered,2023-04-14 13:14:00,4.9,52.0,Pune
ORD004179,CUST0575,Pepperoni Pizza,Pizza,2,672.75,UPI,Delivered,2023-03-08 21:19:00,4.0,25.0,Hyderabad
ORD002286,CUST0184,Veg Burger,Burgers,1,153.23,Credit Card,Cancelled,2023-05-31 08:26:00,2.7,15.0,Bangalore
ORD006926,CUST0510,Cheesecake,Desserts,1,175.34,Net Banking,Cancelled,2023-10-27 22:37:00,4.8,30.0,Chennai
ORD004416,CUST0135,Veg Supreme Pizza,Pizza,2,621.98,Net Banking,Delivered,2023-01-27 09:02:00,3.6,74.0,Bangalore
ORD003137,CUST0411,Mutton Curry,MAIN COURSE,1,372.75,Debit Card,Pending,2023-09-06 20:31:00,3.6,43.0,Bangalore
ORD003636,CUST0493,Watermelon Juice,Drinks,1,67.33,Credit Card,Pending,2023-05-21 17:14:00,3.9,39.0,Chennai
ORD005016,CUST0721,Cheesecake,Desserts,3,539.98,Digital Wallet,Delivered,2023-07-19 19:22:00,4.8,41.0,Bangalore
ORD006853,CUST0549,Watermelon Juice,Drinks,2,141.65,Credit Card,Cancelled,2023-03-20 22:12:00,3.7,42.0,Bangalore
ORD002681,CUST0566,Lamb Rogan Josh,Main Course,2,792.79,Net Banking,Pending,2023-08-26 19:42:00,3.3,60.0,Delhi
ORD005401,CUST0107,Spring Rolls,Starters,1,115.72,Debit Card,In Progress,2023-05-13 15:31:00,4.7,37.0,Chennai
ORD002692,CUST0461,Veg Burger,Burgers,1,150.46,Credit Card,Cancelled,2022-10-21 11:52:00,2.5,18.0,Mumbai
ORD005467,CUST0441,Chicken Burger,Burgers,1,195.3,Debit Card,Delivered,2023-10-28 09:11:00,4.9,58.0,Pune
ORD006201,CUST0223,Chocolate Brownie,Desserts,5,574.5,Cash,Delivered,2023-03-28 13:00:00,4.3,47.0,Hyderabad
ORD004635,CUST0362,Mango Lassi,Drinks,2,155.54,UPI,Delivered,2023-04-16 13:48:00,2.5,43.0,Hyderabad
ORD001372,CUST0178,Farmhouse Pizza,Pizza,2,647.7,Credit Card,Delivered,2022-12-01 21:28:00,4.5,,Mumbai
ORD005649,CUST0581,Kheer,Desserts,2,172.18,Credit Card,Delivered,2023-09-06 19:17:00,4.8,43.0,Bangalore
ORD001140,CUST0786,Club Sandwich,Sandwiches,5,764.38,Credit Card,Delivered,2023-01-13 12:13:00,3.2,22.0,Mumbai
ORD006644,CUST0103,Fish Fingers,Starters,1,225.05,Debit Card,Delivered,2023-10-04 08:41:00,3.5,,Chennai
ORD006339,CUST0060,Cheesecake,Desserts,5,903.79,Digital Wallet,Delivered,2022-11-01 08:53:00,4.2,22.0,Bangalore
ORD001714,CUST0683,Bruschetta,Starters,1,127.63,Debit Card,Cancelled,2023-08-06 15:03:00,2.9,69.0,Hyderabad
ORD004188,CUST0736,Chicken Biryani,Main Course,2,706.97,Debit Card,In Progress,2022-10-28 18:05:00,4.9,73.0,Mumbai
ORD006344,CUST0252,Fresh Lime Soda,Drinks,1,59.21,Credit Card,Delivered,2023-04-18 19:57:00,3.9,56.0,Delhi
ORD005230,CUST0772,Naan,Breads,5,208.66,Net Banking,Delivered,2023-09-25 11:32:00,4.7,63.0,Hyderabad
ORD001406,CUST0390,Lamb Rogan Josh,Main Course,2,761.58,Cash,Pending,2023-09-19 09:28:00,3.1,59.0,Delhi
ORD001020,CUST0136,Spring Rolls,Starters,1,116.86,Net Banking,Pending,08/09/2023 14:34,3.9,30.0,Hyderabad
ORD002004,CUST0566,Fresh Lime Soda,Drinks,1,57.85,Credit Card,Pending,2023-01-19 21:38:00,3.4,23.0,Pune
ORD003411,CUST0090,Masala Chai,Drinks,3,125.9,Credit Card,Pending,2023-06-10 10:55:00,2.8,39.0,Delhi
ORD003545,CUST0545,Classic Burger,Burgers,1,179.64,Net Banking,In Progress,2023-09-23 21:03:00,4.4,73.0,Pune
ORD003390,CUST0177,Chocolate Brownie,Desserts,3,366.18,Debit Card,Delivered,2023-04-15 08:36:00,4.4,40.0,Pune
ORD005865,CUST0134,Strawberry Shake,Drinks,2,228.58,UPI,Delivered,2023-02-11 09:22:00,4.7,20.0,Chennai
ORD001042,CUST0183,Pasta Arrabbiata,Main Course,5,1204.35,Digital Wallet,Delivered,2022-10-15 09:16:00,2.6,53.0,Hyderabad
ORD003830,CUST0131,Chicken Burger,Burgers,1,199.18,,Pending,2023-01-11 21:11:00,2.7,31.0,Delhi
ORD004371,CUST0172,Grilled Sandwich,Sandwiches,2,289.26,UPI,Pending,2023-10-18 20:05:00,3.9,72.0,Bangalore
ORD004022,CUST0654,Cheese Burst Burger,Burgers,1,222.68,Credit Card,In Progress,2023-06-27 20:23:00,2.8,50.0,Chennai
ORD004364,CUST0040,Chicken Fried Rice,Main Course,1,255.53,Cash,Delivered,2023-03-24 19:11:00,4.0,28.0,Bangalore
ORD001011,CUST0395,Egg Curry,Main Course,1,173.88,,Pending,14/09/2023 13:04,5.0,48.0,Bangalore
ORD002177,CUST0774,Paratha,Breads,1,50.6,UPI,Delivered,2023-07-17 21:03:00,3.5,15.0,Hyderabad
ORD002947,CUST0405,Pasta Arrabbiata,Main Course,2,485.48,UPI,Delivered,2023-05-12 09:16:00,5.0,63.0,Chennai
ORD003501,CUST0262,Chicken Biryani,Main Course,1,344.82,Digital Wallet,Delivered,2023-01-22 19:27:00,4.2,67.0,Hyderabad
ORD003863,CUST0609,Chicken Soup,Starters,3,427.7,Net Banking,In Progress,2023-08-05 10:17:00,3.0,75.0,Hyderabad
ORD004865,CUST0079,Mushroom Risotto,Main Course,2,609.42,,Pending,2023-06-08 13:49:00,4.5,53.0,Chennai
ORD002026,CUST0550,Paratha,Breads,2,98.74,Debit Card,Delivered,2023-04-05 13:11:00,5.0,57.0,Hyderabad
ORD004848,CUST0363,Grilled Sandwich,Sandwiches,1,134.35,Cash,In Progress,2023-04-30 11:44:00,4.3,73.0,Mumbai
ORD003989,CUST0527,Veg Manchurian,Starters,2,309.52,Cash,In Progress,2023-04-11 21:19:00,3.5,63.0,Delhi
ORD001961,CUST0601,Veg Burger,Burgers,1,147.03,Debit Card,In Progress,2023-06-30 19:24:00,3.5,71.0,Pune
ORD003889,CUST0081,Butter Chicken,Main Course,3,972.08,UPI,In Progress,2023-07-27 11:06:00,4.8,34.0,Bangalore
ORD004015,CUST0433,Egg Curry,Main Course,1,186.09,Credit Card,Delivered,2023-09-14 12:34:00,2.7,,Bangalore
ORD004338,CUST0406,Chicken Fried Rice,Main Course,3,731.87,Net Banking,Delivered,2023-01-29 21:29:00,2.6,73.0,Chennai
ORD005271,CUST0623,Masala Chai,Drinks,1,39.46,Net Banking,Delivered,2023-04-24 08:25:00,3.7,43.0,Bangalore
ORD001735,CUST0747,Spring Rolls,Starters,4,472.7,Digital Wallet,Delivered,2022-12-22 21:49:00,3.8,19.0,Mumbai
ORD002440,CUST0777,Paneer Butter Masala,Main Course,2,581.07,Debit Card,Delivered,2023-09-20 21:31:00,3.8,20.0,Pune
ORD003875,CUST0307,BLT Sandwich,Sandwiches,4,702.58,Digital Wallet,Delivered,2023-01-19 13:25:00,3.1,16.0,Pune
ORD004986,CUST0507,Chocolate Brownie,Desserts,1,124.53,Cash,Pending,2022-12-07 19:59:00,4.4,58.0,Chennai
ORD001916,CUST0703,Garlic Naan,Breads,3,186.02,UPI,In Progress,2023-03-23 11:27:00,3.8,35.0,Chennai
ORD006050,CUST0265,Ice Cream Sundae,Desserts,4,602.64,Digital Wallet,In Progress,2022-10-28 20:47:00,,15.0,Chennai
ORD005089,CUST0220,Watermelon Juice,Drinks,5,338.57,Net Banking,Pending,2023-05-14 19:20:00,4.0,71.0,Hyderabad
ORD006595,CUST0420,Pasta Arrabbiata,Main Course,2,497.61,Net Banking,Cancelled,2023-10-17 20:10:00,3.5,46.0,Bangalore
ORD005730,CUST0461,Paratha,Breads,1,51.68,Credit Card,In Progress,2023-06-12 22:10:00,4.5,37.0,Pune
ORD003772,CUST0362,Veg Manchurian,Starters,2,329.04,Credit Card,In Progress,2022-11-30 18:48:00,4.0,73.0,Mumbai
ORD002624,CUST0471,Pepperoni Pizza,Pizza,1,346.21,Digital Wallet,Delivered,2023-10-03 12:36:00,2.9,53.0,Mumbai
ORD006599,CUST0048,Paneer Tikka,Starters,2,416.5,Cash,Delivered,2023-01-22 08:27:00,,36.0,Delhi
ORD001821,CUST0447,Paratha,Breads,1,50.61,Cash,Delivered,2023-08-27 12:44:00,3.2,27.0,Hyderabad
ORD002367,CUST0302,Farmhouse Pizza,Pizza,1,324.28,Credit Card,In Progress,2023-06-01 19:43:00,4.5,23.0,Delhi
ORD004712,CUST0272,Fish Curry,Main Course,2,667.12,Net Banking,Delivered,2023-09-18 20:29:00,3.6,23.0,Delhi
ORD006443,CUST0649,Grilled Salmon,Main Course,1,439.22,Digital Wallet,Delivered,2023-01-17 12:40:00,3.3,,Hyderabad
ORD001850,CUST0029,Mojito,Drinks,1,127.46,Credit Card,Delivered,2023-04-10 12:31:00,4.5,41.0,Mumbai
ORD002000,CUST0322,Chicken Biryani,Main Course,1,353.47,Cash,Delivered,2023-01-01 08:28:00,2.8,28.0,
ORD005502,CUST0255,Mushroom Risotto,Main Course,1,288.36,Digital Wallet,In Progress,2023-07-31 19:43:00,4.9,72.0,Bangalore
ORD005114,CUST0339,Chocolate Brownie,Desserts,1,123.27,Cash,Cancelled,2023-10-27 19:37:00,4.3,41.0,Pune
ORD002637,CUST0237,Chicken Tikka Masala,Main Course,1,326.87,UPI,Pending,2023-02-05 19:57:00,,16.0,Pune
ORD002667,CUST0569,Tiramisu,Desserts,1,201.83,Credit Card,Delivered,2023-02-09 09:09:00,4.7,30.0,Hyderabad
ORD004173,CUST0650,Mutton Curry,Main Course,3,1143.59,UPI,Delivered,2023-06-14 19:39:00,2.7,,Pune
ORD005605,CUST0590,Chicken Burger,Burgers,3,585.97,Debit Card,Delivered,2023-03-03 22:58:00,4.7,51.0,Pune
ORD002347,CUST0379,Kheer,Desserts,2,177.22,Debit Card,Delivered,2023-01-15 20:33:00,4.4,43.0,Pune
ORD005727,CUST0295,Pasta Arrabbiata,Main Course,1,238.04,Cash,Delivered,2023-06-27 15:01:00,4.5,35.0,
ORD004230,CUST0059,Mushroom Risotto,Main Course,2,570.76,Credit Card,Delivered,2022-11-22 09:42:00,4.9,33.0,Bangalore
ORD005251,CUST0476,Chicken Biryani,Main Course,2,721.02,Credit Card,Pending,25/08/2023 21:43,3.8,16.0,Delhi
ORD005651,CUST0675,Onion Rings,Starters,1,106.84,Cash,Delivered,2023-08-01 14:40:00,4.6,70.0,Mumbai
ORD004232,CUST0647,Gulab Jamun,Desserts,4,330.97,UPI,Delivered,2023-07-18 20:25:00,3.8,45.0,Delhi
ORD005949,CUST0538,Kheer,Desserts,1,88.58,Debit Card,Pending,2023-05-20 14:31:00,2.8,54.0,
ORD001703,CUST0194,Rasgulla,Desserts,2,138.88,Cash,Delivered,2023-10-13 19:18:00,4.7,29.0,Chennai
ORD005826,CUST0039,Mushroom Risotto,Main Course,4,1161.74,Cash,Delivered,2023-04-04 08:36:00,2.8,70.0,Hyderabad
ORD004291,CUST0620,Classic Burger,Burgers,1,186.99,Digital Wallet,Pending,2023-02-01 13:16:00,3.3,70.0,Delhi
ORD004673,CUST0405,Masala Chai,Drinks,2,80.65,UPI,Delivered,2023-01-14 10:18:00,4.1,,Pune
ORD003408,CUST0164,Palak Paneer,Main Course,1,252.82,Digital Wallet,Delivered,2022-11-27 21:28:00,4.5,42.0,Delhi
ORD002327,CUST0185,Dal Makhani,Main Course,1,215.64,UPI,Delivered,2022-11-17 12:41:00,3.2,39.0,Pune
ORD006640,CUST0649,Cheesecake,Desserts,2,376.08,UPI,Delivered,2023-02-03 19:57:00,3.4,,Delhi
ORD005959,CUST0218,Farmhouse Pizza,PIZZA,2,631.35,Net Banking,Delivered,2023-06-01 12:24:00,3.9,15.0,
ORD006934,CUST0290,Garlic Naan,Breads,3,176.03,Credit Card,Delivered,2023-03-23 08:18:00,3.6,67.0,Chennai
ORD001986,CUST0342,Veg Burger,Burgers,2,306.12,Credit Card,In Progress,2023-04-11 08:51:00,3.0,61.0,Delhi
ORD006493,CUST0349,Grilled Sandwich,Sandwiches,3,404.81,Credit Card,Pending,2023-04-11 18:39:00,4.9,65.0,Mumbai
ORD006204,CUST0553,Egg Curry,Main Course,2,366.67,UPI,Delivered,03/11/2022 12:14,2.8,36.0,Mumbai
ORD006012,CUST0112,Grilled Salmon,Main Course,1,455.26,Cash,Pending,2023-09-04 19:27:00,4.9,61.0,Bangalore
ORD005049,CUST0261,Cold Coffee,Drinks,2,200.66,Cash,Delivered,2023-01-04 21:54:00,4.1,57.0,Pune
ORD004485,CUST0410,Veg Burger,Burgers,1,147.49,Cash,Delivered,2022-12-26 17:30:00,3.2,47.0,Bangalore
ORD003474,CUST0633,Veg Supreme Pizza,Pizza,1,305.39,Digital Wallet,Cancelled,2022-12-26 19:44:00,5.0,16.0,Pune
ORD004873,CUST0459,Cheesecake,Desserts,3,545.45,Cash,In Progress,28/10/2023 12:11,3.9,31.0,Mumbai
ORD002198,CUST0074,Chicken Fried Rice,Main Course,4,985.96,Debit Card,Delivered,2023-04-27 17:55:00,4.2,73.0,Pune
ORD005181,CUST0135,Veg Fried Rice,Main Course,1,195.38,Digital Wallet,Delivered,2023-07-16 19:01:00,3.9,31.0,Chennai
ORD002518,CUST0372,Cold Brew Coffee,Drinks,1,145.06,UPI,Pending,2022-10-11 17:52:00,3.9,43.0,Mumbai
ORD002799,CUST0304,Chicken Tikka Masala,Main Course,2,668.22,Digital Wallet,In Progress,2023-04-11 21:42:00,4.0,53.0,Pune
ORD002014,CUST0480,Mojito,Drinks,2,265.38,Digital Wallet,Delivered,2023-01-02 13:22:00,,42.0,Chennai
ORD001128,CUST0102,Chocolate Brownie,Desserts,5,601.83,Net Banking,Delivered,2023-05-21 15:27:00,4.6,56.0,Chennai
ORD002364,CUST0658,Fish Curry,Main Course,4,1400.2,Net Banking,Delivered,2023-01-16 12:21:00,3.6,60.0,
ORD005656,CUST0249,Garlic Bread,Starters,5,442.75,Cash,In Progress,2022-11-12 21:47:00,2.8,75.0,Bangalore
ORD001891,CUST0618,Cold Brew Coffee,Drinks,1,155.78,Debit Card,Delivered,2022-12-14 09:19:00,3.4,15.0,Chennai
ORD003793,CUST0354,Pasta Arrabbiata,Main Course,4,979.13,UPI,In Progress,2023-10-09 19:18:00,3.9,69.0,Delhi
ORD006081,CUST0374,Fresh Lime Soda,Drinks,2,118.64,Credit Card,Delivered,2022-10-08 19:56:00,2.8,42.0,Pune
ORD006771,CUST0784,Fresh Lime Soda,DRINKS,2,124.18,Credit Card,Cancelled,2023-08-03 16:30:00,4.2,48.0,Bangalore
ORD006189,CUST0733,Mutton Curry,Main Course,1,371.98,Credit Card,Delivered,2023-10-28 12:12:00,3.6,32.0,Pune
ORD004249,CUST0576,Mushroom Risotto,Main Course,1,307.67,Net Banking,Delivered,2023-06-22 09:54:00,3.3,75.0,Bangalore
ORD002208,CUST0566,Fresh Lime Soda,Drinks,2,124.32,UPI,Delivered,2023-09-15 19:01:00,3.5,39.0,Pune
ORD004868,CUST0285,Grilled Salmon,Main Course,1,448.04,Digital Wallet,Cancelled,2023-08-22 20:02:00,3.1,,Bangalore
ORD005065,CUST0031,Pepperoni Pizza,Pizza,2,670.11,Credit Card,Delivered,2023-08-13 18:23:00,2.6,35.0,Mumbai
ORD006621,CUST0250,Watermelon Juice,Drinks,2,138.29,UPI,Delivered,2022-10-02 15:21:00,2.5,18.0,Mumbai
ORD002239,CUST0621,Fish Curry,Main Course,1,353.92,Debit Card,Delivered,2023-09-11 17:08:00,3.4,22.0,Mumbai
ORD003289,CUST0278,Farmhouse Pizza,PIZZA,5,1677.62,Net Banking,Delivered,2022-11-24 20:53:00,3.0,75.0,Delhi
ORD003740,CUST0356,Garlic Naan,Breads,1,61.69,Net Banking,Delivered,2023-09-26 09:15:00,4.6,75.0,Bangalore
ORD001275,CUST0249,Palak Paneer,Main Course,1,265.07,Debit Card,Cancelled,2023-06-09 21:50:00,3.2,65.0,Hyderabad
ORD002035,CUST0237,Rasgulla,Desserts,4,276.65,Credit Card,Delivered,2023-06-26 12:40:00,3.6,18.0,Chennai
ORD002229,CUST0615,Chicken Biryani,Main Course,5,1665.32,Credit Card,Delivered,2023-03-30 16:02:00,2.8,,Hyderabad
ORD002008,CUST0068,Veg Supreme Pizza,Pizza,1,288.74,,In Progress,2022-11-26 19:26:00,2.7,73.0,Bangalore
ORD004828,CUST0098,Chicken Biryani,Main Course,1,337.73,Cash,Delivered,2022-11-28 17:01:00,2.7,35.0,Delhi
ORD003532,CUST0255,Chicken Soup,Starters,1,153.27,Digital Wallet,In Progress,2023-08-14 13:23:00,2.8,40.0,Mumbai
ORD002058,CUST0556,Chicken Biryani,Main Course,4,1413.95,Net Banking,Delivered,2022-10-05 21:06:00,4.6,20.0,Delhi
ORD006662,CUST0570,Mango Lassi,Drinks,2,157.34,Digital Wallet,Pending,2023-08-07 13:36:00,2.9,74.0,Bangalore
ORD001281,CUST0265,Masala Chai,Drinks,1,41.01,Credit Card,Pending,2023-05-09 09:06:00,4.4,50.0,Chennai
ORD002043,CUST0537,Chicken Burger,Burgers,2,408.69,Digital Wallet,Delivered,2023-05-12 08:26:00,2.9,32.0,Pune
ORD002316,CUST0167,Strawberry Shake,DRINKS,1,124.84,UPI,Pending,2023-01-04 21:19:00,3.0,16.0,Hyderabad
ORD001968,CUST0008,Masala Chai,Drinks,2,83.9,UPI,Pending,2022-11-19 11:50:00,3.8,63.0,Bangalore
ORD003381,CUST0093,Watermelon Juice,Drinks,2,146.1,Cash,Delivered,2023-03-18 11:35:00,3.3,,Mumbai
ORD005832,CUST0171,Veg Fried Rice,Main Course,3,606.59,Debit Card,Delivered,2023-02-02 09:20:00,4.2,60.0,Delhi
ORD002939,CUST0771,Chocolate Brownie,Desserts,2,238.16,UPI,Pending,2023-06-16 09:46:00,4.9,57.0,Hyderabad
ORD006677,CUST0049,Dal Makhani,Main Course,1,213.89,Net Banking,Pending,02/09/2023 13:08,3.6,75.0,Pune
ORD002274,CUST0575,Grilled Sandwich,Sandwiches,2,276.54,Debit Card,Cancelled,2023-05-08 09:26:00,3.2,59.0,Chennai
ORD001619,CUST0145,Grilled Sandwich,Sandwiches,2,271.78,Net Banking,Delivered,2023-03-29 16:17:00,3.9,25.0,Mumbai
ORD005395,CUST0401,Watermelon Juice,Drinks,1,71.37,Digital Wallet,Pending,2022-11-23 11:08:00,3.0,67.0,Bangalore
ORD002742,CUST0177,Grilled Sandwich,Sandwiches,1,141.78,Credit Card,Delivered,2022-10-11 19:12:00,4.3,61.0,Delhi
ORD002390,CUST0165,Veg Manchurian,Starters,2,318.08,Debit Card,In Progress,2023-02-18 09:15:00,3.7,61.0,Chennai
ORD005928,CUST0156,Kheer,Desserts,1,86.27,Digital Wallet,In Progress,2023-05-20 21:48:00,,62.0,Mumbai
ORD002579,CUST0673,Grilled Salmon,Main Course,3,1338.18,Cash,Delivered,2022-10-07 17:02:00,4.3,61.0,Hyderabad
ORD002655,CUST0444,Cold Coffee,Drinks,1,99.65,Cash,Pending,2023-04-16 21:55:00,3.2,67.0,Chennai
ORD004568,CUST0338,Gulab Jamun,Desserts,3,233.57,Credit Card,Delivered,2023-02-06 15:38:00,3.0,21.0,Pune
ORD003352,CUST0757,Grilled Salmon,Main Course,3,1324.03,UPI,Pending,2023-03-07 19:56:00,2.9,22.0,Delhi
ORD003212,CUST0726,Lamb Rogan Josh,Main Course,3,1227.4,Net Banking,In Progress,2022-11-02 15:20:00,2.5,75.0,Hyderabad
ORD003926,CUST0223,Veg Burger,Burgers,3,464.54,,In Progress,2022-10-24 09:08:00,4.8,63.0,Bangalore
ORD004178,CUST0020,Chocolate Brownie,Desserts,3,365.25,UPI,Delivered,2022-11-12 12:10:00,4.6,44.0,Bangalore
ORD004192,CUST0663,Chicken Biryani,Main Course,1,351.35,Debit Card,Pending,2023-02-02 20:48:00,3.5,41.0,Pune
ORD002307,CUST0091,Masala Chai,Drinks,2,82.69,Cash,Delivered,2022-11-14 17:29:00,3.0,20.0,Delhi
ORD001575,CUST0403,Chicken Biryani,Main Course,4,1462.88,Net Banking,Delivered,2023-01-24 09:57:00,2.7,39.0,Chennai
ORD003360,CUST0658,Mango Lassi,Drinks,3,233.75,Digital Wallet,Cancelled,2022-12-12 09:46:00,2.6,18.0,Delhi
ORD002280,CUST0726,Veg Fried Rice,Main Course,2,392.52,UPI,Pending,2023-08-30 12:29:00,3.9,62.0,Pune
ORD005925,CUST0071,Gulab Jamun,Desserts,2,152.76,Digital Wallet,In Progress,2023-09-13 20:16:00,4.1,63.0,
ORD006009,CUST0342,Kheer,Desserts,3,283.48,Cash,Delivered,2023-02-23 21:29:00,4.3,31.0,Mumbai
ORD002993,CUST0161,Egg Curry,Main Course,5,914.36,Digital Wallet,Delivered,2023-06-13 08:58:00,5.0,48.0,Chennai
ORD003639,CUST0457,BLT Sandwich,Sandwiches,3,528.62,Cash,Cancelled,2023-01-06 12:44:00,3.6,62.0,Mumbai
ORD001269,CUST0106,Paneer Butter Masala,Main Course,1,278.07,Cash,Delivered,2023-07-13 16:26:00,3.4,20.0,Chennai
ORD001629,CUST0181,Chicken Fried Rice,Main Course,2,498.15,Debit Card,Cancelled,2023-07-12 09:28:00,2.7,21.0,Pune
ORD005487,CUST0513,Tiramisu,Desserts,2,401.51,Digital Wallet,In Progress,2022-12-01 21:14:00,4.3,54.0,Pune
ORD004081,CUST0530,Garlic Bread,Starters,2,174.2,Net Banking,Delivered,2023-10-24 19:15:00,4.2,45.0,Bangalore
ORD004466,CUST0729,Veg Burger,Burgers,4,607.56,Net Banking,Delivered,2023-06-08 08:19:00,4.8,20.0,Mumbai
ORD006283,CUST0784,Paratha,Breads,2,104.95,Cash,Delivered,2023-02-10 20:34:00,4.2,47.0,Chennai
ORD005023,CUST0734,Club Sandwich,Sandwiches,2,309.32,Net Banking,In Progress,2023-08-23 13:05:00,4.9,34.0,
ORD003046,CUST0151,Veg Manchurian,Starters,3,467.69,Cash,Delivered,2023-04-10 19:21:00,3.5,17.0,Mumbai
ORD005755,CUST0253,Mushroom Risotto,Main Course,4,1172.85,Net Banking,Delivered,2023-01-27 08:42:00,4.0,46.0,Hyderabad
ORD003113,CUST0783,Bruschetta,Starters,1,125.94,Digital Wallet,Delivered,2023-08-07 14:07:00,4.6,27.0,Hyderabad
ORD001027,CUST0191,BBQ Chicken Pizza,Pizza,4,1484.61,Cash,Pending,2022-10-30 21:05:00,2.7,70.0,Delhi
ORD003040,CUST0649,BBQ Chicken Pizza,Pizza,5,1878.62,Digital Wallet,Delivered,2023-09-17 17:28:00,2.6,33.0,Mumbai
ORD004928,CUST0627,Mojito,Drinks,3,388.72,UPI,Delivered,2023-01-25 09:08:00,4.7,32.0,Mumbai
ORD006474,CUST0122,Fresh Lime Soda,Drinks,5,297.24,Net Banking,In Progress,04/04/2023 19:17,2.7,18.0,Chennai
ORD004216,CUST0498,Onion Rings,Starters,3,341.54,,Pending,11/10/2023 11:09,3.8,21.0,Chennai
ORD004814,CUST0256,Grilled Sandwich,Sandwiches,2,267.39,Digital Wallet,Pending,2023-09-04 08:03:00,4.6,19.0,Mumbai
ORD001129,CUST0348,Ice Cream Sundae,Desserts,3,437.18,UPI,Cancelled,2023-05-20 21:26:00,3.5,21.0,Bangalore
ORD005490,CUST0062,Pasta Arrabbiata,Main Course,2,496.61,Debit Card,Cancelled,2023-01-29 19:22:00,,24.0,Hyderabad
ORD006947,CUST0542,Cheese Burst Burger,Burgers,1,211.09,Net Banking,Pending,2023-07-15 17:29:00,3.9,70.0,Hyderabad
ORD001013,CUST0737,Onion Rings,Starters,1,106.24,Debit Card,Pending,2022-10-02 21:56:00,4.4,47.0,Mumbai
ORD006190,CUST0226,Farmhouse Pizza,Pizza,3,925.46,Debit Card,Delivered,2023-04-27 19:18:00,,72.0,Delhi
ORD002525,CUST0376,Mojito,Drinks,1,132.54,Digital Wallet,Cancelled,2023-02-16 19:21:00,3.5,36.0,Delhi
ORD003365,CUST0337,Mojito,Drinks,2,268.98,Debit Card,Delivered,2023-08-22 13:33:00,4.1,19.0,Delhi
ORD004052,CUST0772,Mojito,DRINKS,5,654.52,Cash,Delivered,2023-03-07 08:45:00,3.6,51.0,Pune
ORD005005,CUST0739,Mutton Curry,Main Course,1,367.74,Net Banking,Delivered,2023-09-27 13:41:00,4.0,17.0,Mumbai
ORD003340,CUST0089,Fish Fingers,Starters,1,211.81,Cash,Delivered,2023-02-02 15:29:00,4.3,62.0,Delhi
ORD001374,CUST0334,Grilled Salmon,Main Course,4,1722.06,,Pending,2023-04-17 16:35:00,3.6,70.0,Mumbai
ORD005674,CUST0619,Tandoori Roti,Breads,3,89.4,Net Banking,Delivered,2023-06-07 09:05:00,4.5,26.0,Chennai
ORD006200,CUST0061,Rasgulla,Desserts,5,342.62,UPI,Delivered,2023-02-13 08:04:00,4.2,32.0,Pune
ORD001939,CUST0226,Egg Curry,Main Course,1,182.77,Cash,In Progress,2022-10-07 13:29:00,4.5,56.0,Chennai
ORD006800,CUST0587,Fish Curry,Main Course,2,706.61,Net Banking,Delivered,2023-01-17 20:30:00,4.0,74.0,Chennai
ORD003147,CUST0608,Cold Coffee,Drinks,3,305.99,Debit Card,Pending,2022-12-27 09:03:00,3.6,53.0,Pune
ORD004591,CUST0585,Mango Lassi,Drinks,3,249.16,UPI,Pending,2023-09-26 13:06:00,2.6,33.0,Bangalore
ORD006889,CUST0615,Chicken Fried Rice,Main Course,1,251.87,Net Banking,Cancelled,2022-12-31 12:13:00,2.5,33.0,Delhi
ORD006089,CUST0251,Garlic Bread,Starters,1,92.24,UPI,Cancelled,2022-10-17 09:36:00,3.1,23.0,Hyderabad
ORD004623,CUST0098,Veg Burger,Burgers,1,154.16,Net Banking,In Progress,2023-09-29 09:08:00,2.6,68.0,
ORD001529,CUST0653,BLT Sandwich,Sandwiches,2,352.02,UPI,Pending,2023-01-02 09:07:00,,59.0,Chennai
ORD004714,CUST0640,Veg Biryani,Main Course,4,1084.73,Net Banking,Delivered,2023-05-19 13:16:00,3.4,22.0,Delhi
ORD002269,CUST0037,Gulab Jamun,Desserts,1,77.72,Cash,Pending,2023-10-11 12:00:00,2.8,40.0,
ORD005281,CUST0532,Spring Rolls,Starters,2,248.37,Net Banking,Delivered,2023-07-25 09:03:00,3.2,22.0,
ORD002394,CUST0571,Grilled Sandwich,Sandwiches,2,275.18,Digital Wallet,Delivered,2023-07-07 20:16:00,4.2,23.0,Mumbai
ORD005009,CUST0457,BBQ Chicken Pizza,Pizza,2,706.47,Digital Wallet,Delivered,2023-08-18 15:56:00,4.2,21.0,Mumbai
ORD002797,CUST0595,Kheer,Desserts,1,92.9,Net Banking,Delivered,2023-06-17 13:36:00,4.5,33.0,Chennai
ORD003979,CUST0441,Chicken Biryani,Main Course,3,1065.23,UPI,Pending,2023-09-07 13:27:00,3.8,52.0,Bangalore
ORD002441,CUST0681,Gulab Jamun,Desserts,2,161.58,UPI,In Progress,2023-04-04 12:54:00,4.9,41.0,Mumbai
ORD005528,CUST0090,Mutton Curry,Main Course,4,1545.03,UPI,Delivered,2023-06-25 19:41:00,2.6,30.0,Bangalore
ORD006908,CUST0472,Cold Brew Coffee,Drinks,2,294.7,Digital Wallet,Delivered,2022-10-21 09:16:00,,75.0,Hyderabad
ORD004811,CUST0004,Mushroom Risotto,Main Course,3,885.09,Credit Card,Delivered,2023-03-15 12:10:00,4.6,36.0,Pune
ORD002273,CUST0310,Gulab Jamun,Desserts,4,329.11,Debit Card,Cancelled,2023-05-06 15:01:00,3.0,,Pune
ORD002712,CUST0566,Chicken Biryani,Main Course,2,705.42,Net Banking,Delivered,2023-09-19 16:58:00,2.8,40.0,Mumbai
ORD001955,CUST0383,Mushroom Risotto,Main Course,1,297.14,UPI,Cancelled,2023-05-01 21:47:00,3.3,52.0,Mumbai
ORD006347,CUST0747,Mutton Curry,Main Course,1,384.32,Debit Card,Delivered,2022-10-04 18:57:00,3.8,19.0,Hyderabad
ORD005840,CUST0221,Mojito,Drinks,4,527.07,Debit Card,Delivered,2023-05-19 20:49:00,4.6,70.0,Bangalore
ORD006352,CUST0538,Mojito,Drinks,2,250.33,UPI,In Progress,2023-03-06 09:49:00,4.2,51.0,Chennai
ORD001403,CUST0502,Strawberry Shake,Drinks,2,238.41,Debit Card,Delivered,2023-09-17 22:21:00,,73.0,Hyderabad
ORD003071,CUST0131,Mushroom Risotto,Main Course,1,288.94,Net Banking,Delivered,2023-10-03 13:22:00,3.1,,Delhi
ORD006848,CUST0780,Veg Biryani,Main Course,2,515.83,Credit Card,In Progress,2023-10-03 08:41:00,,33.0,Delhi
ORD002977,CUST0377,Pasta Arrabbiata,Main Course,1,244.22,Debit Card,In Progress,2023-05-08 12:41:00,3.7,62.0,Delhi
ORD001158,CUST0498,Grilled Salmon,Main Course,1,441.4,Credit Card,Delivered,2023-01-18 12:49:00,5.0,24.0,Mumbai
ORD004888,CUST0524,Garlic Bread,Starters,1,93.86,UPI,Delivered,2023-09-14 10:05:00,3.1,,Mumbai
ORD001902,CUST0254,Ice Cream Sundae,Desserts,2,310.63,Cash,In Progress,2023-02-28 20:20:00,4.5,70.0,Delhi
ORD001352,CUST0001,Cheese Burst Burger,Burgers,1,214.12,Debit Card,Pending,2023-01-21 08:30:00,3.0,23.0,Bangalore
ORD005130,CUST0475,Chicken Burger,Burgers,3,613.39,UPI,Delivered,2023-04-30 14:29:00,4.6,36.0,Hyderabad
ORD001754,CUST0607,Veg Fried Rice,Main Course,1,203.22,Cash,In Progress,04/02/2023 11:19,2.7,34.0,Mumbai
ORD003971,CUST0308,Veg Burger,Burgers,1,153.67,Net Banking,Pending,2023-02-16 13:12:00,3.8,29.0,
ORD003978,CUST0521,Tandoori Roti,Breads,3,92.68,UPI,Delivered,2023-03-24 12:35:00,4.8,33.0,Pune
ORD003920,CUST0222,Mango Lassi,Drinks,3,244.11,UPI,Delivered,2023-08-07 12:11:00,3.8,20.0,Mumbai
ORD001311,CUST0307,Veg Supreme Pizza,Pizza,1,306.92,Credit Card,Cancelled,2022-11-22 09:23:00,4.4,63.0,Delhi
ORD001661,CUST0036,Palak Paneer,Main Course,1,263.73,Cash,Delivered,2023-05-15 19:06:00,3.9,31.0,Hyderabad
ORD002989,CUST0783,Dal Makhani,Main Course,2,443.8,,Pending,2023-06-21 20:56:00,2.7,35.0,Hyderabad
ORD004665,CUST0328,Onion Rings,Starters,3,321.37,Net Banking,Delivered,2023-05-15 21:55:00,4.3,23.0,Bangalore
ORD001306,CUST0642,Tandoori Roti,Breads,3,93.55,UPI,Delivered,2023-10-26 08:06:00,2.8,69.0,Delhi
ORD003335,CUST0355,Margherita Pizza,Pizza,5,1350.9,Digital Wallet,Delivered,2023-04-19 09:33:00,3.7,59.0,Bangalore
ORD003356,CUST0515,Veg Manchurian,Starters,1,157.4,Credit Card,In Progress,2023-07-28 20:32:00,,48.0,Bangalore
ORD004702,CUST0374,BBQ Chicken Pizza,Pizza,4,1420.57,Net Banking,Cancelled,2023-03-25 10:23:00,,64.0,Chennai
ORD004804,CUST0534,BLT Sandwich,Sandwiches,2,335.84,Digital Wallet,Delivered,2023-05-24 22:51:00,3.3,40.0,Chennai
ORD002927,CUST0222,Veg Supreme Pizza,Pizza,1,297.33,UPI,Delivered,2023-04-14 21:09:00,4.9,46.0,Hyderabad
ORD004427,CUST0555,Onion Rings,Starters,4,450.95,Net Banking,In Progress,2023-07-07 13:27:00,4.4,26.0,Hyderabad
ORD001749,CUST0034,Cold Coffee,Drinks,1,98.15,,Pending,11/04/2023 13:02,4.1,64.0,Bangalore
ORD004638,CUST0012,Fresh Lime Soda,Drinks,1,58.57,Debit Card,In Progress,2023-01-19 18:12:00,4.4,56.0,Chennai
ORD005404,CUST0553,Tiramisu,Desserts,4,818.08,UPI,Delivered,2022-10-26 15:03:00,3.5,34.0,Bangalore
ORD002266,CUST0626,Fish Curry,Main Course,2,699.01,Debit Card,Delivered,2022-11-26 21:39:00,4.0,16.0,Pune
ORD005596,CUST0110,Cold Coffee,Drinks,1,104.88,UPI,Delivered,2022-11-27 09:57:00,2.9,57.0,Bangalore
ORD006350,CUST0768,Butter Chicken,Main Course,3,998.9,Cash,Delivered,2023-07-21 15:53:00,3.3,20.0,Chennai
ORD004595,CUST0012,Chicken Fried Rice,Main Course,1,251.65,Digital Wallet,In Progress,2023-03-30 08:25:00,4.5,62.0,Bangalore
ORD003134,CUST0593,Margherita Pizza,Pizza,1,266.86,Net Banking,Delivered,2023-06-20 19:50:00,3.0,22.0,Delhi
ORD005109,CUST0648,Masala Chai,Drinks,3,124.49,UPI,Pending,2023-06-29 13:35:00,4.1,39.0,Hyderabad
ORD001514,CUST0204,Paneer Butter Masala,Main Course,1,277.53,Digital Wallet,Pending,2023-03-29 21:38:00,4.1,49.0,Delhi
ORD006414,CUST0399,Mushroom Risotto,Main Course,4,1153.49,UPI,Pending,2023-08-21 17:54:00,3.5,56.0,
ORD001409,CUST0721,BBQ Chicken Pizza,Pizza,2,760.57,UPI,Delivered,2023-06-25 22:22:00,2.9,50.0,Hyderabad
ORD005518,CUST0172,Veg Manchurian,Starters,2,327.76,Credit Card,Delivered,12/10/2022 09:37,4.7,43.0,Hyderabad
ORD002532,CUST0063,Mojito,Drinks,1,127.24,UPI,Delivered,2023-09-12 18:55:00,3.8,20.0,Delhi
ORD006990,CUST0065,Fish Fingers,Starters,1,220.0,Net Banking,Delivered,2023-02-05 21:11:00,4.7,53.0,Bangalore
ORD006243,CUST0276,Paneer Butter Masala,Main Course,3,835.29,Net Banking,Delivered,2023-05-09 09:21:00,2.9,39.0,Mumbai
ORD001207,CUST0378,BBQ Chicken Pizza,Pizza,2,755.45,Debit Card,In Progress,2023-03-03 14:01:00,,41.0,Chennai
ORD001458,CUST0404,Pepperoni Pizza,Pizza,4,1349.79,Digital Wallet,Pending,2022-10-22 08:38:00,4.9,34.0,Delhi
ORD003054,CUST0554,Gulab Jamun,Desserts,3,229.11,Digital Wallet,Cancelled,2023-02-03 08:48:00,3.8,30.0,Mumbai
ORD003430,CUST0109,Chocolate Brownie,Desserts,1,115.65,Cash,Delivered,2022-11-01 10:45:00,4.2,70.0,Bangalore
ORD001250,CUST0328,Tandoori Roti,Breads,2,61.82,Credit Card,Delivered,2023-10-05 13:53:00,3.3,17.0,Chennai
ORD006167,CUST0611,Tiramisu,Desserts,1,207.99,UPI,Cancelled,2023-07-03 20:57:00,4.0,38.0,Delhi
ORD002107,CUST0361,Grilled Sandwich,Sandwiches,2,284.17,Digital Wallet,Cancelled,2023-05-22 13:22:00,3.8,63.0,Bangalore
ORD006014,CUST0278,Pasta Arrabbiata,Main Course,1,233.47,Credit Card,Pending,2023-10-27 18:16:00,2.5,35.0,Bangalore
ORD002713,CUST0759,Mango Lassi,Drinks,1,83.02,Cash,Delivered,2022-11-17 19:17:00,2.7,75.0,
ORD004911,CUST0237,Pasta Arrabbiata,Main Course,1,229.36,Net Banking,In Progress,2022-12-07 13:41:00,,,Chennai
ORD001715,CUST0457,Veg Supreme Pizza,Pizza,-1,296.18,Digital Wallet,Delivered,2023-02-23 12:19:00,3.0,71.0,Hyderabad
ORD001552,CUST0333,Mojito,Drinks,2,262.6,Debit Card,Cancelled,2023-03-30 21:35:00,4.4,42.0,Pune
ORD002439,CUST0042,BLT Sandwich,Sandwiches,4,697.29,UPI,Delivered,2023-10-04 12:17:00,2.8,44.0,Hyderabad
ORD003270,CUST0125,BBQ Chicken Pizza,Pizza,1,376.41,Digital Wallet,Delivered,2022-10-11 20:07:00,4.5,20.0,Mumbai
ORD004144,CUST0461,Spring Rolls,Starters,1,114.61,Debit Card,Delivered,2023-07-22 14:19:00,4.2,,Hyderabad
ORD006786,CUST0325,Ice Cream Sundae,Desserts,2,290.97,UPI,Pending,2022-10-27 12:05:00,3.3,73.0,Mumbai
ORD002925,CUST0613,Fish Curry,Main Course,2,680.12,UPI,Cancelled,2023-07-29 12:53:00,4.5,48.0,Hyderabad
ORD001634,CUST0032,Veg Manchurian,Starters,1,160.96,Credit Card,Cancelled,2023-04-02 09:18:00,4.3,40.0,Pune
ORD001316,CUST0246,Kheer,DESSERTS,3,264.48,UPI,Cancelled,2022-10-28 20:50:00,2.8,46.0,Pune
ORD006691,CUST0261,Ice Cream Sundae,Desserts,1,155.21,UPI,Delivered,2023-01-16 09:48:00,4.7,56.0,Pune
ORD001427,CUST0144,Cheese Burst Burger,Burgers,2,448.89,Net Banking,In Progress,2022-10-24 21:31:00,4.3,,Bangalore
ORD006745,CUST0345,Palak Paneer,Main Course,2,516.04,Credit Card,Cancelled,2022-12-22 20:19:00,3.8,69.0,Bangalore
ORD001105,CUST0654,Tiramisu,Desserts,2,389.63,Debit Card,Cancelled,2023-07-26 09:29:00,3.1,15.0,Hyderabad
ORD004041,CUST0196,Gulab Jamun,Desserts,2,161.85,Digital Wallet,Cancelled,2023-10-12 09:51:00,4.8,24.0,Chennai
ORD005238,CUST0297,Palak Paneer,Main Course,2,503.21,UPI,Cancelled,2023-08-03 20:40:00,4.8,57.0,Delhi
ORD003169,CUST0304,Egg Curry,Main Course,1,187.52,UPI,Delivered,2022-12-07 08:34:00,4.9,66.0,Chennai
ORD002709,CUST0027,Fresh Lime Soda,Drinks,1,59.99,Debit Card,Delivered,2023-10-14 12:01:00,3.0,20.0,Delhi
ORD001089,CUST0422,Gulab Jamun,Desserts,2,157.14,Net Banking,Cancelled,2022-11-23 21:21:00,3.2,75.0,Hyderabad
ORD003241,CUST0735,Tiramisu,Desserts,1,203.17,UPI,Delivered,2022-11-16 21:04:00,4.8,55.0,Delhi
ORD004174,CUST0686,Naan,Breads,1,39.73,Credit Card,Delivered,2023-08-08 22:30:00,4.0,37.0,
ORD005554,CUST0179,Grilled Salmon,Main Course,1,470.92,UPI,In Progress,2022-11-17 10:50:00,4.3,27.0,Delhi
ORD002949,CUST0774,Dal Makhani,Main Course,2,451.29,Digital Wallet,In Progress,2023-10-07 12:42:00,4.5,67.0,Delhi
ORD005044,CUST0468,Veg Supreme Pizza,Pizza,2,606.26,UPI,In Progress,2023-02-03 09:49:00,3.3,72.0,Chennai
ORD003848,CUST0470,Chicken Fried Rice,Main Course,1,258.83,Net Banking,Delivered,2023-10-25 17:49:00,4.4,69.0,Mumbai
ORD001001,CUST0617,Cold Coffee,Drinks,2,190.64,Cash,Pending,2022-11-17 11:32:00,3.0,56.0,Pune
ORD005337,CUST0241,Masala Chai,Drinks,1,40.3,Digital Wallet,Pending,2023-03-26 20:19:00,4.2,40.0,
ORD001935,CUST0791,Lamb Rogan Josh,Main Course,1,-50.0,UPI,Delivered,2022-10-27 18:03:00,4.8,38.0,Delhi
ORD006181,CUST0698,Cheesecake,Desserts,3,538.76,Credit Card,Delivered,2023-01-24 10:44:00,2.5,15.0,Chennai
ORD003720,CUST0139,BBQ Chicken Pizza,Pizza,4,1536.8,Net Banking,Delivered,2023-06-11 09:56:00,4.0,34.0,Mumbai
ORD001591,CUST0665,Grilled Salmon,Main Course,-1,1868.86,Net Banking,Delivered,2022-11-16 12:44:00,4.3,22.0,Mumbai
ORD005540,CUST0055,Masala Chai,Drinks,2,81.48,Cash,Pending,2023-03-14 13:24:00,4.5,48.0,Delhi
ORD003936,CUST0492,Chocolate Brownie,Desserts,2,251.73,Debit Card,In Progress,24/04/2023 19:54,3.6,54.0,Pune
ORD003448,CUST0473,Paratha,Breads,2,99.2,UPI,In Progress,2022-10-11 21:09:00,2.6,40.0,Bangalore
ORD002576,CUST0763,Tiramisu,DESSERTS,4,830.99,Net Banking,Delivered,2023-01-13 09:40:00,4.7,74.0,Hyderabad
ORD006547,CUST0145,Ice Cream Sundae,Desserts,1,144.17,Net Banking,Delivered,2023-10-24 08:18:00,5.0,52.0,Mumbai
ORD001213,CUST0625,Cheese Burst Burger,Burgers,3,674.58,UPI,Delivered,2023-08-26 20:16:00,,32.0,Chennai
ORD001778,CUST0617,Veg Manchurian,Starters,3,489.53,Net Banking,Pending,2023-06-17 08:26:00,4.3,44.0,Pune
ORD004496,CUST0072,Chicken Soup,Starters,2,297.19,Credit Card,Cancelled,2023-04-03 08:07:00,4.5,65.0,Bangalore
ORD005750,CUST0347,Ice Cream Sundae,Desserts,1,151.13,Credit Card,Cancelled,2023-03-06 20:26:00,4.2,73.0,Bangalore
ORD003043,CUST0209,Veg Manchurian,Starters,5,809.76,Net Banking,Pending,2023-03-05 20:00:00,,32.0,Bangalore
ORD006491,CUST0148,Spring Rolls,Starters,2,233.56,Cash,Delivered,2023-09-25 12:39:00,2.7,55.0,Bangalore
ORD002567,CUST0164,Chicken Tikka Masala,Main Course,3,968.36,,Pending,12/07/2023 13:24,3.1,27.0,Bangalore
ORD001165,CUST0028,Spring Rolls,Starters,4,466.66,UPI,Delivered,2023-05-19 21:59:00,3.5,38.0,Delhi
ORD004566,CUST0765,Chicken Burger,Burgers,2,404.76,Debit Card,Delivered,2023-06-15 08:10:00,,17.0,Chennai
ORD005635,CUST0692,Veg Burger,Burgers,1,151.11,Credit Card,In Progress,2023-02-26 20:35:00,3.7,71.0,Pune
ORD006762,CUST0026,Paneer Tikka,Starters,3,591.59,UPI,Pending,2022-11-28 17:33:00,3.1,73.0,
ORD003013,CUST0343,Ice Cream Sundae,Desserts,2,290.31,Digital Wallet,Pending,2022-12-12 18:30:00,2.7,18.0,Pune
ORD001273,CUST0390,Chicken Tikka Masala,Main Course,1,323.55,Debit Card,Cancelled,2023-04-21 12:39:00,3.3,67.0,Pune
ORD004860,CUST0066,Chicken Biryani,Main Course,2,696.19,Debit Card,Pending,2023-08-20 10:48:00,4.0,45.0,Mumbai
ORD005167,CUST0235,Chicken Biryani,Main Course,5,1698.73,Debit Card,Cancelled,2023-03-16 09:46:00,2.7,50.0,Chennai
ORD005833,CUST0210,Spring Rolls,Starters,1,116.82,Digital Wallet,Delivered,2023-09-23 09:47:00,4.5,45.0,Chennai
ORD004788,CUST0538,Veg Fried Rice,Main Course,1,199.34,,In Progress,2023-02-14 21:46:00,3.7,38.0,Chennai
ORD001394,CUST0265,Chocolate Brownie,Desserts,4,464.69,Net Banking,Pending,2022-11-19 14:47:00,4.4,26.0,Pune
ORD001583,CUST0783,Mango Lassi,Drinks,2,154.2,Cash,Delivered,2023-01-07 11:26:00,4.9,29.0,Pune
ORD002737,CUST0038,Mutton Curry,Main Course,3,1108.16,Debit Card,Delivered,2023-01-18 11:06:00,4.8,41.0,Mumbai
ORD006954,CUST0063,Chocolate Brownie,Desserts,3,363.93,Debit Card,Delivered,04/02/2023 12:00,4.0,20.0,Pune
ORD006796,CUST0745,Garlic Naan,Breads,2,118.04,Cash,Delivered,2023-04-13 09:01:00,3.5,15.0,Chennai
ORD001520,CUST0107,Garlic Naan,Breads,2,114.32,Debit Card,Pending,2023-04-22 15:05:00,2.9,56.0,Hyderabad
ORD002763,CUST0748,Dal Makhani,Main Course,1,215.82,Cash,Pending,2022-12-27 20:24:00,4.3,55.0,Hyderabad
ORD002875,CUST0576,Chicken Fried Rice,Main Course,4,9999.0,Net Banking,Delivered,14/03/2023 12:23,3.7,39.0,Delhi
ORD004965,CUST0280,Butter Chicken,Main Course,4,1233.74,Digital Wallet,Delivered,2023-09-22 08:45:00,4.8,37.0,Hyderabad
ORD004344,CUST0587,Kheer,Desserts,4,368.67,UPI,Delivered,2023-05-25 20:45:00,3.8,35.0,Hyderabad
ORD003253,CUST0490,Veg Manchurian,Starters,1,160.19,Credit Card,Delivered,2022-11-24 13:43:00,3.2,39.0,Hyderabad
ORD004224,CUST0037,Paneer Butter Masala,Main Course,2,536.45,UPI,Cancelled,2023-04-17 14:36:00,3.8,61.0,
ORD001526,CUST0008,Strawberry Shake,Drinks,1,123.19,Digital Wallet,Delivered,2023-02-27 18:50:00,3.0,71.0,Chennai
ORD003946,CUST0038,Fresh Lime Soda,Drinks,1,60.68,Cash,Delivered,2023-06-27 12:37:00,4.2,68.0,Mumbai
ORD004899,CUST0673,Mushroom Risotto,Main Course,1,288.19,Debit Card,Delivered,2023-08-10 17:54:00,3.0,27.0,Delhi
ORD001692,CUST0664,Rasgulla,Desserts,3,219.45,Cash,Delivered,2022-12-07 13:15:00,3.7,34.0,Delhi
ORD006729,CUST0147,Classic Burger,Burgers,1,188.22,Net Banking,Pending,2023-07-05 13:04:00,3.6,46.0,Hyderabad
ORD005444,CUST0134,Cold Brew Coffee,Drinks,3,457.61,Debit Card,Delivered,2023-05-15 14:42:00,3.2,26.0,Bangalore
ORD004633,CUST0212,Veg Supreme Pizza,Pizza,2,625.76,Net Banking,Delivered,2023-05-13 08:28:00,5.0,61.0,Pune
ORD002050,CUST0641,Watermelon Juice,Drinks,1,72.79,Cash,Delivered,2023-02-28 12:03:00,3.0,32.0,Delhi
ORD001590,CUST0462,Veg Burger,Burgers,4,611.77,Cash,Delivered,2022-12-09 13:20:00,3.6,72.0,Pune
ORD001519,CUST0216,BBQ Chicken Pizza,Pizza,1,360.81,Credit Card,Cancelled,2023-10-16 19:05:00,2.8,19.0,Hyderabad
ORD004380,CUST0066,Egg Curry,Main Course,1,188.99,Credit Card,Cancelled,2023-07-23 20:40:00,4.0,27.0,Mumbai
ORD004676,CUST0022,Club Sandwich,Sandwiches,5,806.05,Credit Card,In Progress,2022-11-05 08:05:00,3.7,17.0,Hyderabad
ORD005985,CUST0536,Veg Manchurian,Starters,5,835.25,Digital Wallet,Pending,2022-10-16 11:26:00,4.2,58.0,Mumbai
ORD002607,CUST0571,Naan,Breads,1,38.79,Debit Card,Cancelled,2023-09-03 22:23:00,2.7,65.0,Pune
ORD004610,CUST0151,Club Sandwich,Sandwiches,1,163.49,Digital Wallet,Delivered,2022-12-03 08:05:00,,,Pune
ORD006783,CUST0678,Cheese Burst Burger,Burgers,2,458.8,Credit Card,Delivered,19/07/2023 11:37,4.7,31.0,Bangalore
ORD002809,CUST0703,Cheese Burst Burger,Burgers,1,219.6,Credit Card,Delivered,2023-05-07 09:53:00,4.5,35.0,Chennai
ORD001791,CUST0348,Ice Cream Sundae,Desserts,1,145.19,UPI,Delivered,2022-12-26 15:59:00,2.7,,Chennai
ORD001792,CUST0512,Cold Coffee,Drinks,2,195.21,Debit Card,In Progress,10/03/2023 08:08,3.4,42.0,Bangalore
ORD005975,CUST0762,Farmhouse Pizza,Pizza,2,659.49,Credit Card,In Progress,2023-09-02 19:12:00,4.9,32.0,Chennai
ORD002855,CUST0216,Dal Makhani,Main Course,1,214.19,UPI,Delivered,2022-10-20 08:23:00,2.7,33.0,Hyderabad
ORD002980,CUST0761,Cheesecake,Desserts,3,526.12,Credit Card,Cancelled,2023-02-28 19:43:00,2.9,27.0,Chennai
ORD004233,CUST0791,Chicken Burger,Burgers,1,191.95,Debit Card,Delivered,2023-01-18 08:51:00,3.8,64.0,Pune
ORD004598,CUST0674,BBQ Chicken Pizza,Pizza,2,723.29,Cash,Delivered,2023-03-06 09:39:00,4.1,44.0,Pune
ORD001933,CUST0158,Chicken Tikka Masala,Main Course,1,316.06,UPI,Delivered,2023-10-26 08:17:00,2.9,60.0,Mumbai
ORD004963,CUST0140,Mango Lassi,DRINKS,3,244.47,Credit Card,In Progress,2022-12-28 08:10:00,3.0,70.0,Chennai
ORD006626,CUST0573,Cheesecake,Desserts,1,185.46,Credit Card,In Progress,2023-05-06 11:11:00,2.9,22.0,Chennai
ORD005179,CUST0252,Grilled Salmon,Main Course,2,894.75,UPI,In Progress,30/04/2023 12:05,2.7,69.0,Bangalore
ORD005026,CUST0518,BBQ Chicken Pizza,Pizza,2,749.15,Credit Card,Delivered,2022-10-26 21:28:00,3.3,42.0,Hyderabad
ORD005116,CUST0175,Chicken Fried Rice,Main Course,1,260.51,Debit Card,In Progress,2022-12-19 12:10:00,3.9,33.0,Hyderabad
ORD001988,CUST0776,Tandoori Roti,Breads,2,59.02,,Cancelled,2023-09-13 14:22:00,2.7,61.0,Bangalore
ORD005671,CUST0507,Veg Manchurian,Starters,1,159.34,UPI,Delivered,2022-11-12 12:01:00,2.7,68.0,Hyderabad
ORD004453,CUST0561,Margherita Pizza,Pizza,4,1115.88,Credit Card,Delivered,2022-10-14 15:49:00,4.9,27.0,Pune
ORD006880,CUST0019,Onion Rings,Starters,3,336.09,Debit Card,Delivered,2023-02-26 20:05:00,3.6,19.0,Pune
ORD004778,CUST0187,Cheese Burst Burger,Burgers,2,9999.0,UPI,Delivered,2023-05-06 09:46:00,4.0,67.0,Delhi
ORD006077,CUST0642,Strawberry Shake,Drinks,2,235.86,Debit Card,Delivered,25/08/2023 13:45,4.1,37.0,Hyderabad
ORD004093,CUST0477,Onion Rings,Starters,3,334.56,Cash,Delivered,2023-05-16 08:01:00,3.5,52.0,
ORD004155,CUST0402,BLT Sandwich,SANDWICHES,1,163.72,Debit Card,Delivered,2023-03-24 13:56:00,4.0,20.0,Delhi
ORD004201,CUST0284,Paratha,Breads,1,48.61,Debit Card,Delivered,2022-10-11 21:14:00,4.1,68.0,Pune
ORD005886,CUST0655,Tandoori Roti,Breads,2,62.28,UPI,Delivered,2023-08-22 16:48:00,2.5,71.0,Mumbai
ORD002098,CUST0701,Fresh Lime Soda,Drinks,5,291.4,UPI,Delivered,2023-01-17 21:48:00,3.1,26.0,Mumbai
ORD006027,CUST0049,Cold Coffee,Drinks,4,381.83,UPI,Delivered,2023-04-23 20:37:00,3.0,16.0,Pune
ORD003844,CUST0318,Chicken Tikka Masala,Main Course,1,328.13,Digital Wallet,Delivered,2022-11-28 19:51:00,2.9,56.0,Delhi
ORD001886,CUST0391,Tiramisu,Desserts,1,203.55,UPI,Delivered,2023-07-14 08:54:00,4.0,41.0,Delhi
ORD006978,CUST0193,Paneer Butter Masala,Main Course,3,833.28,UPI,Delivered,2023-02-14 16:34:00,3.5,73.0,Hyderabad
ORD005696,CUST0058,Ice Cream Sundae,Desserts,5,739.55,Cash,Delivered,2023-03-13 20:57:00,3.3,31.0,
ORD001515,CUST0794,Club Sandwich,Sandwiches,5,782.77,Net Banking,Cancelled,2023-03-16 19:31:00,4.7,39.0,Chennai
ORD006589,CUST0116,Pepperoni Pizza,Pizza,1,346.75,Cash,Delivered,31/05/2023 22:21,4.0,48.0,Mumbai
ORD002453,CUST0449,Cold Brew Coffee,Drinks,1,155.34,Debit Card,Delivered,2023-06-06 12:51:00,4.9,35.0,Mumbai
ORD004553,CUST0482,Egg Curry,Main Course,1,185.02,Cash,Pending,2023-08-31 13:04:00,3.7,17.0,Mumbai
ORD004609,CUST0639,Spring Rolls,Starters,1,117.27,Credit Card,Delivered,2023-04-30 08:39:00,4.2,30.0,Delhi
ORD003506,CUST0170,Chicken Biryani,Main Course,1,341.48,UPI,Pending,2023-08-06 15:11:00,4.0,15.0,Hyderabad
ORD003994,CUST0260,Strawberry Shake,Drinks,1,115.76,Debit Card,In Progress,2023-01-08 20:13:00,3.2,55.0,
ORD004999,CUST0791,Paneer Butter Masala,Main Course,2,537.92,Digital Wallet,In Progress,2023-09-15 12:13:00,4.7,53.0,Bangalore
ORD006743,CUST0711,Bruschetta,Starters,1,124.36,Net Banking,Pending,2023-07-30 17:12:00,4.5,46.0,Hyderabad
ORD001906,CUST0387,Onion Rings,Starters,2,214.16,Digital Wallet,Delivered,2023-01-20 12:56:00,4.8,38.0,Bangalore
ORD001028,CUST0041,Mushroom Risotto,Main Course,2,626.5,Digital Wallet,Delivered,2023-07-19 12:38:00,3.5,52.0,Chennai
ORD003507,CUST0598,Tiramisu,Desserts,2,382.91,UPI,Delivered,2023-05-21 21:36:00,3.0,37.0,Hyderabad
ORD003428,CUST0146,Paratha,Breads,4,202.59,Net Banking,Delivered,2023-04-23 12:06:00,4.7,42.0,Mumbai
ORD001762,CUST0654,Pasta Arrabbiata,Main Course,2,466.22,,Pending,2023-10-16 21:17:00,4.6,73.0,Hyderabad
ORD004747,CUST0561,Club Sandwich,Sandwiches,2,324.08,Debit Card,Delivered,2023-01-29 11:56:00,3.9,55.0,Bangalore
ORD001284,CUST0464,Veg Supreme Pizza,Pizza,2,590.9,Debit Card,Delivered,2022-11-19 13:44:00,3.3,66.0,Pune
ORD001686,CUST0033,Masala Chai,Drinks,3,121.58,Net Banking,Pending,2023-02-16 10:08:00,2.6,23.0,Mumbai
ORD003353,CUST0756,Tandoori Roti,Breads,1,30.87,Debit Card,Delivered,2023-05-10 20:38:00,3.4,51.0,Delhi
ORD005872,CUST0070,Grilled Sandwich,Sandwiches,1,138.63,Cash,Delivered,2023-01-04 13:20:00,4.6,51.0,Bangalore
ORD001021,CUST0434,Mango Lassi,Drinks,3,232.57,UPI,Cancelled,2022-11-19 19:22:00,4.7,18.0,Pune
ORD003752,CUST0398,Kheer,DESSERTS,3,268.09,Debit Card,Cancelled,2023-04-12 08:03:00,3.6,29.0,Hyderabad
ORD001885,CUST0064,Grilled Salmon,Main Course,1,467.55,UPI,Delivered,2023-09-21 08:08:00,3.3,55.0,Hyderabad
ORD001917,CUST0582,Ice Cream Sundae,Desserts,1,154.28,Net Banking,Pending,2022-12-11 09:21:00,4.8,51.0,
ORD002040,CUST0617,Mutton Curry,Main Course,2,728.63,Cash,Delivered,2022-11-24 09:47:00,4.0,73.0,Pune
ORD002265,CUST0316,Margherita Pizza,Pizza,1,286.39,UPI,Cancelled,2023-03-23 19:02:00,3.1,71.0,Delhi
ORD006607,CUST0186,Paneer Tikka,Starters,2,405.63,Debit Card,Delivered,2023-05-09 21:30:00,2.6,47.0,Mumbai
ORD001277,CUST0419,Bruschetta,Starters,4,504.9,Net Banking,Cancelled,2023-02-27 20:04:00,2.8,34.0,Delhi
ORD003084,CUST0704,Tandoori Roti,Breads,4,114.47,Digital Wallet,Delivered,2023-10-12 14:38:00,4.3,74.0,Hyderabad
ORD002245,CUST0522,Fish Curry,Main Course,1,329.24,Cash,Delivered,2023-10-28 18:52:00,4.7,52.0,Chennai
ORD003382,CUST0160,Chicken Burger,Burgers,4,782.09,UPI,Pending,2023-06-13 13:49:00,4.6,,Hyderabad
ORD001571,CUST0020,Watermelon Juice,Drinks,1,68.4,Debit Card,In Progress,2023-09-03 13:06:00,3.5,39.0,Chennai
ORD002435,CUST0401,Tiramisu,Desserts,1,206.45,Credit Card,In Progress,2023-10-27 22:15:00,3.5,52.0,Delhi
ORD004902,CUST0703,Grilled Salmon,Main Course,1,449.87,Net Banking,Cancelled,2023-09-06 15:37:00,4.5,38.0,Bangalore
ORD002247,CUST0538,Veg Manchurian,Starters,1,159.89,Digital Wallet,Pending,2022-10-25 17:57:00,4.6,42.0,Bangalore
ORD004526,CUST0165,Tandoori Roti,Breads,1,30.53,Digital Wallet,Delivered,2022-11-15 20:32:00,3.6,52.0,Bangalore
ORD003514,CUST0122,Cold Coffee,Drinks,4,409.24,,Delivered,2023-07-16 08:19:00,3.8,51.0,Hyderabad
ORD002007,CUST0158,Paratha,Breads,1,50.79,Debit Card,Cancelled,2023-06-19 18:26:00,3.4,,Delhi
ORD006242,CUST0663,Cheese Burst Burger,Burgers,2,457.24,Credit Card,Delivered,2023-04-23 19:27:00,4.2,44.0,Pune
ORD003064,CUST0769,Cheesecake,Desserts,2,355.74,Debit Card,Delivered,2023-06-22 08:03:00,3.7,63.0,Pune
ORD005781,CUST0435,Strawberry Shake,Drinks,3,370.86,Debit Card,In Progress,2022-10-23 09:33:00,4.0,51.0,Bangalore
ORD002690,CUST0428,Watermelon Juice,Drinks,2,146.51,UPI,Pending,2022-11-02 14:56:00,3.9,74.0,Bangalore
ORD006223,CUST0185,Cheesecake,Desserts,1,183.12,Net Banking,In Progress,2023-08-16 08:36:00,4.2,45.0,Hyderabad
ORD002985,CUST0177,Chicken Burger,Burgers,2,391.46,Debit Card,Delivered,2022-11-04 20:22:00,3.1,57.0,Bangalore
ORD001294,CUST0455,Chicken Tikka Masala,Main Course,2,654.0,UPI,Delivered,2023-06-09 13:53:00,2.7,16.0,Delhi
ORD002547,CUST0428,Veg Fried Rice,Main Course,1,209.41,Credit Card,Delivered,2022-11-02 08:23:00,4.9,59.0,Delhi
ORD003012,CUST0095,Veg Manchurian,Starters,1,162.77,Digital Wallet,In Progress,2023-08-27 16:17:00,4.0,75.0,Delhi
ORD001588,CUST0473,Chicken Fried Rice,Main Course,1,248.49,Credit Card,Cancelled,2023-03-05 20:18:00,3.2,73.0,Mumbai
ORD004329,CUST0460,Kheer,Desserts,2,188.69,Digital Wallet,Pending,2022-11-15 09:12:00,3.1,60.0,Bangalore
ORD003403,CUST0436,Chicken Burger,Burgers,2,402.14,Digital Wallet,Delivered,2022-10-17 13:06:00,3.0,69.0,Delhi
ORD003129,CUST0441,Egg Curry,Main Course,1,187.93,Digital Wallet,Cancelled,2023-07-20 12:45:00,3.7,,Pune
ORD004998,CUST0110,Margherita Pizza,Pizza,1,292.52,Debit Card,Cancelled,2023-03-22 12:35:00,4.8,26.0,Hyderabad
ORD006300,CUST0346,Tiramisu,Desserts,5,1031.54,Debit Card,In Progress,2022-11-15 08:10:00,3.5,35.0,Chennai
ORD004741,CUST0679,Spring Rolls,Starters,1,118.62,UPI,In Progress,2023-03-16 19:28:00,4.5,73.0,Bangalore
ORD004508,CUST0484,Cold Brew Coffee,Drinks,1,145.7,Net Banking,Delivered,2022-12-26 19:51:00,,57.0,Hyderabad
ORD003719,CUST0392,Spring Rolls,Starters,3,375.41,Cash,Delivered,2022-11-21 10:34:00,3.3,45.0,Mumbai
ORD005521,CUST0537,Watermelon Juice,Drinks,2,146.21,Digital Wallet,In Progress,2023-06-25 19:58:00,2.8,67.0,Pune
ORD006514,CUST0796,Margherita Pizza,Pizza,2,552.0,Debit Card,In Progress,2023-10-09 16:50:00,3.5,68.0,
ORD006520,CUST0574,Tiramisu,Desserts,2,417.91,Digital Wallet,Delivered,2023-02-19 13:51:00,4.3,49.0,Bangalore
ORD001556,CUST0376,Mushroom Risotto,Main Course,1,286.13,Digital Wallet,Delivered,2023-04-01 09:16:00,3.1,66.0,Bangalore
ORD003469,CUST0234,Mushroom Risotto,Main Course,2,622.94,Net Banking,Delivered,2022-10-18 12:02:00,3.6,73.0,Hyderabad
ORD004738,CUST0503,Garlic Bread,Starters,2,186.86,Credit Card,Delivered,2022-12-09 12:35:00,4.8,29.0,Hyderabad
ORD005286,CUST0069,Paneer Tikka,Starters,4,790.8,Digital Wallet,Delivered,2023-06-02 19:35:00,4.6,52.0,Mumbai
ORD006477,CUST0330,Butter Chicken,Main Course,1,322.31,Credit Card,Delivered,2023-09-28 12:23:00,3.7,27.0,Pune
ORD002716,CUST0699,Farmhouse Pizza,Pizza,1,326.66,Digital Wallet,Delivered,2022-12-26 20:52:00,5.0,15.0,Pune
ORD003604,CUST0392,Strawberry Shake,Drinks,4,469.98,Debit Card,Delivered,2022-10-30 13:26:00,3.3,24.0,Delhi
ORD005991,CUST0630,Mushroom Risotto,Main Course,1,308.98,Digital Wallet,Cancelled,2022-12-06 12:52:00,3.3,54.0,Bangalore
ORD002704,CUST0004,Chicken Soup,Starters,1,148.03,Digital Wallet,Delivered,2022-10-22 08:12:00,2.5,57.0,Bangalore
ORD003139,CUST0204,Dal Makhani,Main Course,1,214.37,Cash,Pending,2023-03-11 19:30:00,4.3,32.0,Chennai
ORD004239,CUST0645,Mojito,Drinks,2,266.15,Credit Card,Pending,2023-02-12 09:33:00,4.7,15.0,Bangalore
ORD003383,CUST0329,Cold Brew Coffee,Drinks,4,577.34,Net Banking,Delivered,2023-05-30 12:21:00,2.8,64.0,Mumbai
ORD005311,CUST0117,Veg Manchurian,Starters,3,464.58,Net Banking,Cancelled,2022-12-20 19:41:00,4.9,32.0,Delhi
ORD002285,CUST0216,Veg Fried Rice,Main Course,5,987.13,Debit Card,In Progress,2023-08-06 12:29:00,4.3,,Delhi
ORD006153,CUST0594,Bruschetta,Starters,2,267.23,Digital Wallet,Delivered,2023-03-02 16:24:00,2.6,37.0,Pune
ORD006410,CUST0622,Veg Biryani,Main Course,1,262.52,Credit Card,Delivered,2022-12-11 20:08:00,3.1,31.0,Mumbai
ORD004930,CUST0422,BBQ Chicken Pizza,Pizza,2,764.38,Digital Wallet,In Progress,2023-09-22 08:09:00,2.5,53.0,Mumbai
ORD005581,CUST0710,Dal Makhani,Main Course,1,211.12,Debit Card,Delivered,2023-01-02 20:28:00,3.2,50.0,Bangalore
ORD002591,CUST0248,Egg Curry,Main Course,3,539.74,UPI,Delivered,2022-11-06 19:19:00,4.6,49.0,Pune
ORD006362,CUST0512,Lamb Rogan Josh,Main Course,4,1590.86,Debit Card,Delivered,2022-11-24 18:18:00,4.1,64.0,Bangalore
ORD003162,CUST0376,Butter Chicken,Main Course,1,314.19,Cash,Delivered,2022-12-19 11:50:00,2.9,50.0,Chennai
ORD003396,CUST0205,Veg Biryani,Main Course,2,543.07,Digital Wallet,Cancelled,2023-08-06 20:30:00,4.4,72.0,Bangalore
ORD001317,CUST0325,Kheer,Desserts,2,180.51,Credit Card,Cancelled,2022-10-07 22:59:00,,51.0,Hyderabad
ORD006436,CUST0279,Watermelon Juice,Drinks,1,67.88,Net Banking,Delivered,2023-06-12 13:48:00,2.9,24.0,Mumbai
ORD004111,CUST0645,Chicken Tikka Masala,Main Course,1,338.52,Net Banking,Delivered,2023-03-13 13:16:00,3.4,38.0,Pune
ORD005036,CUST0637,Masala Chai,Drinks,2,80.98,Net Banking,Delivered,2022-11-12 15:27:00,3.5,20.0,Delhi
ORD001795,CUST0507,Pepperoni Pizza,Pizza,1,357.21,,Cancelled,2023-05-12 09:57:00,3.4,60.0,
ORD004020,CUST0209,Chocolate Brownie,Desserts,2,250.22,Cash,Delivered,2023-06-12 14:06:00,4.8,19.0,Chennai
ORD002711,CUST0779,Cold Brew Coffee,Drinks,1,154.51,Digital Wallet,Pending,2023-01-27 08:19:00,4.8,20.0,Pune
ORD004387,CUST0181,Veg Biryani,Main Course,3,779.72,Cash,Delivered,2023-10-13 13:46:00,2.6,37.0,Pune
ORD001036,CUST0037,BLT Sandwich,Sandwiches,1,177.57,Debit Card,Pending,2023-09-19 21:34:00,3.9,42.0,Delhi
ORD005549,CUST0391,Rasgulla,Desserts,1,71.33,Credit Card,In Progress,2023-10-06 21:40:00,3.7,56.0,Chennai
ORD001913,CUST0768,Naan,Breads,5,209.03,Credit Card,Cancelled,2023-04-22 11:46:00,,52.0,Chennai
ORD004972,CUST0146,Chicken Soup,Starters,2,289.31,Credit Card,Delivered,2023-04-03 12:17:00,3.6,58.0,Pune
ORD005133,CUST0241,Ice Cream Sundae,Desserts,1,151.86,Cash,Pending,2023-07-21 12:13:00,4.0,63.0,Delhi
ORD001974,CUST0488,Margherita Pizza,Pizza,3,864.69,Net Banking,In Progress,2023-03-28 13:59:00,4.8,61.0,Hyderabad
ORD001983,CUST0110,Paratha,Breads,4,192.53,UPI,Delivered,2023-09-05 18:14:00,3.8,44.0,Bangalore
ORD005940,CUST0349,Mango Lassi,Drinks,1,80.09,UPI,In Progress,2022-11-20 21:05:00,4.6,64.0,Delhi
ORD002418,CUST0550,Mutton Curry,Main Course,2,727.04,UPI,Delivered,2023-06-01 13:26:00,4.6,66.0,Pune
ORD002560,CUST0731,Veg Manchurian,Starters,1,153.09,Credit Card,Delivered,2022-12-17 09:10:00,4.4,,Bangalore
ORD005135,CUST0476,Naan,Breads,5,200.4,Cash,Delivered,2023-03-22 20:01:00,3.4,16.0,Hyderabad
ORD005265,CUST0582,Ice Cream Sundae,Desserts,2,293.67,Cash,In Progress,2023-05-29 17:14:00,2.7,22.0,Hyderabad
ORD002355,CUST0333,Ice Cream Sundae,Desserts,5,757.47,Digital Wallet,Delivered,2023-10-10 13:01:00,2.9,55.0,Hyderabad
ORD006746,CUST0509,BLT Sandwich,Sandwiches,4,646.01,Digital Wallet,In Progress,2022-10-06 11:34:00,4.4,41.0,Bangalore
ORD001987,CUST0402,Masala Chai,Drinks,3,114.63,Debit Card,In Progress,2022-12-31 21:46:00,,25.0,Mumbai
ORD003682,CUST0028,Chicken Soup,Starters,1,153.61,UPI,Cancelled,2022-11-19 12:09:00,3.7,21.0,Bangalore
ORD002640,CUST0544,Veg Burger,Burgers,1,145.79,Credit Card,Delivered,2023-07-27 19:38:00,4.9,38.0,Mumbai
ORD002290,CUST0578,Naan,Breads,2,76.82,Cash,Delivered,2023-01-19 12:16:00,4.5,52.0,Pune
ORD004681,CUST0652,Mushroom Risotto,Main Course,2,595.96,Net Banking,Pending,2023-05-29 08:05:00,4.2,22.0,Delhi
ORD002380,CUST0520,Veg Fried Rice,Main Course,3,606.08,UPI,Pending,2023-06-10 19:21:00,3.2,56.0,Bangalore
ORD002933,CUST0115,Chicken Burger,Burgers,2,403.82,Cash,Cancelled,2023-07-27 13:09:00,4.9,61.0,Chennai
ORD006093,CUST0742,Paneer Tikka,Starters,5,1036.53,Net Banking,In Progress,2023-10-12 14:10:00,2.9,73.0,Delhi
ORD004160,CUST0173,Mutton Curry,Main Course,1,367.86,Cash,Delivered,2023-01-26 19:08:00,4.7,73.0,Hyderabad
ORD003030,CUST0225,Chicken Tikka Masala,Main Course,2,676.19,Net Banking,Delivered,2023-05-18 10:35:00,4.7,74.0,Chennai
ORD001892,CUST0573,Pepperoni Pizza,Pizza,2,712.48,Cash,Cancelled,2022-10-30 12:52:00,3.4,,Pune
ORD005069,CUST0534,Garlic Naan,Breads,2,114.96,Cash,Pending,2023-02-04 16:42:00,2.7,22.0,Mumbai
ORD005255,CUST0563,Dal Makhani,Main Course,1,209.13,Cash,Delivered,2023-01-01 15:42:00,4.5,26.0,Mumbai
ORD001002,CUST0007,Masala Chai,Drinks,2,77.76,Credit Card,In Progress,2023-07-29 12:55:00,3.6,32.0,Delhi
ORD003109,CUST0383,Fresh Lime Soda,Drinks,2,119.82,Digital Wallet,Delivered,2023-02-04 12:46:00,4.6,70.0,Pune
ORD001849,CUST0124,Chicken Biryani,Main Course,1,365.81,Debit Card,Pending,2023-08-05 20:07:00,3.2,48.0,Delhi
ORD003737,CUST0147,Mutton Curry,Main Course,3,1096.88,Digital Wallet,Delivered,2023-09-03 09:14:00,3.0,50.0,Delhi
ORD003466,CUST0711,Garlic Bread,Starters,2,187.64,Cash,Pending,2022-11-04 13:19:00,3.4,48.0,Pune
ORD002914,CUST0529,Rasgulla,Desserts,1,71.84,Cash,Pending,2022-11-16 14:27:00,2.5,21.0,Pune
ORD002596,CUST0390,Mushroom Risotto,Main Course,2,622.84,Cash,Cancelled,2023-09-16 14:01:00,4.4,20.0,Hyderabad
ORD002913,CUST0028,Veg Manchurian,Starters,3,494.27,Net Banking,Cancelled,2023-06-21 09:13:00,3.9,21.0,Hyderabad
ORD006707,CUST0676,Veg Fried Rice,Main Course,3,621.3,Credit Card,Delivered,2023-06-08 11:35:00,4.4,72.0,Bangalore
ORD003736,CUST0145,Mojito,Drinks,5,669.77,Cash,Cancelled,2022-11-21 14:34:00,3.5,27.0,Chennai
ORD001726,CUST0548,Garlic Naan,Breads,3,175.89,Digital Wallet,Delivered,2023-09-23 19:06:00,,15.0,Delhi
ORD001053,CUST0517,Garlic Bread,Starters,5,467.61,UPI,Pending,2023-08-10 20:57:00,3.6,25.0,Pune
ORD002796,CUST0055,Dal Makhani,Main Course,1,214.14,Cash,In Progress,2023-04-10 18:07:00,3.4,59.0,Pune
ORD004845,CUST0129,Spring Rolls,Starters,3,358.42,Cash,Delivered,2023-06-16 13:26:00,,15.0,Bangalore
ORD003553,CUST0776,Veg Manchurian,Starters,2,314.85,Debit Card,Pending,2023-09-18 10:29:00,3.7,53.0,Bangalore
ORD003800,CUST0554,Veg Manchurian,Starters,2,304.73,Digital Wallet,Cancelled,2023-06-18 09:44:00,3.7,62.0,Pune
ORD001936,CUST0197,Mango Lassi,Drinks,1,76.13,Net Banking,In Progress,2022-10-15 22:21:00,2.7,71.0,Mumbai
ORD005989,CUST0749,Chicken Soup,Starters,3,430.52,UPI,In Progress,2023-04-25 10:26:00,4.4,48.0,Hyderabad
ORD001824,CUST0133,Mushroom Risotto,Main Course,2,586.95,Credit Card,Delivered,2023-10-19 08:30:00,,46.0,Mumbai
ORD005321,CUST0640,Butter Chicken,Main Course,3,944.09,UPI,Cancelled,2023-08-27 08:04:00,4.2,22.0,Delhi
ORD004401,CUST0170,Palak Paneer,Main Course,2,528.75,Cash,Delivered,08/10/2023 12:14,3.4,51.0,Hyderabad
ORD002389,CUST0392,Masala Chai,Drinks,1,41.33,Debit Card,Pending,2022-10-13 12:50:00,3.9,27.0,Delhi
ORD004564,CUST0311,Chicken Biryani,Main Course,4,1342.3,Net Banking,Cancelled,2023-01-06 13:51:00,3.6,52.0,Chennai
ORD001884,CUST0593,Veg Biryani,Main Course,3,789.33,Cash,Delivered,2023-10-27 09:28:00,4.9,73.0,Mumbai
ORD002868,CUST0632,Cold Coffee,Drinks,2,195.68,UPI,Cancelled,2023-02-23 20:33:00,4.0,60.0,Hyderabad
ORD001010,CUST0522,Chicken Soup,Starters,2,302.51,UPI,Delivered,2023-04-04 11:08:00,4.4,70.0,Mumbai
ORD004415,CUST0477,Butter Chicken,Main Course,1,333.49,Cash,In Progress,2022-11-01 21:51:00,3.5,54.0,Bangalore
ORD002463,CUST0472,Paratha,Breads,3,145.86,Digital Wallet,Cancelled,2023-02-15 17:03:00,3.7,42.0,Mumbai
ORD001806,CUST0230,Spring Rolls,Starters,2,228.97,Net Banking,In Progress,2023-03-24 22:43:00,4.3,74.0,Hyderabad
ORD005760,CUST0299,Tiramisu,Desserts,4,761.74,Debit Card,Delivered,2023-08-02 17:35:00,4.0,25.0,Chennai
ORD005068,CUST0756,Lamb Rogan Josh,Main Course,1,415.77,,Pending,2023-02-08 20:28:00,2.6,55.0,Bangalore
ORD003108,CUST0739,Garlic Bread,Starters,1,91.88,Cash,Pending,2023-06-23 20:11:00,4.1,51.0,Pune
ORD006110,CUST0715,Gulab Jamun,Desserts,4,308.12,Debit Card,In Progress,2023-03-26 22:57:00,3.6,16.0,Pune
ORD003209,CUST0769,Strawberry Shake,Drinks,1,118.03,UPI,Delivered,2022-11-28 21:34:00,3.5,21.0,Delhi
ORD003234,CUST0303,Grilled Sandwich,Sandwiches,1,142.63,Debit Card,Delivered,2022-10-25 11:58:00,2.8,53.0,Mumbai
ORD001963,CUST0100,Margherita Pizza,Pizza,2,532.36,Cash,In Progress,2022-12-26 20:00:00,3.5,41.0,Pune
ORD005494,CUST0727,Onion Rings,Starters,4,439.84,Digital Wallet,Pending,2023-08-30 08:08:00,2.7,51.0,Chennai
ORD003632,CUST0155,Dal Makhani,Main Course,4,920.43,Credit Card,Pending,2023-09-16 14:05:00,3.5,21.0,Delhi
ORD001704,CUST0335,Tiramisu,Desserts,2,396.47,UPI,Pending,2023-03-25 19:50:00,4.2,48.0,Chennai
ORD001431,CUST0615,Paneer Butter Masala,Main Course,2,541.72,Digital Wallet,Delivered,2022-12-05 09:42:00,3.8,39.0,Hyderabad
ORD005388,CUST0729,Butter Chicken,Main Course,5,1529.87,,Delivered,2023-04-20 10:09:00,3.4,19.0,Hyderabad
ORD001145,CUST0544,Margherita Pizza,Pizza,1,287.82,Digital Wallet,Delivered,2022-11-09 15:07:00,4.8,37.0,Bangalore
ORD003033,CUST0188,Fresh Lime Soda,Drinks,1,57.48,Net Banking,Delivered,2023-04-22 09:36:00,4.0,49.0,Bangalore
ORD006078,CUST0426,Veg Manchurian,Starters,1,157.32,UPI,Delivered,2023-06-27 21:31:00,3.8,48.0,Bangalore
ORD002165,CUST0540,Veg Fried Rice,Main Course,2,415.97,Credit Card,Delivered,2023-05-19 22:56:00,4.8,37.0,Bangalore
ORD004500,CUST0714,Naan,Breads,2,78.35,UPI,In Progress,2022-11-13 22:48:00,4.2,37.0,
ORD003050,CUST0161,Rasgulla,Desserts,1,69.25,Debit Card,Delivered,2023-05-23 13:54:00,2.5,25.0,Pune
ORD004760,CUST0327,Farmhouse Pizza,Pizza,4,1286.38,UPI,Delivered,2022-10-22 13:00:00,4.4,26.0,Mumbai
ORD003624,CUST0320,Tiramisu,Desserts,3,623.18,UPI,Pending,2023-04-04 20:36:00,3.9,68.0,Mumbai
ORD005484,CUST0110,Paneer Tikka,Starters,1,197.94,UPI,Cancelled,2023-10-01 19:13:00,4.0,36.0,Delhi
ORD005435,CUST0374,Paneer Butter Masala,Main Course,3,862.24,Credit Card,In Progress,2023-09-19 16:00:00,3.5,54.0,Pune
ORD005823,CUST0203,Lamb Rogan Josh,Main Course,3,1161.2,,Delivered,2022-10-04 08:03:00,2.7,65.0,
ORD005693,CUST0639,Veg Manchurian,Starters,1,162.09,Digital Wallet,Delivered,2022-10-26 21:07:00,4.8,36.0,Bangalore
ORD005361,CUST0655,Bruschetta,Starters,2,251.62,Cash,Delivered,2023-03-24 12:41:00,5.0,74.0,Bangalore
ORD003424,CUST0058,Grilled Salmon,Main Course,1,468.35,Cash,Delivered,2023-08-10 18:08:00,3.1,46.0,Hyderabad
ORD002262,CUST0117,Cold Brew Coffee,Drinks,2,288.47,Debit Card,In Progress,2023-05-26 21:42:00,3.5,23.0,Hyderabad
ORD002771,CUST0400,Ice Cream Sundae,Desserts,1,155.6,Credit Card,Delivered,2023-04-18 12:40:00,4.9,38.0,Bangalore
ORD004511,CUST0609,Cheesecake,Desserts,4,753.13,Debit Card,Delivered,2022-10-20 19:33:00,4.8,74.0,Mumbai
ORD001271,CUST0309,Grilled Sandwich,Sandwiches,2,270.75,Debit Card,Cancelled,2023-04-13 09:17:00,2.9,,Hyderabad
ORD001244,CUST0308,Chocolate Brownie,Desserts,1,123.05,Net Banking,Delivered,2023-05-31 12:14:00,4.5,73.0,Mumbai
ORD006878,CUST0092,Veg Manchurian,Starters,1,160.63,UPI,Delivered,2023-10-17 12:04:00,4.8,18.0,Pune
ORD005572,CUST0271,Paneer Butter Masala,Main Course,1,292.41,Digital Wallet,In Progress,2023-06-23 09:13:00,2.8,22.0,Chennai
ORD003032,CUST0284,Cold Brew Coffee,Drinks,1,147.51,Net Banking,Delivered,2023-05-17 20:59:00,3.5,43.0,Chennai
ORD006890,CUST0645,Cold Brew Coffee,Drinks,1,150.55,Debit Card,Delivered,2022-11-12 13:45:00,3.4,30.0,Chennai
ORD001813,CUST0744,Tiramisu,Desserts,2,407.67,UPI,Delivered,2023-09-02 21:38:00,4.0,54.0,Bangalore
ORD004810,CUST0422,Dal Makhani,Main Course,1,217.13,Debit Card,In Progress,2022-10-28 19:55:00,2.9,26.0,Bangalore
ORD006041,CUST0758,Fish Curry,Main Course,3,996.69,Debit Card,Pending,2023-08-23 21:27:00,4.1,44.0,Bangalore
ORD002804,CUST0768,Cold Brew Coffee,Drinks,2,297.53,Credit Card,Delivered,2022-10-16 19:11:00,3.9,61.0,Delhi
ORD005346,CUST0353,Paneer Tikka,Starters,1,194.12,Debit Card,In Progress,2023-10-14 18:48:00,5.0,,Chennai
ORD003461,CUST0494,Strawberry Shake,Drinks,1,120.01,,Delivered,2023-03-22 19:20:00,2.9,40.0,Pune
ORD001545,CUST0133,Veg Burger,Burgers,2,288.31,Credit Card,Delivered,2023-06-25 19:02:00,3.0,46.0,Delhi
ORD004241,CUST0598,Cheese Burst Burger,Burgers,2,451.94,Digital Wallet,Cancelled,2023-06-06 19:02:00,4.5,41.0,Mumbai
ORD001738,CUST0418,Paneer Tikka,Starters,3,628.88,,Delivered,2023-05-06 11:14:00,2.8,22.0,Chennai
ORD001310,CUST0124,Grilled Sandwich,Sandwiches,2,278.46,,In Progress,2022-10-05 19:52:00,2.8,19.0,Delhi
ORD004521,CUST0022,BBQ Chicken Pizza,Pizza,5,1844.89,UPI,Delivered,2023-10-23 20:53:00,4.5,46.0,
ORD002131,CUST0601,Chocolate Brownie,Desserts,3,358.18,UPI,Delivered,2022-10-18 21:16:00,4.0,71.0,Pune
ORD006966,CUST0115,Tandoori Roti,Breads,1,29.87,Cash,Delivered,2023-03-21 13:50:00,2.9,74.0,Hyderabad
ORD005111,CUST0298,Cheesecake,Desserts,3,556.05,Credit Card,Cancelled,2022-11-14 08:32:00,2.9,23.0,Hyderabad
ORD003769,CUST0317,Egg Curry,Main Course,2,360.51,Cash,In Progress,2023-04-07 13:38:00,3.6,54.0,Delhi
ORD001920,CUST0676,Margherita Pizza,PIZZA,1,292.96,Digital Wallet,Delivered,2023-02-23 11:18:00,3.6,38.0,Chennai
ORD004587,CUST0065,Veg Burger,Burgers,1,144.27,Digital Wallet,Delivered,2023-05-09 08:41:00,4.7,57.0,Pune
ORD004959,CUST0720,Veg Biryani,Main Course,2,538.08,UPI,Cancelled,2023-04-14 12:58:00,3.0,20.0,Bangalore
ORD001038,CUST0243,Grilled Sandwich,Sandwiches,4,554.76,Credit Card,Delivered,2023-08-14 20:59:00,4.7,16.0,Delhi
ORD005459,CUST0459,Ice Cream Sundae,Desserts,1,153.58,Credit Card,Delivered,2022-10-27 17:32:00,3.7,15.0,Chennai
ORD005278,CUST0041,Grilled Salmon,Main Course,4,1716.65,Digital Wallet,Cancelled,2023-10-25 18:39:00,3.6,19.0,Chennai
ORD003983,CUST0703,Fish Fingers,Starters,1,220.94,Cash,Cancelled,2023-06-16 13:01:00,3.7,33.0,Bangalore
ORD002331,CUST0485,Bruschetta,Starters,2,267.86,Net Banking,Delivered,2023-05-19 15:49:00,4.6,38.0,Mumbai
ORD003667,CUST0769,Mojito,Drinks,2,250.33,Debit Card,In Progress,2023-01-20 08:37:00,4.8,39.0,Chennai
ORD004223,CUST0262,Spring Rolls,Starters,3,363.02,Debit Card,Delivered,19/07/2023 13:41,4.0,28.0,Hyderabad
ORD002182,CUST0026,Fresh Lime Soda,Drinks,4,240.48,Digital Wallet,Cancelled,2023-02-04 10:30:00,3.5,,Mumbai
ORD001614,CUST0537,Tiramisu,Desserts,4,772.33,Debit Card,Delivered,2023-03-24 21:46:00,,70.0,Mumbai
ORD006948,CUST0079,Tiramisu,Desserts,2,407.46,Digital Wallet,Delivered,2023-05-24 21:34:00,4.6,49.0,Delhi
ORD002466,CUST0318,Chicken Soup,Starters,3,433.5,Digital Wallet,In Progress,2023-04-21 11:28:00,4.2,36.0,
ORD005497,CUST0773,Paratha,Breads,1,50.93,,Pending,2023-05-21 08:17:00,,54.0,Mumbai
ORD004042,CUST0046,Rasgulla,Desserts,1,68.57,Debit Card,In Progress,2023-01-04 21:51:00,5.0,71.0,Pune
ORD001934,CUST0651,Strawberry Shake,Drinks,4,481.55,Digital Wallet,In Progress,2023-05-15 19:53:00,4.2,57.0,Mumbai
ORD003419,CUST0117,Fish Fingers,Starters,4,906.87,Digital Wallet,In Progress,2023-03-26 21:03:00,3.1,36.0,Bangalore
ORD006464,CUST0653,Kheer,Desserts,2,173.09,Debit Card,Pending,2023-05-12 13:13:00,4.4,37.0,Delhi
ORD005904,CUST0121,Grilled Salmon,Main Course,4,1807.47,Digital Wallet,Delivered,2023-04-28 12:36:00,4.7,51.0,
ORD001826,CUST0346,Tiramisu,DESSERTS,2,386.99,UPI,Delivered,2023-06-15 08:04:00,4.0,22.0,Chennai
ORD002521,CUST0605,Garlic Naan,Breads,1,62.9,UPI,Delivered,2023-06-11 08:57:00,3.4,31.0,Delhi
ORD003930,CUST0552,Chocolate Brownie,Desserts,1,114.33,Digital Wallet,Cancelled,2023-02-06 13:24:00,4.0,72.0,Hyderabad
ORD005232,CUST0543,Farmhouse Pizza,Pizza,1,321.25,Credit Card,Delivered,2022-12-24 12:57:00,3.2,15.0,Mumbai
ORD001628,CUST0080,Fish Curry,Main Course,3,1024.54,Net Banking,In Progress,2023-01-29 09:42:00,3.9,46.0,Mumbai
ORD005430,CUST0792,Classic Burger,Burgers,1,178.2,Net Banking,Delivered,2023-08-09 21:46:00,,16.0,Hyderabad
ORD004853,CUST0315,Palak Paneer,Main Course,3,792.0,Net Banking,Cancelled,2023-07-19 20:22:00,4.4,69.0,Pune
ORD001390,CUST0668,Cheesecake,Desserts,5,912.65,Debit Card,Delivered,2023-02-19 12:45:00,2.9,63.0,Delhi
ORD005345,CUST0085,Classic Burger,Burgers,2,347.88,Credit Card,Cancelled,2023-01-31 13:15:00,3.4,72.0,Bangalore
ORD006909,CUST0650,Mutton Curry,Main Course,4,1446.21,Cash,Delivered,2023-04-23 10:31:00,4.1,51.0,Mumbai
ORD004990,CUST0362,BLT Sandwich,Sandwiches,2,344.49,Cash,Pending,2023-01-29 18:43:00,2.9,27.0,Pune
ORD001400,CUST0205,Egg Curry,Main Course,2,376.75,Net Banking,Delivered,2023-04-15 08:34:00,4.9,,Bangalore
ORD004359,CUST0439,Mojito,Drinks,2,248.33,Cash,Cancelled,2023-04-27 11:21:00,,64.0,Chennai
ORD001046,CUST0694,Rasgulla,Desserts,2,140.76,Net Banking,Delivered,2023-01-07 13:24:00,4.0,34.0,Hyderabad
ORD006810,CUST0705,Garlic Naan,Breads,4,248.48,Net Banking,Delivered,2023-02-16 11:34:00,3.6,21.0,Chennai
ORD006969,CUST0244,Kheer,Desserts,1,89.29,Credit Card,Delivered,2023-03-28 08:45:00,4.7,53.0,Pune
ORD004642,CUST0571,Fish Fingers,Starters,1,209.64,Net Banking,Delivered,2023-04-18 20:29:00,3.7,60.0,Mumbai
ORD004726,CUST0190,Gulab Jamun,Desserts,1,80.57,Cash,In Progress,2023-02-02 14:02:00,4.2,30.0,Chennai
ORD006882,CUST0393,Egg Curry,Main Course,4,723.3,Digital Wallet,Cancelled,2023-07-24 20:35:00,4.0,36.0,Chennai
ORD003421,CUST0167,Gulab Jamun,Desserts,3,242.97,Debit Card,Delivered,2023-10-22 20:12:00,3.5,25.0,Chennai
ORD002750,CUST0547,Chicken Fried Rice,Main Course,1,254.86,,Pending,2022-10-28 11:44:00,3.7,73.0,Pune
ORD006856,CUST0296,Pasta Arrabbiata,Main Course,1,245.69,Net Banking,Delivered,2023-01-18 20:21:00,4.4,44.0,Bangalore
ORD005955,CUST0563,Margherita Pizza,Pizza,2,537.04,Cash,Pending,2022-12-20 13:57:00,4.3,35.0,Bangalore
ORD005062,CUST0168,Veg Manchurian,Starters,1,163.49,UPI,Delivered,2022-10-04 08:57:00,3.6,53.0,Hyderabad
ORD001338,CUST0475,Paneer Tikka,Starters,2,401.44,Debit Card,Delivered,2023-10-30 11:19:00,2.7,66.0,Pune
ORD001215,CUST0588,Mutton Curry,Main Course,2,793.02,Net Banking,Pending,2023-10-05 12:07:00,3.4,40.0,Bangalore
ORD004663,CUST0404,Chicken Fried Rice,Main Course,2,519.25,Debit Card,In Progress,2023-10-27 21:38:00,3.3,,Pune
ORD002341,CUST0448,Pepperoni Pizza,Pizza,2,668.42,Debit Card,In Progress,2023-07-21 14:48:00,4.2,26.0,Bangalore
ORD006537,CUST0782,Grilled Sandwich,Sandwiches,1,134.08,Debit Card,Delivered,10/12/2022 08:39,5.0,60.0,Hyderabad
ORD004894,CUST0181,Garlic Naan,Breads,2,114.63,Cash,In Progress,2022-10-17 13:08:00,3.3,25.0,Pune
ORD004640,CUST0670,Tiramisu,Desserts,2,419.54,Debit Card,Delivered,2022-11-18 10:16:00,,48.0,Pune
ORD001329,CUST0054,Pasta Arrabbiata,Main Course,3,725.15,Credit Card,Delivered,2022-12-01 15:57:00,4.5,17.0,Hyderabad
ORD004004,CUST0419,Tiramisu,Desserts,2,381.86,,Cancelled,2023-02-20 20:50:00,3.4,47.0,Delhi
ORD006787,CUST0613,Garlic Bread,Starters,2,177.29,Debit Card,In Progress,2023-09-03 19:27:00,2.7,68.0,Hyderabad
ORD004115,CUST0287,BLT Sandwich,Sandwiches,2,333.23,UPI,Delivered,2022-11-21 16:57:00,3.2,57.0,Delhi
ORD006859,CUST0389,Cold Coffee,Drinks,5,492.6,UPI,Delivered,2023-06-08 10:18:00,4.9,42.0,Chennai
ORD003322,CUST0780,Mushroom Risotto,Main Course,1,285.44,Credit Card,Delivered,2023-03-18 08:13:00,2.7,16.0,Chennai
ORD005197,CUST0042,Grilled Salmon,Main Course,3,1364.63,Cash,Delivered,2023-05-28 20:00:00,4.8,57.0,Mumbai
ORD004549,CUST0367,Mutton Curry,Main Course,2,762.42,,Pending,2023-02-04 09:37:00,2.7,61.0,Mumbai
ORD002458,CUST0250,Classic Burger,Burgers,4,715.71,Cash,Pending,2023-01-19 09:18:00,3.7,43.0,Hyderabad
ORD001171,CUST0070,Watermelon Juice,Drinks,2,142.3,Digital Wallet,Pending,2022-11-13 15:23:00,3.8,,Chennai
ORD005203,CUST0592,Mojito,Drinks,1,133.22,Debit Card,Delivered,2023-07-23 12:42:00,,35.0,Chennai
ORD006885,CUST0738,Chocolate Brownie,Desserts,1,114.53,Net Banking,In Progress,17/02/2023 08:36,4.6,52.0,Mumbai
ORD004569,CUST0006,Palak Paneer,Main Course,1,247.84,Digital Wallet,Pending,2023-01-29 15:04:00,2.6,36.0,Bangalore
ORD005226,CUST0705,Naan,Breads,2,81.37,Digital Wallet,In Progress,2023-10-31 09:59:00,3.4,74.0,Hyderabad
ORD005936,CUST0077,Garlic Bread,Starters,2,175.47,Credit Card,Pending,2022-11-15 13:34:00,3.8,,Hyderabad
ORD005984,CUST0259,Cheesecake,Desserts,-1,377.29,UPI,Delivered,2023-08-11 12:07:00,3.1,49.0,Delhi
ORD001938,CUST0124,Tiramisu,Desserts,2,404.99,Credit Card,Delivered,2023-07-05 13:27:00,2.8,35.0,Delhi
ORD001060,CUST0659,BLT Sandwich,Sandwiches,1,168.2,UPI,Delivered,2023-07-16 19:05:00,4.7,26.0,Mumbai
ORD002240,CUST0792,Mango Lassi,Drinks,2,160.08,Credit Card,Delivered,2022-12-15 17:40:00,4.7,15.0,Delhi
ORD006057,CUST0471,Paneer Butter Masala,Main Course,2,548.34,UPI,Cancelled,2023-01-04 12:20:00,3.8,68.0,Chennai
ORD003120,CUST0251,Masala Chai,Drinks,1,41.59,Cash,In Progress,2023-10-05 14:51:00,2.8,18.0,
ORD002524,CUST0020,Lamb Rogan Josh,Main Course,1,419.13,Debit Card,Cancelled,2023-08-16 08:36:00,3.0,45.0,Hyderabad
ORD001153,CUST0290,Palak Paneer,Main Course,5,1303.13,UPI,Cancelled,2023-08-09 09:23:00,4.4,58.0,Chennai
ORD001481,CUST0701,Dal Makhani,Main Course,1,209.36,UPI,Delivered,2023-06-25 21:32:00,4.0,26.0,Hyderabad
ORD005460,CUST0575,Cheesecake,Desserts,2,346.17,Cash,Delivered,2023-04-22 21:34:00,4.7,29.0,Pune
ORD004920,CUST0299,Classic Burger,Burgers,2,363.71,Net Banking,In Progress,2022-10-20 14:41:00,3.3,37.0,Delhi
ORD002762,CUST0276,Cold Brew Coffee,Drinks,1,148.17,Digital Wallet,Delivered,2022-12-02 12:09:00,5.0,38.0,Pune
ORD001750,CUST0399,Watermelon Juice,Drinks,4,270.6,UPI,Delivered,2023-05-09 09:45:00,3.9,46.0,Pune
ORD002785,CUST0539,Cold Coffee,Drinks,4,383.05,Net Banking,Pending,2023-08-06 08:07:00,3.2,49.0,Bangalore
ORD005501,CUST0465,Spring Rolls,Starters,4,463.33,Net Banking,In Progress,2023-01-15 09:36:00,2.9,64.0,Bangalore
ORD003711,CUST0279,Chicken Biryani,Main Course,2,718.3,Debit Card,Delivered,2022-11-11 10:14:00,3.7,57.0,Hyderabad
ORD006799,CUST0370,Cold Brew Coffee,Drinks,1,147.73,Net Banking,Delivered,2022-10-11 20:54:00,4.2,,Bangalore
ORD005193,CUST0436,Veg Manchurian,Starters,3,456.27,Digital Wallet,In Progress,2023-10-16 22:17:00,3.8,62.0,
ORD002333,CUST0446,Club Sandwich,Sandwiches,2,310.32,Cash,Cancelled,2023-08-11 19:29:00,3.2,22.0,Hyderabad
ORD006544,CUST0042,Strawberry Shake,Drinks,1,120.12,Digital Wallet,In Progress,2023-10-24 20:41:00,2.7,58.0,Delhi
ORD003854,CUST0367,Pepperoni Pizza,Pizza,4,1390.54,Cash,Delivered,2023-06-27 21:42:00,4.3,40.0,Pune
ORD001186,CUST0699,Kheer,Desserts,2,187.18,Debit Card,In Progress,2023-05-16 22:51:00,,19.0,Chennai
ORD002136,CUST0432,Club Sandwich,Sandwiches,1,152.79,Cash,Delivered,2023-06-10 14:17:00,3.6,53.0,Bangalore
ORD003058,CUST0711,Chicken Soup,Starters,2,309.12,Credit Card,Cancelled,2022-12-31 20:56:00,3.4,48.0,Delhi
ORD006070,CUST0747,Bruschetta,Starters,1,131.82,Debit Card,Pending,2022-12-11 13:15:00,3.7,53.0,Pune
ORD001148,CUST0324,Grilled Sandwich,Sandwiches,2,293.62,Credit Card,Cancelled,15/03/2023 21:40,2.7,43.0,Pune
ORD005124,CUST0614,Cheese Burst Burger,Burgers,3,640.5,UPI,Pending,2023-04-27 08:33:00,3.7,43.0,Delhi
ORD004363,CUST0107,Cold Coffee,Drinks,1,99.44,UPI,Pending,2023-03-22 19:25:00,2.6,,Hyderabad
ORD003866,CUST0412,BBQ Chicken Pizza,Pizza,1,361.68,Net Banking,In Progress,2023-07-20 20:01:00,4.0,24.0,Delhi
ORD004776,CUST0364,Lamb Rogan Josh,Main Course,1,394.02,Credit Card,In Progress,2023-10-03 20:18:00,3.3,27.0,Bangalore
ORD002386,CUST0311,Fish Fingers,Starters,3,644.78,Debit Card,Delivered,2023-02-12 14:54:00,3.3,61.0,Bangalore
ORD006726,CUST0098,Fish Curry,Main Course,3,973.01,Credit Card,Delivered,2023-05-15 22:23:00,3.3,,Chennai
ORD006007,CUST0352,Mutton Curry,Main Course,5,1869.53,Net Banking,In Progress,2023-08-24 12:11:00,,42.0,Delhi
ORD004629,CUST0565,Fish Fingers,Starters,2,450.51,Net Banking,Cancelled,2023-07-05 19:52:00,4.1,61.0,Chennai
ORD006449,CUST0232,Mutton Curry,Main Course,1,364.82,UPI,In Progress,2022-10-06 12:15:00,2.5,63.0,Pune
ORD004028,CUST0322,Egg Curry,Main Course,3,552.72,Credit Card,Cancelled,2022-11-22 09:32:00,4.8,33.0,Mumbai
ORD003969,CUST0773,Mango Lassi,Drinks,1,78.0,Credit Card,Pending,2022-11-03 19:34:00,4.2,68.0,Chennai
ORD006257,CUST0415,Garlic Bread,Starters,2,178.04,,Delivered,2022-10-23 09:45:00,3.0,50.0,Pune
ORD002708,CUST0157,Paneer Tikka,Starters,2,419.94,Debit Card,Delivered,2023-09-22 12:24:00,4.6,,Chennai
ORD003953,CUST0054,Masala Chai,Drinks,1,38.94,Digital Wallet,Delivered,2023-03-10 13:49:00,2.5,64.0,Hyderabad
ORD001454,CUST0738,Watermelon Juice,Drinks,1,69.23,Digital Wallet,Delivered,2022-11-30 16:41:00,4.4,52.0,Mumbai
ORD001609,CUST0307,Veg Burger,Burgers,2,309.42,Digital Wallet,In Progress,2023-10-16 08:33:00,4.2,50.0,Chennai
ORD005263,CUST0688,BLT Sandwich,Sandwiches,1,161.85,Digital Wallet,Cancelled,2022-10-30 20:17:00,4.2,36.0,Chennai
ORD006129,CUST0639,Mutton Curry,MAIN COURSE,4,1473.44,Cash,Pending,2022-10-27 20:34:00,,53.0,Delhi
ORD003074,CUST0024,Club Sandwich,Sandwiches,1,160.6,Net Banking,Delivered,2022-12-07 20:43:00,,20.0,Hyderabad
ORD005052,CUST0773,Mushroom Risotto,Main Course,1,287.28,Debit Card,Delivered,2023-01-28 09:47:00,4.3,39.0,Delhi
ORD005921,CUST0358,Paneer Butter Masala,Main Course,3,824.21,UPI,Delivered,2023-02-21 20:20:00,,74.0,Delhi
ORD002622,CUST0210,Gulab Jamun,Desserts,1,81.49,UPI,Pending,2023-09-30 16:20:00,3.8,22.0,Pune
ORD005683,CUST0555,Watermelon Juice,Drinks,2,146.76,UPI,In Progress,2023-04-26 21:22:00,3.0,69.0,Mumbai
ORD006302,CUST0129,Chocolate Brownie,Desserts,3,342.07,Debit Card,Pending,2023-05-08 16:46:00,3.0,17.0,Mumbai
ORD001040,CUST0472,Cold Coffee,Drinks,1,95.39,Debit Card,Delivered,2023-05-29 11:52:00,4.6,70.0,Delhi
ORD003089,CUST0601,Farmhouse Pizza,Pizza,2,625.19,Net Banking,In Progress,2023-03-19 20:25:00,4.5,32.0,Pune
ORD004924,CUST0775,Margherita Pizza,Pizza,1,266.33,Credit Card,Delivered,2023-04-13 08:28:00,3.1,72.0,Pune
ORD003175,CUST0730,Cheesecake,Desserts,3,531.54,Debit Card,Pending,2023-04-20 20:18:00,4.3,24.0,
ORD001074,CUST0123,Naan,Breads,1,39.01,Net Banking,Pending,2022-12-01 19:20:00,4.9,59.0,Delhi
ORD005844,CUST0627,Margherita Pizza,Pizza,3,853.0,UPI,Delivered,2023-01-23 22:55:00,3.6,62.0,Bangalore
ORD006976,CUST0626,Chicken Tikka Masala,Main Course,2,680.91,Cash,Delivered,2023-08-03 08:20:00,4.2,44.0,Pune
ORD003657,CUST0723,Veg Burger,Burgers,3,457.54,Digital Wallet,Delivered,2023-04-16 19:03:00,4.5,28.0,Pune
ORD004180,CUST0710,Dal Makhani,Main Course,1,222.23,Cash,Delivered,2023-06-22 21:15:00,3.3,51.0,Hyderabad
ORD003076,CUST0270,Grilled Salmon,Main Course,3,99999.0,Credit Card,In Progress,2022-12-01 21:01:00,3.9,32.0,Mumbai
ORD001441,CUST0774,Onion Rings,Starters,3,343.58,Digital Wallet,Pending,2023-09-26 19:23:00,4.3,27.0,Pune
ORD003051,CUST0321,Mushroom Risotto,Main Course,1,285.33,Debit Card,Delivered,2023-06-10 11:24:00,4.7,26.0,Bangalore
ORD003541,CUST0228,Watermelon Juice,Drinks,2,143.12,Cash,Delivered,2023-09-20 19:18:00,3.0,69.0,Delhi
ORD002301,CUST0040,Ice Cream Sundae,Desserts,2,311.25,Debit Card,Delivered,2023-10-20 16:06:00,4.0,60.0,Delhi
ORD004430,CUST0773,Rasgulla,Desserts,3,205.09,Net Banking,In Progress,2023-08-21 12:55:00,3.4,30.0,Bangalore
ORD002304,CUST0015,Ice Cream Sundae,Desserts,1,157.29,,Cancelled,2023-10-05 21:33:00,3.5,57.0,Pune
ORD001236,CUST0670,Cold Coffee,Drinks,1,101.83,Debit Card,Delivered,2023-09-04 21:08:00,2.9,49.0,Hyderabad
ORD006043,CUST0618,Fish Fingers,Starters,2,450.03,Cash,Delivered,2023-02-21 20:59:00,4.5,63.0,Chennai
ORD003599,CUST0636,Bruschetta,Starters,1,132.32,,Delivered,2023-02-01 22:54:00,3.0,66.0,Mumbai
ORD005616,CUST0037,Chicken Biryani,Main Course,2,690.2,Net Banking,Pending,2023-02-22 12:18:00,,71.0,Chennai
ORD003573,CUST0450,Chicken Burger,Burgers,1,207.19,UPI,Delivered,2023-08-31 10:10:00,4.1,60.0,Delhi
ORD004280,CUST0076,Mutton Curry,Main Course,2,778.99,UPI,Delivered,2022-11-12 20:27:00,4.6,44.0,Delhi
ORD004186,CUST0490,Tiramisu,Desserts,1,191.32,UPI,Delivered,2023-09-23 13:14:00,3.2,25.0,Hyderabad
ORD004953,CUST0551,Naan,Breads,3,124.25,Credit Card,Cancelled,2023-03-20 21:51:00,,17.0,Pune
ORD003768,CUST0349,Bruschetta,Starters,2,255.88,UPI,In Progress,2022-11-20 13:11:00,4.3,32.0,Pune
ORD005831,CUST0255,Garlic Bread,Starters,1,90.41,Credit Card,Delivered,2023-04-04 22:51:00,3.7,15.0,Chennai
ORD005223,CUST0639,Paratha,Breads,4,205.55,Debit Card,Delivered,2023-07-23 09:19:00,3.2,35.0,Hyderabad
ORD003106,CUST0309,Cold Coffee,Drinks,2,208.91,Credit Card,Pending,2022-12-01 13:38:00,4.2,22.0,Delhi
ORD003679,CUST0593,Tiramisu,Desserts,2,401.92,,Delivered,2022-10-02 09:27:00,3.1,66.0,Pune
ORD003761,CUST0538,Veg Burger,Burgers,3,442.0,UPI,Delivered,2023-07-03 21:08:00,2.6,16.0,Delhi
ORD005688,CUST0006,Strawberry Shake,Drinks,3,370.44,Debit Card,Cancelled,2023-01-27 21:48:00,2.7,59.0,Bangalore
ORD002387,CUST0781,Fish Curry,Main Course,3,1001.17,UPI,Delivered,2023-03-07 13:25:00,4.4,40.0,Mumbai
ORD006686,CUST0301,Masala Chai,Drinks,3,119.63,UPI,In Progress,2023-02-26 09:56:00,4.6,37.0,Mumbai
ORD006479,CUST0252,Watermelon Juice,Drinks,1,72.27,Net Banking,Pending,2023-01-27 10:52:00,,34.0,Pune
ORD002279,CUST0275,BLT Sandwich,Sandwiches,1,173.21,Net Banking,Delivered,2023-08-03 13:00:00,4.4,65.0,Hyderabad
ORD006938,CUST0328,Chocolate Brownie,Desserts,2,232.7,UPI,In Progress,2022-10-08 22:47:00,4.2,19.0,Mumbai
ORD002555,CUST0660,Fish Fingers,Starters,1,213.49,UPI,Delivered,2023-03-01 08:41:00,3.4,64.0,Delhi
ORD006475,CUST0326,Margherita Pizza,Pizza,1,270.24,Cash,In Progress,2022-10-27 17:52:00,,16.0,Mumbai
ORD004190,CUST0014,Paneer Butter Masala,Main Course,4,1092.97,Cash,In Progress,2023-03-18 13:50:00,2.7,32.0,Delhi
ORD005566,CUST0492,Spring Rolls,Starters,5,603.71,Digital Wallet,Delivered,14/05/2023 21:13,2.8,75.0,Mumbai
ORD005802,CUST0115,Cold Coffee,Drinks,3,296.33,Cash,Cancelled,2023-03-30 21:30:00,3.5,40.0,Chennai
ORD006681,CUST0403,Spring Rolls,Starters,1,122.98,Net Banking,In Progress,2022-12-04 09:02:00,4.1,15.0,Pune
ORD005841,CUST0715,BBQ Chicken Pizza,Pizza,4,1471.69,Digital Wallet,Pending,2023-03-22 20:54:00,4.2,41.0,Delhi
ORD004594,CUST0040,Tandoori Roti,Breads,3,91.73,Digital Wallet,Delivered,13/06/2023 21:16,3.2,51.0,Bangalore
ORD002920,CUST0081,Ice Cream Sundae,Desserts,4,620.3,Debit Card,Pending,2023-04-20 13:09:00,2.7,30.0,Delhi
ORD001513,CUST0343,Masala Chai,Drinks,1,39.02,Debit Card,Delivered,2023-08-19 09:47:00,3.4,50.0,Bangalore
ORD005177,CUST0638,Butter Chicken,Main Course,1,331.46,Debit Card,Pending,22/04/2023 12:18,4.0,47.0,Bangalore
ORD002308,CUST0011,Paratha,BREADS,1,50.63,Credit Card,In Progress,2022-10-11 20:50:00,3.4,20.0,Pune
ORD001914,CUST0321,Lamb Rogan Josh,Main Course,-1,1226.7,Credit Card,Cancelled,2023-05-25 12:05:00,4.4,59.0,Hyderabad
ORD004452,CUST0042,Cold Coffee,Drinks,1,97.96,Net Banking,Delivered,2022-12-16 08:13:00,,,Chennai
ORD004695,CUST0062,Chicken Fried Rice,Main Course,2,507.13,Credit Card,In Progress,2022-11-30 20:17:00,3.7,74.0,Delhi
ORD005242,CUST0697,Paneer Butter Masala,Main Course,3,818.12,Cash,Delivered,2023-08-30 19:54:00,4.9,18.0,Pune
ORD004156,CUST0392,Pasta Arrabbiata,Main Course,2,467.64,Debit Card,Delivered,2023-10-02 20:02:00,3.8,67.0,Chennai
ORD003198,CUST0767,Tandoori Roti,Breads,5,152.07,Debit Card,In Progress,22/02/2023 21:25,2.8,42.0,Pune
ORD001774,CUST0702,Fish Fingers,Starters,1,217.46,Cash,Pending,2023-08-24 21:23:00,4.7,69.0,Hyderabad
ORD005425,CUST0609,Veg Fried Rice,Main Course,5,965.64,UPI,Delivered,2023-01-04 19:07:00,3.8,50.0,Hyderabad
ORD001943,CUST0722,Farmhouse Pizza,Pizza,2,640.71,Cash,Delivered,2023-10-15 11:37:00,2.6,63.0,Mumbai
ORD001822,CUST0348,BLT Sandwich,Sandwiches,1,165.45,Digital Wallet,In Progress,2023-01-21 17:43:00,4.1,23.0,Bangalore
ORD005277,CUST0745,Paneer Butter Masala,Main Course,2,572.31,UPI,Delivered,2023-05-22 22:17:00,4.2,56.0,Hyderabad
ORD001164,CUST0280,Onion Rings,Starters,3,341.59,UPI,Pending,2023-02-23 08:10:00,2.9,42.0,Mumbai
ORD005547,CUST0408,Margherita Pizza,Pizza,2,561.72,Digital Wallet,Delivered,2023-05-17 19:24:00,3.5,28.0,Pune
ORD004983,CUST0435,Mojito,Drinks,3,406.23,Digital Wallet,Delivered,2023-05-10 09:55:00,4.1,,Pune
ORD003538,CUST0428,Ice Cream Sundae,Desserts,2,311.01,Credit Card,Delivered,2023-10-05 12:46:00,2.6,27.0,Chennai
ORD006780,CUST0327,BBQ Chicken Pizza,Pizza,2,744.66,Cash,Delivered,2023-07-03 19:57:00,3.4,70.0,Chennai
ORD002311,CUST0373,Tiramisu,Desserts,1,198.79,Debit Card,In Progress,2022-11-17 14:37:00,3.8,68.0,Pune
ORD006503,CUST0475,Chicken Biryani,Main Course,1,345.0,Cash,In Progress,2022-11-28 09:13:00,2.6,63.0,Chennai
ORD006045,CUST0324,Paneer Tikka,Starters,1,194.34,,Delivered,2022-10-23 16:18:00,3.2,28.0,Mumbai
ORD006622,CUST0120,Farmhouse Pizza,Pizza,1,333.41,Credit Card,In Progress,2023-10-20 09:46:00,3.5,68.0,Delhi
ORD004300,CUST0782,Tandoori Roti,Breads,1,30.99,Debit Card,Delivered,2023-06-08 20:20:00,3.9,56.0,Delhi
ORD004310,CUST0634,Kheer,Desserts,1,88.77,Debit Card,In Progress,2022-11-11 08:07:00,3.8,31.0,Pune
ORD001327,CUST0393,Mushroom Risotto,Main Course,1,310.89,Credit Card,Delivered,2023-02-03 08:23:00,4.8,69.0,Mumbai
ORD003490,CUST0068,Gulab Jamun,Desserts,1,80.11,UPI,Delivered,2023-07-04 08:40:00,3.5,48.0,Delhi
ORD006984,CUST0546,BLT Sandwich,Sandwiches,2,355.38,Net Banking,Cancelled,2023-10-17 21:34:00,3.6,52.0,Pune
ORD005408,CUST0455,Butter Chicken,MAIN COURSE,3,935.25,UPI,Delivered,2023-01-21 11:52:00,4.4,41.0,Delhi
ORD001832,CUST0425,Rasgulla,Desserts,1,67.7,Debit Card,In Progress,2023-02-14 13:48:00,4.2,24.0,Chennai
ORD004079,CUST0495,Fish Fingers,STARTERS,2,459.28,,Delivered,2023-08-07 15:29:00,2.7,51.0,Pune
ORD004462,CUST0607,Cheese Burst Burger,Burgers,1,210.84,Debit Card,Pending,2023-01-23 08:18:00,2.6,54.0,Chennai
ORD006303,CUST0398,Margherita Pizza,Pizza,4,1153.78,Credit Card,Cancelled,2023-01-19 12:23:00,4.7,54.0,Chennai
ORD001054,CUST0284,Tandoori Roti,Breads,4,119.4,Digital Wallet,Cancelled,2023-10-20 12:40:00,4.1,32.0,Hyderabad
ORD005064,CUST0262,Gulab Jamun,Desserts,1,76.72,Cash,Cancelled,2022-12-20 08:12:00,4.7,69.0,Hyderabad
ORD004451,CUST0190,Watermelon Juice,Drinks,1,68.69,Cash,Delivered,2022-11-04 18:45:00,4.6,38.0,Hyderabad
ORD002901,CUST0009,Chicken Tikka Masala,Main Course,2,668.27,Digital Wallet,In Progress,2022-12-11 21:55:00,3.3,23.0,Delhi
ORD002481,CUST0659,Rasgulla,Desserts,2,142.83,Credit Card,Delivered,2023-06-25 13:34:00,3.3,43.0,Delhi
ORD005873,CUST0372,Veg Burger,Burgers,1,144.29,Net Banking,Delivered,2023-02-03 08:57:00,4.5,75.0,Bangalore
ORD005150,CUST0493,Veg Supreme Pizza,Pizza,3,922.12,Debit Card,Delivered,2023-04-16 21:22:00,3.7,33.0,Pune
ORD004335,CUST0609,BLT Sandwich,Sandwiches,2,344.73,Credit Card,Cancelled,2023-07-23 21:54:00,2.8,73.0,Bangalore
ORD001946,CUST0769,Rasgulla,Desserts,3,200.33,Cash,Delivered,2023-05-01 19:18:00,4.6,36.0,Bangalore
ORD004293,CUST0556,BBQ Chicken Pizza,Pizza,3,1137.42,UPI,Pending,2023-05-08 20:46:00,2.8,71.0,
ORD003161,CUST0066,BBQ Chicken Pizza,Pizza,1,376.02,,Delivered,2023-06-07 13:18:00,3.0,17.0,
ORD006229,CUST0770,Mushroom Risotto,Main Course,1,296.15,Digital Wallet,Pending,2023-09-23 10:40:00,4.9,43.0,Hyderabad
ORD004057,CUST0783,Veg Fried Rice,Main Course,2,9999.0,Cash,Pending,2023-07-02 21:48:00,3.0,30.0,Bangalore
ORD001768,CUST0742,Chicken Burger,Burgers,4,813.73,Credit Card,Delivered,2022-11-16 13:53:00,2.8,62.0,Chennai
ORD006695,CUST0607,Strawberry Shake,Drinks,2,231.48,Digital Wallet,Delivered,2022-11-11 17:32:00,3.9,69.0,Mumbai
ORD004495,CUST0600,Veg Fried Rice,Main Course,4,785.99,Credit Card,Delivered,2023-09-13 19:01:00,2.6,,Chennai
ORD001285,CUST0169,Gulab Jamun,Desserts,1,82.79,Net Banking,Delivered,2023-08-28 09:51:00,3.8,,Delhi
ORD006986,CUST0284,Veg Burger,Burgers,3,431.13,Digital Wallet,In Progress,2022-12-26 08:15:00,4.5,69.0,Bangalore
ORD005524,CUST0732,Butter Chicken,Main Course,4,1272.79,Debit Card,Delivered,2023-10-15 13:53:00,3.9,74.0,Mumbai
ORD006384,CUST0004,Masala Chai,Drinks,3,114.28,UPI,Delivered,2022-12-05 08:04:00,4.8,40.0,Mumbai
ORD003332,CUST0291,Club Sandwich,Sandwiches,2,316.0,Digital Wallet,In Progress,2023-07-22 18:16:00,3.2,40.0,Hyderabad
ORD003717,CUST0761,Rasgulla,Desserts,1,73.18,Debit Card,Delivered,2023-10-30 10:32:00,3.9,71.0,Delhi
ORD003079,CUST0371,Margherita Pizza,Pizza,4,1073.42,Cash,Delivered,2023-06-20 20:23:00,4.0,64.0,Bangalore
ORD004389,CUST0374,Mango Lassi,Drinks,1,81.4,Digital Wallet,Pending,2023-08-14 21:30:00,3.7,56.0,Hyderabad
ORD001722,CUST0644,Paratha,Breads,3,151.22,Net Banking,Cancelled,2023-07-17 13:16:00,4.9,67.0,Mumbai
ORD001951,CUST0408,Garlic Naan,Breads,1,61.69,UPI,Delivered,2022-11-10 21:23:00,,42.0,Chennai
ORD006272,CUST0486,Gulab Jamun,Desserts,3,238.71,UPI,Cancelled,2023-02-05 19:35:00,3.5,31.0,Mumbai
ORD003262,CUST0076,Veg Fried Rice,Main Course,3,99999.0,Credit Card,Delivered,2023-09-05 20:53:00,3.8,27.0,Pune
ORD001989,CUST0100,Veg Manchurian,Starters,1,166.77,Credit Card,Delivered,2023-09-24 21:25:00,4.4,52.0,Mumbai
ORD004212,CUST0443,Paratha,Breads,2,103.73,Credit Card,Delivered,2023-09-02 13:45:00,2.8,70.0,Mumbai
ORD002759,CUST0787,Masala Chai,Drinks,2,80.61,Cash,Delivered,2023-06-02 12:33:00,2.9,,Bangalore
ORD005967,CUST0527,Club Sandwich,Sandwiches,2,329.0,UPI,Delivered,2023-10-07 20:07:00,3.8,17.0,Bangalore
ORD005422,CUST0311,Garlic Naan,Breads,1,61.38,Credit Card,Delivered,2022-11-04 17:17:00,3.5,70.0,Pune
ORD002724,CUST0193,Chicken Soup,Starters,2,310.73,Net Banking,In Progress,2022-12-14 11:22:00,3.1,46.0,Bangalore
ORD001341,CUST0800,Cold Coffee,Drinks,1,96.02,Credit Card,Delivered,2022-12-11 09:03:00,3.0,40.0,Bangalore
ORD004701,CUST0142,Fish Fingers,Starters,1,212.2,UPI,Delivered,2023-09-13 10:32:00,4.6,52.0,Bangalore
ORD005243,CUST0442,Grilled Sandwich,Sandwiches,5,671.85,Credit Card,Delivered,2023-04-29 11:24:00,3.8,38.0,Bangalore
ORD001688,CUST0422,Veg Burger,Burgers,4,604.69,Digital Wallet,Cancelled,2023-07-11 21:05:00,4.7,28.0,Chennai
ORD004432,CUST0482,Gulab Jamun,Desserts,1,77.7,Credit Card,Delivered,2023-06-29 13:37:00,4.9,64.0,Hyderabad
ORD001966,CUST0082,Egg Curry,Main Course,2,374.87,Debit Card,Delivered,2022-11-25 21:10:00,3.4,32.0,Mumbai
ORD006721,CUST0301,Paratha,Breads,1,51.87,UPI,Delivered,2022-11-14 13:38:00,4.1,54.0,Mumbai
ORD003203,CUST0225,Butter Chicken,Main Course,2,620.75,UPI,Cancelled,2023-10-12 16:03:00,3.5,62.0,Pune
ORD003713,CUST0445,Grilled Sandwich,Sandwiches,3,410.14,UPI,Pending,2023-10-08 08:04:00,3.0,19.0,Bangalore
ORD005757,CUST0290,BLT Sandwich,Sandwiches,2,337.57,Net Banking,Delivered,2023-06-13 19:46:00,3.2,69.0,Hyderabad
ORD006330,CUST0602,Mango Lassi,Drinks,1,83.97,Credit Card,Delivered,2023-06-21 19:33:00,4.4,,Chennai
ORD006774,CUST0321,Chicken Burger,BURGERS,2,411.37,Net Banking,Delivered,2023-02-15 19:56:00,4.8,,Bangalore
ORD004572,CUST0415,Garlic Bread,Starters,1,92.29,Net Banking,Delivered,2023-10-08 17:43:00,4.9,50.0,Hyderabad
ORD005805,CUST0563,Naan,Breads,2,80.54,UPI,Delivered,2023-08-15 13:03:00,4.0,67.0,Mumbai
ORD002990,CUST0461,Cold Coffee,Drinks,2,192.66,Net Banking,Delivered,2023-06-03 09:53:00,3.1,29.0,Mumbai
ORD005120,CUST0269,Cold Coffee,Drinks,2,195.38,Cash,Delivered,2023-05-13 08:35:00,3.9,20.0,Delhi
ORD005759,CUST0011,Cold Coffee,Drinks,3,291.33,UPI,Cancelled,2023-03-01 09:50:00,,65.0,Pune
ORD005962,CUST0691,Margherita Pizza,Pizza,3,875.96,Cash,In Progress,2022-11-29 13:51:00,3.4,20.0,Hyderabad
ORD006542,CUST0241,Chicken Biryani,Main Course,4,1461.07,Credit Card,Delivered,2023-01-15 10:17:00,2.7,72.0,Hyderabad
ORD006740,CUST0327,Tandoori Roti,Breads,3,91.1,Cash,Pending,2023-05-03 19:40:00,3.5,25.0,Hyderabad
ORD004600,CUST0401,Veg Supreme Pizza,Pizza,2,622.69,Debit Card,Cancelled,2023-03-26 10:06:00,2.8,55.0,Hyderabad
ORD006525,CUST0736,Veg Fried Rice,Main Course,2,388.4,Cash,Delivered,2022-10-14 17:39:00,3.3,15.0,Bangalore
ORD002236,CUST0337,BLT Sandwich,Sandwiches,1,164.82,Credit Card,Delivered,2023-07-22 12:15:00,3.1,35.0,Pune
ORD005986,CUST0001,Fish Curry,Main Course,2,689.98,Net Banking,Cancelled,2023-07-01 14:29:00,3.4,21.0,Delhi
ORD001385,CUST0220,Paneer Butter Masala,Main Course,1,276.82,Credit Card,In Progress,2022-12-23 21:49:00,3.1,28.0,
ORD006278,CUST0726,Rasgulla,Desserts,1,68.32,Net Banking,Delivered,2023-04-22 13:56:00,4.0,64.0,Pune
ORD006527,CUST0796,Mojito,Drinks,1,134.51,Digital Wallet,Delivered,2023-04-04 18:23:00,3.2,58.0,Bangalore
ORD001536,CUST0116,Lamb Rogan Josh,Main Course,2,775.9,Credit Card,In Progress,2022-10-27 21:13:00,3.6,15.0,Delhi
ORD006650,CUST0217,Masala Chai,Drinks,3,120.34,Cash,Delivered,2023-08-22 13:09:00,3.1,32.0,Delhi
ORD005212,CUST0455,Chicken Tikka Masala,Main Course,3,1027.08,Debit Card,Cancelled,2022-10-31 21:33:00,3.2,37.0,Chennai
ORD004507,CUST0252,BBQ Chicken Pizza,Pizza,4,1448.69,Debit Card,In Progress,2023-08-17 19:40:00,3.4,24.0,Chennai
ORD001201,CUST0670,Pasta Arrabbiata,Main Course,1,229.21,Net Banking,Cancelled,2023-06-11 18:53:00,3.2,15.0,Mumbai
ORD002332,CUST0691,Grilled Sandwich,Sandwiches,3,440.19,Cash,Delivered,2023-06-30 20:55:00,2.5,75.0,Pune
ORD004502,CUST0473,Club Sandwich,Sandwiches,4,649.5,Digital Wallet,In Progress,2023-05-17 10:19:00,4.5,59.0,Bangalore
ORD003708,CUST0472,Paneer Butter Masala,Main Course,2,571.34,Cash,Pending,2023-04-15 19:36:00,3.5,58.0,Mumbai
ORD005662,CUST0100,Mushroom Risotto,Main Course,1,288.47,UPI,Delivered,2023-07-15 16:50:00,3.4,50.0,Mumbai
ORD005021,CUST0559,Mushroom Risotto,Main Course,1,286.72,Cash,Delivered,2023-08-13 20:02:00,4.5,24.0,Delhi
ORD002854,CUST0496,Fresh Lime Soda,Drinks,3,172.34,Credit Card,Delivered,2022-11-27 21:38:00,3.0,68.0,Pune
ORD006411,CUST0089,Kheer,Desserts,2,176.95,UPI,Cancelled,02/06/2023 21:24,3.4,46.0,Delhi
ORD003872,CUST0068,Onion Rings,Starters,1,114.84,Debit Card,Cancelled,2023-01-21 12:46:00,4.1,72.0,Chennai
ORD004030,CUST0315,Classic Burger,Burgers,5,883.87,Debit Card,Delivered,2022-10-20 10:51:00,3.6,49.0,Mumbai
ORD002205,CUST0784,Veg Fried Rice,Main Course,2,412.23,Cash,Delivered,2023-07-16 21:44:00,5.0,75.0,Hyderabad
ORD002645,CUST0157,Garlic Bread,Starters,1,89.66,Digital Wallet,Delivered,2023-10-25 13:11:00,3.1,15.0,Bangalore
ORD004417,CUST0667,Classic Burger,Burgers,1,171.95,Net Banking,Cancelled,2023-05-14 21:11:00,2.7,41.0,Pune
ORD004476,CUST0068,Paneer Butter Masala,Main Course,3,863.63,Debit Card,In Progress,2023-07-24 14:58:00,,41.0,Delhi
ORD003861,CUST0143,Naan,Breads,1,40.21,Digital Wallet,Delivered,2023-01-05 17:52:00,4.7,37.0,Mumbai
ORD002792,CUST0224,Cheesecake,Desserts,1,184.41,Debit Card,Delivered,2022-11-21 21:49:00,3.4,67.0,Hyderabad
ORD004797,CUST0378,Garlic Naan,Breads,2,124.25,Cash,Cancelled,2023-07-29 10:47:00,3.1,25.0,Delhi
ORD004368,CUST0573,Garlic Naan,Breads,2,115.92,Credit Card,Delivered,2023-05-02 08:03:00,3.8,56.0,Hyderabad
ORD004367,CUST0151,Butter Chicken,Main Course,2,644.99,Cash,Delivered,2023-04-12 20:39:00,,,Mumbai
ORD004533,CUST0199,Onion Rings,Starters,1,114.67,Credit Card,Cancelled,2023-04-27 18:13:00,3.6,28.0,Bangalore
ORD006309,CUST0515,Fish Fingers,Starters,2,425.46,UPI,Delivered,2023-07-22 17:13:00,4.7,21.0,Delhi
ORD004449,CUST0707,Butter Chicken,Main Course,4,1287.57,Debit Card,Delivered,2023-08-16 12:10:00,4.3,57.0,Bangalore
ORD001603,CUST0630,Grilled Sandwich,Sandwiches,1,141.05,,Cancelled,2023-08-16 13:08:00,3.8,55.0,Hyderabad
ORD004056,CUST0679,Pepperoni Pizza,Pizza,2,675.45,Digital Wallet,In Progress,2022-12-25 13:42:00,3.0,71.0,Delhi
ORD006383,CUST0222,Cheesecake,Desserts,2,374.85,UPI,Delivered,2023-10-24 21:17:00,2.9,62.0,Delhi
ORD001126,CUST0703,Dal Makhani,Main Course,5,1051.69,Cash,Cancelled,2023-06-03 20:27:00,,43.0,Mumbai
ORD004876,CUST0690,Chocolate Brownie,Desserts,1,121.79,Debit Card,Delivered,2023-10-04 12:14:00,3.2,63.0,Mumbai
ORD003935,CUST0198,Bruschetta,Starters,1,130.18,Cash,Delivered,2023-02-21 14:33:00,3.8,43.0,Pune
ORD005451,CUST0585,Onion Rings,Starters,2,212.03,Digital Wallet,In Progress,2023-08-17 14:25:00,2.6,56.0,Hyderabad
ORD004531,CUST0410,Tiramisu,Desserts,2,393.71,Net Banking,Cancelled,2023-08-28 09:29:00,3.4,23.0,Bangalore
ORD003730,CUST0606,Mushroom Risotto,Main Course,5,1514.68,Net Banking,In Progress,2022-10-30 08:06:00,4.3,42.0,Hyderabad
ORD001827,CUST0048,Bruschetta,Starters,1,126.85,Digital Wallet,Delivered,2023-03-24 20:49:00,4.7,69.0,Pune
ORD002639,CUST0357,Kheer,Desserts,2,184.04,Credit Card,Delivered,2023-05-06 09:16:00,3.4,31.0,Hyderabad
ORD001984,CUST0151,Garlic Naan,Breads,1,62.66,Digital Wallet,Delivered,2023-01-21 14:29:00,2.9,57.0,
ORD004281,CUST0527,Fish Curry,Main Course,2,699.57,Cash,Delivered,2023-10-30 20:40:00,4.9,69.0,Delhi
ORD005761,CUST0132,Classic Burger,Burgers,2,344.38,Digital Wallet,Delivered,2023-08-22 12:07:00,3.6,47.0,Bangalore
ORD003188,CUST0378,Grilled Sandwich,Sandwiches,1,134.17,Digital Wallet,In Progress,2023-08-06 09:41:00,4.8,24.0,Chennai
ORD006577,CUST0661,Mutton Curry,Main Course,5,1963.91,Cash,In Progress,2022-10-17 21:39:00,4.4,63.0,Hyderabad
ORD003443,CUST0588,Garlic Naan,Breads,3,175.42,Credit Card,Pending,2023-02-18 08:36:00,,15.0,Chennai
ORD001362,CUST0268,Egg Curry,Main Course,2,370.77,Cash,Delivered,2022-10-18 12:20:00,3.4,71.0,Hyderabad
ORD003349,CUST0559,Chicken Burger,Burgers,5,1012.14,UPI,Pending,2023-05-15 21:26:00,4.6,32.0,Chennai
ORD001345,CUST0564,Naan,Breads,2,80.94,UPI,Delivered,2023-08-28 12:26:00,2.7,39.0,Delhi
ORD001814,CUST0090,Grilled Sandwich,Sandwiches,2,292.97,Credit Card,Delivered,2023-09-11 13:19:00,2.5,22.0,Mumbai
ORD005807,CUST0263,Veg Biryani,Main Course,2,523.29,Credit Card,Cancelled,2023-06-18 21:09:00,3.4,40.0,Chennai
ORD004205,CUST0056,Cheesecake,Desserts,1,188.05,Digital Wallet,Delivered,2023-03-16 16:31:00,4.1,59.0,Mumbai
ORD006026,CUST0681,Grilled Salmon,Main Course,2,884.54,Credit Card,Delivered,2023-07-24 16:02:00,3.7,71.0,Pune
ORD006805,CUST0225,Kheer,Desserts,2,174.46,Credit Card,Delivered,2023-08-20 21:06:00,4.0,49.0,Delhi
ORD004325,CUST0020,Cold Brew Coffee,Drinks,2,291.63,Credit Card,Delivered,2023-05-16 12:37:00,3.1,37.0,Chennai
ORD005106,CUST0481,Garlic Naan,Breads,2,114.34,Net Banking,Pending,2023-03-10 14:36:00,4.1,69.0,Delhi
ORD003116,CUST0454,Fish Curry,Main Course,2,663.56,Debit Card,Delivered,2023-04-25 14:20:00,2.9,28.0,Pune
ORD002834,CUST0584,Lamb Rogan Josh,Main Course,2,795.78,Credit Card,In Progress,2022-11-23 19:25:00,2.7,56.0,
ORD001793,CUST0321,Chicken Biryani,Main Course,4,1366.85,UPI,Delivered,2023-10-25 21:33:00,3.3,46.0,Delhi
ORD006995,CUST0146,Veg Manchurian,Starters,1,167.67,Digital Wallet,Delivered,2023-10-07 19:02:00,,63.0,Chennai
ORD003674,CUST0598,Kheer,Desserts,1,86.71,Debit Card,Delivered,2023-09-18 08:00:00,3.1,46.0,
ORD001094,CUST0495,Mushroom Risotto,Main Course,2,613.0,UPI,Delivered,2023-06-18 19:26:00,3.6,24.0,Hyderabad
ORD005225,CUST0757,Veg Fried Rice,Main Course,1,202.8,Credit Card,Cancelled,2022-12-25 21:43:00,2.7,22.0,Pune
ORD004756,CUST0090,Chicken Biryani,Main Course,1,335.39,Credit Card,Cancelled,2022-12-04 13:15:00,3.6,37.0,Hyderabad
ORD003891,CUST0395,Pepperoni Pizza,Pizza,3,1041.15,Cash,Delivered,2023-01-11 12:16:00,4.6,57.0,Bangalore
ORD003371,CUST0376,Spring Rolls,Starters,3,361.69,Debit Card,Cancelled,2023-09-10 19:35:00,4.7,47.0,Mumbai
ORD006013,CUST0245,Fish Curry,MAIN COURSE,3,1015.34,Cash,Delivered,2023-08-24 13:21:00,2.8,49.0,Bangalore
ORD006363,CUST0496,Mutton Curry,Main Course,2,731.74,Cash,In Progress,2022-11-18 08:56:00,3.2,23.0,Pune
ORD004228,CUST0489,Chicken Fried Rice,Main Course,1,257.28,UPI,Delivered,2023-01-31 20:45:00,2.5,27.0,Mumbai
ORD006395,CUST0198,Cold Brew Coffee,Drinks,4,605.85,Net Banking,Cancelled,2023-03-20 21:36:00,3.7,33.0,Delhi
ORD003853,CUST0129,Naan,Breads,2,76.79,Net Banking,Pending,2023-06-11 14:55:00,3.9,28.0,Hyderabad
ORD003912,CUST0741,BLT Sandwich,Sandwiches,2,334.83,Credit Card,Delivered,17/08/2023 08:45,4.5,49.0,Chennai
ORD002865,CUST0041,Cheese Burst Burger,Burgers,2,432.62,Cash,Delivered,2022-12-09 21:00:00,4.5,38.0,Pune
ORD005612,CUST0016,Chocolate Brownie,Desserts,1,119.22,Digital Wallet,Delivered,2023-07-24 14:59:00,3.6,69.0,Hyderabad
ORD002857,CUST0437,Fish Fingers,Starters,2,455.22,UPI,Delivered,2023-06-26 09:51:00,2.6,54.0,Bangalore
ORD003645,CUST0597,Spring Rolls,Starters,3,369.95,Net Banking,Cancelled,2023-08-05 08:02:00,4.7,43.0,Chennai
ORD003243,CUST0186,Cold Coffee,Drinks,2,204.25,Digital Wallet,In Progress,2023-03-14 16:10:00,3.3,58.0,Bangalore
ORD003336,CUST0422,Paratha,Breads,4,199.35,Debit Card,Delivered,2023-04-02 19:12:00,4.9,29.0,Bangalore
ORD001950,CUST0255,Chicken Burger,Burgers,1,204.43,Debit Card,Delivered,2023-02-03 13:38:00,3.9,55.0,
ORD004068,CUST0615,Tiramisu,Desserts,3,617.51,Credit Card,Cancelled,2023-01-19 12:42:00,3.5,50.0,Mumbai
ORD002120,CUST0053,Kheer,Desserts,2,175.41,Debit Card,Delivered,2023-04-12 20:42:00,4.8,55.0,Mumbai
ORD003597,CUST0479,Veg Manchurian,Starters,2,312.17,Net Banking,Pending,2023-08-25 13:19:00,4.0,,Bangalore
ORD003204,CUST0202,Chicken Biryani,Main Course,3,1071.65,Net Banking,Delivered,2022-11-01 08:59:00,3.8,27.0,Chennai
ORD001419,CUST0444,Chocolate Brownie,Desserts,4,480.92,Net Banking,In Progress,2023-09-18 19:06:00,3.1,37.0,Pune
ORD001922,CUST0443,Naan,Breads,5,207.31,Net Banking,In Progress,2022-12-06 21:19:00,3.7,53.0,Chennai
ORD002254,CUST0745,Mutton Curry,Main Course,1,374.44,Cash,Delivered,2022-11-10 20:14:00,2.9,36.0,Bangalore
ORD001477,CUST0151,Chicken Burger,Burgers,2,385.39,Cash,Delivered,2023-06-20 08:36:00,3.1,26.0,Chennai
ORD003035,CUST0798,Fish Fingers,Starters,4,844.78,Digital Wallet,Cancelled,2022-11-12 22:29:00,2.7,58.0,Mumbai
ORD002202,CUST0248,Chicken Tikka Masala,Main Course,4,1274.84,Digital Wallet,Pending,2023-02-25 08:36:00,3.8,40.0,Chennai
ORD003626,CUST0483,Chicken Biryani,Main Course,2,705.55,Net Banking,Pending,2022-12-17 21:14:00,2.6,60.0,
ORD006830,CUST0184,Veg Fried Rice,Main Course,1,196.51,Cash,Delivered,2023-02-03 14:22:00,4.5,39.0,Chennai
ORD002970,CUST0516,Margherita Pizza,Pizza,1,293.54,Debit Card,Pending,2022-11-17 13:54:00,4.5,55.0,Hyderabad
ORD004110,CUST0582,Classic Burger,Burgers,1,172.95,Credit Card,Delivered,2023-06-08 20:34:00,4.5,70.0,Bangalore
ORD005018,CUST0653,Farmhouse Pizza,Pizza,1,330.98,Credit Card,Delivered,2023-10-13 12:16:00,2.5,,Delhi
ORD003151,CUST0129,Bruschetta,Starters,1,129.64,Cash,Delivered,2023-07-27 09:49:00,2.5,34.0,Bangalore
ORD004687,CUST0444,Bruschetta,Starters,1,130.23,Debit Card,In Progress,2023-10-29 12:13:00,3.2,58.0,Mumbai
ORD005916,CUST0739,Chicken Fried Rice,Main Course,1,253.33,Net Banking,Delivered,2023-05-09 08:22:00,4.0,45.0,Mumbai
ORD002997,CUST0296,Tiramisu,Desserts,1,195.91,Cash,In Progress,2023-04-09 13:05:00,3.1,50.0,Bangalore
ORD005033,CUST0396,Veg Fried Rice,Main Course,1,208.75,Cash,Pending,2023-03-02 18:47:00,2.6,39.0,Chennai
ORD006942,CUST0103,Mutton Curry,MAIN COURSE,1,368.22,Cash,Delivered,2023-09-16 21:03:00,4.6,56.0,Mumbai
ORD004054,CUST0130,Veg Biryani,Main Course,2,527.26,Net Banking,In Progress,2023-07-16 12:14:00,3.5,15.0,Chennai
ORD002248,CUST0753,Rasgulla,Desserts,1,68.73,Net Banking,Delivered,2022-12-31 21:02:00,3.6,32.0,Chennai
ORD003192,CUST0110,Naan,Breads,2,80.41,Credit Card,In Progress,2022-11-19 10:46:00,3.8,69.0,Mumbai
ORD003712,CUST0547,Chicken Tikka Masala,Main Course,3,1005.52,Cash,Delivered,2023-01-14 21:17:00,2.6,51.0,Chennai
ORD001992,CUST0058,Grilled Salmon,Main Course,1,471.72,Cash,Delivered,2023-09-13 20:59:00,4.9,,Mumbai
ORD003190,CUST0158,Ice Cream Sundae,Desserts,2,291.98,Net Banking,Cancelled,2023-02-03 13:46:00,2.9,54.0,Pune
ORD005670,CUST0421,Ice Cream Sundae,Desserts,4,605.76,Net Banking,Delivered,2023-08-30 20:25:00,4.2,35.0,
ORD004762,CUST0645,Kheer,Desserts,2,175.13,Debit Card,Delivered,2023-09-22 21:01:00,3.8,61.0,Chennai
ORD004597,CUST0357,Paratha,BREADS,2,101.84,Digital Wallet,In Progress,2023-08-23 16:53:00,2.6,,Delhi
ORD005711,CUST0560,BBQ Chicken Pizza,Pizza,1,351.71,UPI,Cancelled,2023-03-08 12:53:00,3.6,34.0,Hyderabad
ORD002318,CUST0240,Mojito,Drinks,1,132.32,Digital Wallet,Delivered,2023-03-03 08:59:00,3.6,64.0,Bangalore
ORD002863,CUST0348,Chocolate Brownie,Desserts,1,122.89,Net Banking,Pending,2023-09-08 12:40:00,3.6,38.0,Bangalore
ORD003343,CUST0265,Ice Cream Sundae,Desserts,5,770.39,Debit Card,Cancelled,2023-10-10 21:48:00,4.3,71.0,Bangalore
ORD003449,CUST0057,Chicken Soup,Starters,2,312.7,UPI,Cancelled,2023-10-19 13:53:00,4.7,40.0,Bangalore
ORD003136,CUST0052,Strawberry Shake,Drinks,2,238.95,,Delivered,2023-02-23 14:45:00,3.6,50.0,Hyderabad
ORD002065,CUST0003,Mango Lassi,Drinks,1,78.12,Credit Card,In Progress,2023-09-30 20:50:00,2.9,24.0,Hyderabad
ORD004214,CUST0080,Egg Curry,Main Course,3,549.05,Debit Card,Delivered,2023-05-04 18:29:00,4.2,59.0,Hyderabad
ORD005227,CUST0221,Bruschetta,Starters,5,633.81,Net Banking,Cancelled,2023-05-02 19:11:00,2.6,58.0,Chennai
ORD003621,CUST0431,Mojito,Drinks,2,265.63,UPI,Delivered,2023-10-23 12:29:00,4.8,,Mumbai
ORD001077,CUST0013,BLT Sandwich,Sandwiches,2,327.29,Digital Wallet,Delivered,2023-10-21 14:55:00,3.7,43.0,Bangalore
ORD003898,CUST0156,Chicken Burger,Burgers,2,414.01,Cash,Delivered,16/11/2022 19:41,3.4,67.0,Delhi
ORD005820,CUST0478,Veg Manchurian,Starters,2,327.12,Net Banking,Delivered,2022-11-19 09:48:00,4.6,32.0,Delhi
ORD002314,CUST0191,Masala Chai,Drinks,1,39.04,UPI,Delivered,2022-11-29 15:40:00,3.7,35.0,Bangalore
ORD006281,CUST0797,Mango Lassi,Drinks,3,240.42,Debit Card,Delivered,2023-02-16 19:41:00,2.6,67.0,Chennai
ORD001872,CUST0362,Tiramisu,Desserts,1,190.62,UPI,Pending,2023-09-09 13:07:00,3.4,26.0,Pune
ORD004850,CUST0067,Mushroom Risotto,Main Course,2,626.57,UPI,Delivered,2023-03-21 19:16:00,3.7,73.0,Delhi
ORD006795,CUST0704,Margherita Pizza,Pizza,1,287.58,Debit Card,Delivered,2023-06-13 19:03:00,3.8,34.0,Chennai
ORD003965,CUST0652,BLT Sandwich,Sandwiches,1,164.77,Credit Card,Delivered,2022-10-20 12:53:00,4.6,20.0,Pune
ORD004391,CUST0393,Grilled Salmon,Main Course,3,1316.84,Net Banking,In Progress,2023-10-25 09:09:00,4.2,63.0,Pune
ORD003560,CUST0032,Paratha,Breads,1,49.6,UPI,Delivered,2022-12-11 12:27:00,3.2,70.0,Pune
ORD006935,CUST0724,Strawberry Shake,Drinks,1,120.7,Digital Wallet,Delivered,2023-08-29 21:09:00,4.9,56.0,Bangalore
ORD003635,CUST0008,Spring Rolls,Starters,3,371.36,UPI,Cancelled,2022-10-14 19:31:00,4.3,69.0,Chennai
ORD004530,CUST0265,Paratha,Breads,3,157.49,Cash,In Progress,2023-05-25 20:52:00,3.5,36.0,Mumbai
ORD001375,CUST0425,Classic Burger,Burgers,3,546.65,Credit Card,Delivered,2023-06-25 20:07:00,3.9,52.0,Mumbai
ORD002908,CUST0666,Chicken Biryani,Main Course,1,340.49,Cash,Delivered,2022-12-04 21:33:00,3.3,75.0,Delhi
ORD005429,CUST0300,Paratha,Breads,4,209.52,Debit Card,Delivered,2023-10-22 08:41:00,4.2,43.0,Pune
ORD006866,CUST0696,Masala Chai,Drinks,2,82.48,Cash,In Progress,2023-10-28 20:05:00,,53.0,Mumbai
ORD006290,CUST0403,Spring Rolls,Starters,2,241.85,Credit Card,In Progress,2023-10-10 13:56:00,2.7,23.0,Delhi
ORD005027,CUST0701,Spring Rolls,Starters,1,117.7,,In Progress,2023-07-15 11:59:00,4.9,55.0,Bangalore
ORD002604,CUST0716,Chicken Soup,Starters,5,757.89,UPI,Delivered,2022-10-13 13:23:00,,72.0,Pune
ORD002118,CUST0725,Chicken Burger,Burgers,2,405.16,Digital Wallet,Delivered,2023-07-31 09:39:00,3.9,16.0,Pune
ORD004677,CUST0307,Cold Brew Coffee,Drinks,3,432.46,Digital Wallet,Delivered,2023-08-02 12:25:00,4.0,44.0,Hyderabad
ORD004490,CUST0274,Mojito,Drinks,2,253.64,Cash,Delivered,2023-01-27 14:05:00,3.2,66.0,Pune
ORD006894,CUST0691,Gulab Jamun,Desserts,3,239.23,Credit Card,Delivered,2023-09-27 08:27:00,,21.0,
ORD003958,CUST0301,Garlic Bread,Starters,2,173.45,Cash,In Progress,2023-06-03 19:45:00,4.8,34.0,Delhi
ORD002994,CUST0150,Strawberry Shake,Drinks,4,490.16,Cash,Delivered,2023-07-13 21:10:00,4.5,15.0,Delhi
ORD001162,CUST0473,Spring Rolls,Starters,4,465.31,Debit Card,Cancelled,2023-09-13 21:28:00,3.8,41.0,Delhi
ORD006256,CUST0400,Mutton Curry,Main Course,2,736.72,Digital Wallet,Delivered,2023-01-10 20:24:00,3.8,31.0,Bangalore
ORD003376,CUST0010,Garlic Naan,Breads,4,247.76,Credit Card,Delivered,2023-04-17 08:30:00,3.4,75.0,Pune
ORD002342,CUST0292,BLT Sandwich,Sandwiches,2,324.56,Debit Card,Delivered,2023-04-23 21:43:00,3.5,16.0,Hyderabad
ORD001320,CUST0081,Cold Coffee,Drinks,2,200.75,Digital Wallet,Delivered,2022-12-18 12:19:00,4.9,24.0,Chennai
ORD002619,CUST0645,Naan,Breads,5,200.65,Debit Card,Delivered,2023-08-12 19:16:00,4.7,53.0,Chennai
ORD004713,CUST0121,Strawberry Shake,Drinks,2,236.18,Credit Card,Delivered,2023-05-04 19:31:00,3.4,29.0,Bangalore
ORD003060,CUST0007,Lamb Rogan Josh,Main Course,3,1241.02,Credit Card,Delivered,2023-01-24 19:35:00,,25.0,Mumbai
ORD003219,CUST0140,Veg Burger,Burgers,2,304.09,Digital Wallet,Pending,2023-10-27 13:19:00,,32.0,Pune
ORD002673,CUST0137,Grilled Sandwich,Sandwiches,2,293.77,Debit Card,Delivered,2022-10-02 14:02:00,4.2,,Pune
ORD001260,CUST0176,Naan,Breads,1,40.21,Cash,Cancelled,2022-10-29 19:44:00,4.6,56.0,Bangalore
ORD006342,CUST0306,Veg Manchurian,Starters,1,165.08,Digital Wallet,Delivered,2023-04-30 22:36:00,4.8,69.0,
ORD003039,CUST0346,Chicken Burger,BURGERS,3,611.98,Credit Card,In Progress,2022-10-26 08:07:00,4.8,73.0,Bangalore
ORD005785,CUST0395,Mango Lassi,Drinks,1,82.97,,Delivered,2023-06-12 12:53:00,3.5,47.0,Pune
ORD001901,CUST0614,Onion Rings,Starters,3,319.83,UPI,In Progress,2023-04-12 19:20:00,3.1,17.0,
ORD004744,CUST0364,Mojito,Drinks,1,123.97,Credit Card,Delivered,2023-04-29 09:27:00,4.5,26.0,Mumbai
ORD003026,CUST0739,Spring Rolls,Starters,3,356.88,Digital Wallet,Delivered,2023-10-11 08:39:00,4.9,27.0,
ORD005234,CUST0594,Garlic Bread,Starters,2,186.68,,Cancelled,2022-10-05 12:28:00,3.4,21.0,Hyderabad
ORD002917,CUST0411,Chicken Soup,Starters,1,150.46,Credit Card,Delivered,2023-02-19 14:12:00,4.3,16.0,Mumbai
ORD002828,CUST0749,Cheese Burst Burger,Burgers,1,221.01,Net Banking,Pending,2023-10-12 20:50:00,3.6,63.0,Hyderabad
ORD002573,CUST0032,Chocolate Brownie,Desserts,4,467.93,Digital Wallet,Delivered,2023-08-12 09:00:00,4.6,75.0,Bangalore
ORD005415,CUST0766,Cheesecake,Desserts,2,354.6,Digital Wallet,In Progress,2023-05-19 20:32:00,,72.0,
ORD005749,CUST0152,Grilled Salmon,Main Course,2,887.18,UPI,Cancelled,2022-10-12 13:11:00,4.8,31.0,Delhi
ORD006310,CUST0518,Chicken Burger,Burgers,4,777.24,Credit Card,Pending,2022-12-17 19:39:00,4.4,53.0,Mumbai
ORD005654,CUST0666,Mushroom Risotto,Main Course,3,908.42,Debit Card,Delivered,2023-04-25 08:58:00,4.9,,Delhi
ORD005208,CUST0649,Chicken Burger,Burgers,2,386.44,Digital Wallet,In Progress,2023-10-23 17:13:00,4.5,60.0,Mumbai
ORD005627,CUST0102,Watermelon Juice,Drinks,2,135.43,UPI,Pending,2023-08-07 09:02:00,2.7,42.0,Chennai
ORD001224,CUST0691,Fish Fingers,Starters,3,627.93,Credit Card,Delivered,2023-03-22 20:36:00,4.0,55.0,Hyderabad
ORD001723,CUST0596,Veg Biryani,Main Course,1,9999.0,Cash,Delivered,2022-10-09 20:10:00,3.3,,Pune
ORD006431,CUST0056,Margherita Pizza,Pizza,1,273.37,UPI,Delivered,2023-04-23 12:23:00,3.6,59.0,Pune
ORD002141,CUST0175,Tiramisu,Desserts,1,209.87,Cash,Delivered,2023-09-18 19:14:00,4.3,66.0,Bangalore
ORD003762,CUST0454,Bruschetta,Starters,2,257.2,Credit Card,Delivered,2023-09-19 18:05:00,3.7,75.0,Delhi
ORD001846,CUST0532,Veg Fried Rice,Main Course,2,394.77,UPI,Delivered,2023-06-27 13:35:00,4.0,55.0,Hyderabad
ORD005289,CUST0477,Paratha,Breads,1,52.5,Net Banking,Delivered,2023-03-21 21:12:00,2.7,65.0,Bangalore
ORD006042,CUST0409,Grilled Sandwich,Sandwiches,2,266.6,Net Banking,Cancelled,2023-01-24 20:14:00,4.7,35.0,Pune
ORD003551,CUST0559,Tiramisu,Desserts,1,202.67,Digital Wallet,Delivered,2023-02-14 20:39:00,2.5,28.0,Chennai
ORD003928,CUST0427,Fresh Lime Soda,Drinks,1,62.71,Cash,In Progress,2022-11-26 08:29:00,,55.0,
ORD001117,CUST0551,Tandoori Roti,Breads,4,117.65,Credit Card,Cancelled,2023-06-10 09:15:00,3.6,57.0,Pune
ORD001645,CUST0028,Cheesecake,Desserts,2,365.63,Debit Card,Cancelled,2023-02-27 20:39:00,2.7,47.0,Mumbai
ORD001003,CUST0368,Grilled Salmon,Main Course,1,461.86,Debit Card,Pending,2022-11-22 09:06:00,3.2,,Pune
ORD005170,CUST0168,Cold Coffee,Drinks,5,518.73,Digital Wallet,Delivered,2023-09-29 09:41:00,3.7,65.0,Chennai
ORD001467,CUST0484,Cheese Burst Burger,Burgers,4,884.54,Net Banking,Delivered,2023-07-06 21:34:00,3.4,29.0,Chennai
ORD001005,CUST0239,Dal Makhani,Main Course,1,214.01,Cash,Cancelled,2023-02-26 22:54:00,3.2,55.0,Bangalore
ORD001919,CUST0033,Veg Fried Rice,Main Course,4,767.46,Net Banking,Pending,2022-11-23 19:11:00,3.7,26.0,Delhi
ORD003595,CUST0210,Pasta Arrabbiata,Main Course,3,739.75,UPI,Pending,2023-06-27 09:08:00,4.1,56.0,Hyderabad
ORD005324,CUST0172,Kheer,Desserts,5,427.61,Digital Wallet,In Progress,2023-02-16 15:06:00,3.6,54.0,Chennai
ORD002063,CUST0155,Gulab Jamun,Desserts,1,83.39,,Cancelled,2022-11-13 21:38:00,3.8,53.0,Delhi
ORD003590,CUST0228,Paneer Tikka,Starters,3,596.19,Digital Wallet,Delivered,2023-01-19 09:47:00,4.7,21.0,Delhi
ORD001242,CUST0753,Club Sandwich,Sandwiches,2,317.23,Credit Card,In Progress,2023-02-18 08:37:00,4.2,50.0,Hyderabad
ORD006263,CUST0365,BLT Sandwich,Sandwiches,1,175.85,Net Banking,Delivered,2022-10-24 20:38:00,4.1,66.0,Mumbai
ORD002160,CUST0234,Pepperoni Pizza,Pizza,1,333.11,Digital Wallet,Pending,2023-09-14 22:53:00,2.9,24.0,Mumbai
ORD003870,CUST0284,Garlic Naan,Breads,2,123.38,Debit Card,Cancelled,2022-11-17 20:48:00,4.9,53.0,Bangalore
ORD004735,CUST0642,Butter Chicken,Main Course,1,308.61,UPI,Pending,2023-08-11 12:09:00,4.4,69.0,Chennai
ORD003397,CUST0197,Naan,Breads,2,79.59,,In Progress,2023-02-09 20:20:00,4.3,41.0,Hyderabad
ORD004517,CUST0569,Tiramisu,Desserts,4,772.55,Cash,Pending,2023-10-20 19:49:00,4.9,63.0,Delhi
ORD004421,CUST0536,Chicken Soup,Starters,1,149.0,Cash,Delivered,2023-09-28 20:05:00,4.1,50.0,Pune
ORD003563,CUST0586,Mushroom Risotto,Main Course,3,883.44,Cash,Delivered,2022-10-28 12:28:00,2.8,31.0,Bangalore
ORD002605,CUST0447,Grilled Salmon,MAIN COURSE,1,451.96,Digital Wallet,In Progress,2023-05-03 14:17:00,3.6,19.0,Mumbai
ORD006842,CUST0267,Veg Biryani,Main Course,4,1028.13,UPI,Delivered,2022-10-23 12:03:00,3.4,35.0,Delhi
ORD003324,CUST0259,Onion Rings,Starters,2,221.58,Cash,Cancelled,2023-07-18 22:07:00,4.5,16.0,Chennai
ORD003709,CUST0615,Margherita Pizza,Pizza,2,581.78,Cash,Delivered,2023-01-23 11:14:00,2.8,39.0,Mumbai
ORD006316,CUST0700,Bruschetta,Starters,3,395.72,UPI,Pending,2022-12-06 17:48:00,4.3,21.0,Chennai
ORD002312,CUST0583,Garlic Naan,Breads,2,116.05,,In Progress,2023-07-27 13:34:00,3.6,56.0,Pune
ORD004448,CUST0454,BLT Sandwich,Sandwiches,2,336.15,Cash,Delivered,2023-07-16 19:05:00,3.8,71.0,Bangalore
ORD004812,CUST0680,Club Sandwich,Sandwiches,1,158.23,,Pending,2023-09-29 19:09:00,3.2,46.0,Mumbai
ORD006634,CUST0750,Veg Manchurian,Starters,1,155.76,UPI,Delivered,2023-06-26 13:27:00,3.3,71.0,Delhi
ORD003362,CUST0487,Garlic Bread,Starters,1,87.98,Cash,Delivered,2022-10-07 11:58:00,2.8,59.0,Hyderabad
ORD002975,CUST0359,Ice Cream Sundae,Desserts,3,466.49,Net Banking,Delivered,2023-06-30 08:35:00,3.4,31.0,Chennai
ORD004514,CUST0789,Veg Biryani,Main Course,3,764.55,Net Banking,Pending,2023-06-08 11:46:00,4.8,69.0,Pune
ORD002761,CUST0350,Mango Lassi,Drinks,1,78.09,Cash,Delivered,2023-02-03 13:40:00,4.3,32.0,Chennai
ORD003739,CUST0568,Onion Rings,Starters,1,104.51,Debit Card,Cancelled,2022-11-17 08:48:00,4.0,22.0,Delhi
ORD006641,CUST0534,Chicken Fried Rice,Main Course,2,512.32,UPI,Delivered,2023-01-17 19:11:00,2.9,,Delhi
ORD003472,CUST0525,Butter Chicken,Main Course,4,1298.22,UPI,Pending,2022-11-11 18:49:00,4.1,42.0,Bangalore
ORD005007,CUST0151,Onion Rings,Starters,3,332.09,Credit Card,In Progress,2023-05-03 18:16:00,4.4,,Pune
ORD005718,CUST0164,Ice Cream Sundae,Desserts,4,600.25,UPI,Pending,2023-06-26 08:58:00,2.6,61.0,Delhi
ORD002493,CUST0584,Chicken Fried Rice,Main Course,4,989.82,Debit Card,Delivered,2023-07-02 12:54:00,4.4,40.0,Delhi
ORD005206,CUST0318,Chocolate Brownie,Desserts,4,499.02,Cash,In Progress,2022-11-06 21:49:00,3.0,54.0,Hyderabad
ORD003158,CUST0020,Naan,Breads,2,77.46,,Delivered,2023-04-27 11:06:00,4.2,60.0,Chennai
ORD002169,CUST0441,Chicken Soup,Starters,1,151.4,Debit Card,In Progress,2022-10-28 14:00:00,4.6,18.0,Bangalore
ORD006468,CUST0073,Chicken Biryani,Main Course,1,352.31,Debit Card,Delivered,2022-11-30 12:58:00,3.3,70.0,Mumbai
ORD001232,CUST0457,Chicken Tikka Masala,Main Course,2,674.32,Cash,Cancelled,2023-06-08 09:32:00,2.8,41.0,Hyderabad
ORD001066,CUST0124,Ice Cream Sundae,Desserts,1,152.96,Digital Wallet,Delivered,2023-03-04 20:38:00,3.4,42.0,Pune
ORD002603,CUST0718,Egg Curry,Main Course,1,183.29,Cash,Delivered,2023-06-10 11:28:00,2.9,23.0,Pune
ORD004283,CUST0726,Fish Curry,MAIN COURSE,3,1032.7,Digital Wallet,Cancelled,2023-10-27 19:56:00,3.7,27.0,Pune
ORD004596,CUST0709,Chicken Burger,Burgers,-1,624.7,UPI,Delivered,2022-10-18 13:08:00,3.4,42.0,Chennai
ORD005632,CUST0110,Dal Makhani,Main Course,2,431.22,Digital Wallet,Delivered,2023-02-12 08:04:00,3.9,53.0,Mumbai
ORD001125,CUST0045,Mutton Curry,Main Course,2,730.29,Net Banking,In Progress,2023-06-15 11:39:00,3.8,44.0,Pune
ORD002296,CUST0446,Mojito,Drinks,2,267.51,Net Banking,Delivered,2023-09-16 09:57:00,2.9,70.0,Bangalore
ORD002976,CUST0239,Farmhouse Pizza,Pizza,1,308.09,Digital Wallet,Delivered,2023-09-09 16:48:00,4.7,38.0,Bangalore
ORD006469,CUST0147,Mutton Curry,Main Course,2,757.16,Digital Wallet,Delivered,2023-04-18 09:58:00,3.7,17.0,Bangalore
ORD006426,CUST0454,Mutton Curry,Main Course,2,765.96,Debit Card,Delivered,2023-01-04 17:58:00,2.7,60.0,Pune
ORD003075,CUST0388,Grilled Sandwich,Sandwiches,2,288.76,Digital Wallet,Delivered,2023-10-16 08:19:00,4.7,25.0,Chennai
ORD005580,CUST0015,Lamb Rogan Josh,Main Course,1,401.54,Debit Card,Delivered,2022-12-10 21:57:00,,17.0,Hyderabad
ORD004086,CUST0659,Farmhouse Pizza,Pizza,1,305.63,Debit Card,Cancelled,25/10/2022 09:21,3.6,29.0,Bangalore
ORD006246,CUST0622,Rasgulla,Desserts,2,139.3,Cash,Pending,2023-02-18 12:56:00,2.6,29.0,Chennai
ORD004345,CUST0682,Paratha,Breads,2,97.23,Digital Wallet,Delivered,2023-09-10 14:26:00,3.4,48.0,Bangalore
ORD006406,CUST0192,Fresh Lime Soda,Drinks,3,185.98,Debit Card,Cancelled,2023-01-30 21:52:00,4.2,64.0,Bangalore
ORD003797,CUST0144,BLT Sandwich,Sandwiches,2,336.44,Digital Wallet,Cancelled,2023-04-27 19:42:00,3.0,22.0,Mumbai
ORD001918,CUST0193,Cold Brew Coffee,Drinks,5,727.82,UPI,Delivered,2023-04-19 08:24:00,3.3,43.0,Pune
ORD002646,CUST0517,Pasta Arrabbiata,Main Course,4,985.57,,Cancelled,2023-06-20 20:32:00,2.8,18.0,Hyderabad
ORD006122,CUST0272,BLT Sandwich,Sandwiches,1,164.49,Debit Card,Delivered,30/03/2023 12:41,3.1,43.0,Chennai
ORD006126,CUST0287,Paratha,Breads,4,197.28,Credit Card,Delivered,2023-08-12 12:36:00,3.9,75.0,Mumbai
ORD005978,CUST0603,Cold Brew Coffee,Drinks,4,582.2,UPI,Cancelled,2023-10-13 15:24:00,3.9,22.0,Delhi
ORD005621,CUST0570,Palak Paneer,Main Course,3,778.03,,Delivered,2023-07-20 12:32:00,4.9,50.0,Chennai
ORD001364,CUST0195,Garlic Naan,Breads,2,119.21,UPI,In Progress,2022-10-28 09:13:00,3.9,74.0,Pune
ORD004287,CUST0229,Veg Manchurian,Starters,1,158.15,Cash,Delivered,2023-08-23 19:45:00,3.0,31.0,Mumbai
ORD003125,CUST0074,Pasta Arrabbiata,Main Course,2,473.68,Cash,Pending,2023-05-08 22:17:00,4.4,58.0,Bangalore
ORD005123,CUST0278,Paneer Butter Masala,Main Course,1,269.66,Cash,Pending,2023-05-11 20:01:00,3.4,16.0,Hyderabad
ORD005569,CUST0455,Butter Chicken,Main Course,2,657.45,Net Banking,Delivered,2023-02-04 16:12:00,5.0,43.0,Pune
ORD001525,CUST0548,Paneer Butter Masala,Main Course,1,288.83,Cash,In Progress,2022-12-09 12:30:00,4.8,75.0,Hyderabad
ORD005821,CUST0351,Veg Supreme Pizza,Pizza,5,1486.38,Net Banking,Pending,2023-05-29 08:01:00,4.4,37.0,Chennai
ORD001055,CUST0554,Farmhouse Pizza,Pizza,1,313.14,Cash,Delivered,2023-02-17 12:57:00,2.9,39.0,Pune
ORD001638,CUST0522,Club Sandwich,Sandwiches,4,652.5,UPI,Pending,2023-05-06 19:29:00,4.6,39.0,Bangalore
ORD001302,CUST0276,Veg Manchurian,Starters,3,488.46,Net Banking,Cancelled,2023-06-08 09:40:00,3.4,19.0,Pune
ORD003766,CUST0050,Masala Chai,Drinks,1,38.6,Cash,Pending,2023-05-03 09:37:00,3.1,30.0,Delhi
ORD002276,CUST0577,Veg Supreme Pizza,Pizza,5,1484.6,Cash,In Progress,2023-01-27 13:30:00,3.3,24.0,Pune
ORD005720,CUST0625,Mojito,Drinks,2,251.08,UPI,Pending,2023-02-24 09:39:00,3.6,28.0,Mumbai
ORD003055,CUST0226,Classic Burger,Burgers,1,187.25,Credit Card,Pending,2022-11-15 13:28:00,4.8,33.0,Pune
ORD006145,CUST0339,Fresh Lime Soda,Drinks,3,182.95,Credit Card,Delivered,2023-06-11 08:10:00,3.4,61.0,Mumbai
ORD005432,CUST0756,Lamb Rogan Josh,Main Course,1,380.63,Debit Card,Cancelled,2023-08-15 12:05:00,3.7,19.0,Hyderabad
ORD004644,CUST0566,Veg Burger,Burgers,1,147.74,Net Banking,In Progress,2023-04-04 20:52:00,3.4,74.0,Bangalore
ORD005143,CUST0330,Veg Fried Rice,Main Course,2,391.73,Credit Card,Delivered,2023-03-02 13:49:00,4.6,15.0,Mumbai
ORD003878,CUST0782,Watermelon Juice,Drinks,5,356.67,Net Banking,Delivered,2023-07-02 08:01:00,3.3,18.0,Bangalore
ORD005202,CUST0597,Mushroom Risotto,Main Course,1,303.91,Net Banking,Delivered,2022-11-23 08:57:00,3.0,37.0,
ORD006175,CUST0319,Mango Lassi,Drinks,4,326.0,Debit Card,Delivered,2023-02-20 12:10:00,3.0,24.0,Bangalore
ORD003286,CUST0178,Ice Cream Sundae,DESSERTS,4,607.6,Credit Card,Pending,2023-09-20 21:36:00,3.8,69.0,Bangalore
ORD003261,CUST0184,Gulab Jamun,Desserts,1,80.15,Credit Card,Delivered,2022-11-26 20:03:00,,,Hyderabad
ORD003296,CUST0637,Dal Makhani,Main Course,1,226.18,UPI,In Progress,2023-07-10 19:03:00,4.0,21.0,Pune
ORD002753,CUST0211,Veg Burger,Burgers,1,144.54,Credit Card,Delivered,2022-12-31 08:31:00,4.2,20.0,Chennai
ORD006197,CUST0315,Veg Burger,Burgers,1,144.43,Net Banking,Pending,2022-11-27 20:30:00,4.1,16.0,Bangalore
ORD002968,CUST0302,Veg Manchurian,Starters,4,635.23,Credit Card,Cancelled,2023-01-04 09:09:00,3.6,71.0,Hyderabad
ORD006252,CUST0536,Chicken Biryani,Main Course,1,361.0,Digital Wallet,Cancelled,2023-06-09 13:00:00,2.6,16.0,Hyderabad
ORD004117,CUST0012,Ice Cream Sundae,Desserts,1,149.14,Credit Card,Delivered,2023-07-05 11:24:00,3.8,71.0,Hyderabad
ORD003393,CUST0142,Veg Biryani,Main Course,3,816.42,Debit Card,Pending,2023-04-24 14:44:00,2.8,72.0,Chennai
ORD001523,CUST0578,Onion Rings,Starters,2,222.0,UPI,Pending,2023-05-22 19:40:00,4.1,49.0,Bangalore
ORD004900,CUST0524,Chicken Tikka Masala,Main Course,1,331.82,Cash,In Progress,2023-07-31 11:22:00,3.0,57.0,Pune
ORD006646,CUST0166,Butter Chicken,Main Course,3,932.96,,Pending,2023-04-17 13:51:00,4.0,61.0,Hyderabad
ORD005699,CUST0004,Cold Coffee,Drinks,1,97.89,UPI,Delivered,2022-12-05 08:45:00,4.1,17.0,Bangalore
ORD006338,CUST0160,Chocolate Brownie,Desserts,1,118.33,Net Banking,In Progress,2022-11-10 12:06:00,4.4,64.0,Pune
ORD004122,CUST0263,Watermelon Juice,Drinks,1,72.41,Digital Wallet,Cancelled,2023-09-01 12:25:00,3.7,21.0,Chennai
ORD005156,CUST0153,Garlic Bread,Starters,1,87.85,Debit Card,Cancelled,2023-04-09 21:32:00,4.0,19.0,Chennai
ORD002969,CUST0628,Grilled Sandwich,Sandwiches,2,279.27,Cash,Cancelled,2023-04-24 09:20:00,2.6,20.0,Delhi
ORD001671,CUST0634,Mojito,Drinks,3,389.57,,Delivered,2022-10-10 14:58:00,4.3,23.0,Mumbai
ORD005188,CUST0563,Chicken Fried Rice,Main Course,4,1040.32,Cash,Delivered,2023-08-21 19:35:00,2.9,63.0,Chennai
ORD001666,CUST0568,Fish Fingers,Starters,3,677.19,Cash,Cancelled,2023-02-26 19:11:00,4.2,34.0,Pune
ORD006238,CUST0004,Pepperoni Pizza,Pizza,1,349.74,,In Progress,2022-11-15 21:07:00,2.9,70.0,Mumbai
ORD002887,CUST0744,Garlic Naan,Breads,3,172.77,Cash,Pending,2023-04-05 13:50:00,3.0,17.0,Mumbai
ORD004266,CUST0235,Paneer Butter Masala,Main Course,3,880.73,Digital Wallet,Delivered,2023-03-25 13:10:00,3.7,58.0,Mumbai
ORD001280,CUST0628,Bruschetta,Starters,1,126.73,Cash,Pending,2023-09-06 13:41:00,5.0,58.0,Pune
ORD002719,CUST0664,Masala Chai,Drinks,1,41.42,Digital Wallet,Cancelled,2022-12-03 19:16:00,,22.0,Hyderabad
ORD003947,CUST0381,Gulab Jamun,Desserts,1,81.38,Digital Wallet,Delivered,04/08/2023 13:18,3.8,36.0,Pune
ORD005455,CUST0659,Club Sandwich,Sandwiches,1,153.03,Net Banking,Delivered,2023-10-26 20:55:00,3.2,,Pune
ORD001899,CUST0313,Gulab Jamun,Desserts,1,81.24,UPI,Delivered,2022-11-26 12:13:00,3.4,38.0,Pune
ORD006872,CUST0615,Veg Fried Rice,Main Course,3,602.04,Net Banking,Delivered,2023-06-18 18:05:00,2.5,59.0,Chennai
ORD001760,CUST0517,Garlic Naan,Breads,2,116.52,Debit Card,Cancelled,2022-11-09 19:19:00,4.2,35.0,Delhi
ORD002906,CUST0127,Fresh Lime Soda,Drinks,3,171.46,Debit Card,Pending,2023-06-04 21:27:00,2.9,29.0,Chennai
ORD005042,CUST0069,Watermelon Juice,Drinks,3,207.79,Debit Card,Delivered,2023-10-25 19:43:00,4.0,26.0,Mumbai
ORD004823,CUST0292,Mojito,Drinks,3,405.65,Credit Card,Cancelled,2023-07-25 10:07:00,3.3,15.0,Mumbai
ORD005138,CUST0593,Veg Burger,BURGERS,5,762.07,UPI,Delivered,2023-05-21 19:53:00,2.6,52.0,Bangalore
ORD004818,CUST0749,Fish Curry,Main Course,1,330.42,Cash,Delivered,2023-01-09 13:23:00,,75.0,Chennai
ORD005300,CUST0162,Mushroom Risotto,Main Course,1,291.73,Debit Card,Cancelled,2022-10-11 12:59:00,4.9,18.0,Mumbai
ORD003593,CUST0606,Mushroom Risotto,Main Course,3,943.89,Digital Wallet,In Progress,2022-12-23 09:12:00,4.8,75.0,Hyderabad
ORD005164,CUST0383,Lamb Rogan Josh,Main Course,2,776.49,UPI,Pending,2023-10-13 12:29:00,4.3,25.0,Chennai
ORD004031,CUST0759,Butter Chicken,Main Course,2,614.39,UPI,Delivered,2022-10-25 18:56:00,4.0,,Pune
ORD004579,CUST0608,Veg Manchurian,Starters,1,161.21,Credit Card,Pending,2023-09-09 20:51:00,3.5,43.0,Mumbai
ORD003832,CUST0337,Classic Burger,Burgers,1,185.19,Cash,In Progress,2023-07-28 09:58:00,4.3,,Mumbai
ORD004472,CUST0057,Naan,Breads,3,115.11,Debit Card,In Progress,2023-09-09 20:49:00,,69.0,
ORD001137,CUST0611,Palak Paneer,Main Course,1,256.62,Cash,Delivered,2023-10-05 12:36:00,2.9,63.0,Chennai
ORD005892,CUST0164,Veg Burger,Burgers,2,287.79,Debit Card,Delivered,2023-08-09 08:33:00,2.6,48.0,Mumbai
ORD003180,CUST0146,Veg Fried Rice,Main Course,4,821.15,UPI,Cancelled,2023-06-10 09:11:00,4.4,30.0,Delhi
ORD003128,CUST0509,Ice Cream Sundae,Desserts,5,762.5,Cash,Delivered,2022-11-06 19:41:00,4.3,20.0,Delhi
ORD004177,CUST0381,Strawberry Shake,Drinks,2,230.48,Debit Card,Delivered,2023-07-02 21:40:00,2.7,68.0,Delhi
ORD005854,CUST0393,Fish Curry,Main Course,2,710.14,Cash,Pending,2023-06-21 20:33:00,2.7,71.0,Mumbai
ORD005637,CUST0010,Palak Paneer,Main Course,2,526.76,Net Banking,Delivered,2023-03-16 08:15:00,4.7,45.0,Delhi
ORD006115,CUST0056,Paneer Butter Masala,Main Course,2,559.13,Net Banking,Pending,2023-05-23 13:57:00,3.0,43.0,Delhi
ORD006273,CUST0353,Cold Coffee,Drinks,1,97.98,Cash,Delivered,30/05/2023 20:18,3.6,57.0,Mumbai
ORD005261,CUST0756,Margherita Pizza,Pizza,2,540.64,Digital Wallet,Delivered,2023-10-10 17:22:00,3.0,16.0,Chennai
ORD005344,CUST0380,Grilled Salmon,Main Course,2,889.48,Net Banking,Pending,14/04/2023 18:11,3.5,24.0,Hyderabad
ORD002331,CUST0485,Bruschetta,Starters,2,267.86,Net Banking,Delivered,2023-05-19 15:49:00,4.6,38.0,Mumbai
ORD003017,CUST0140,Fish Fingers,Starters,4,872.08,Debit Card,Cancelled,2022-10-28 13:13:00,5.0,47.0,Delhi
ORD005542,CUST0669,Farmhouse Pizza,Pizza,1,312.56,Digital Wallet,Cancelled,2023-01-23 13:41:00,3.1,63.0,Chennai
ORD003482,CUST0310,Margherita Pizza,Pizza,5,1342.19,Net Banking,In Progress,2023-10-30 12:20:00,4.0,16.0,Mumbai
ORD002358,CUST0248,Veg Burger,Burgers,1,149.42,Credit Card,Cancelled,2023-02-03 19:28:00,3.8,22.0,Chennai
ORD002329,CUST0165,Margherita Pizza,Pizza,2,537.68,Debit Card,Delivered,2023-04-26 20:00:00,,39.0,Pune
ORD006968,CUST0420,Naan,Breads,2,81.05,Credit Card,Delivered,2023-01-04 20:56:00,4.3,36.0,Delhi
ORD003150,CUST0532,Veg Burger,Burgers,4,615.7,Debit Card,Delivered,2023-06-03 12:57:00,,60.0,Hyderabad
ORD005530,CUST0409,Naan,Breads,4,166.58,Net Banking,Delivered,2023-02-26 21:49:00,4.3,70.0,Hyderabad
ORD003122,CUST0014,Farmhouse Pizza,Pizza,4,1314.84,Net Banking,Delivered,2023-08-31 17:09:00,3.0,39.0,Delhi
ORD005673,CUST0106,Tandoori Roti,Breads,1,29.35,Digital Wallet,In Progress,2023-04-07 13:27:00,3.6,45.0,Hyderabad
ORD004981,CUST0448,Paneer Butter Masala,MAIN COURSE,3,846.31,Net Banking,Delivered,2023-09-29 21:34:00,2.7,56.0,Chennai
ORD002252,CUST0534,Veg Burger,Burgers,1,146.73,Credit Card,Cancelled,2023-07-20 13:28:00,3.2,22.0,
ORD004278,CUST0371,Masala Chai,Drinks,2,79.16,Debit Card,Delivered,2023-10-18 17:09:00,4.0,69.0,Pune
ORD004374,CUST0257,Paratha,Breads,1,49.81,UPI,Cancelled,2023-05-20 16:44:00,3.9,49.0,Bangalore
ORD003814,CUST0660,Cheesecake,Desserts,5,903.27,Digital Wallet,Delivered,2023-04-10 10:22:00,4.0,42.0,Bangalore
ORD005719,CUST0024,Chicken Soup,Starters,1,150.66,UPI,Pending,2023-02-14 13:32:00,4.4,58.0,Hyderabad
ORD002848,CUST0228,Lamb Rogan Josh,Main Course,2,819.15,Credit Card,Pending,2023-02-15 20:53:00,4.9,74.0,Chennai
ORD005858,CUST0733,Ice Cream Sundae,Desserts,1,150.89,Digital Wallet,Delivered,2023-01-23 20:04:00,4.2,47.0,Mumbai
ORD004037,CUST0175,Paratha,Breads,1,51.55,Net Banking,Cancelled,2023-04-01 21:25:00,4.6,51.0,Hyderabad
ORD001388,CUST0639,Club Sandwich,Sandwiches,2,310.98,UPI,Pending,2023-03-04 19:52:00,2.8,47.0,Pune
ORD001235,CUST0384,Chicken Biryani,Main Course,3,1077.91,UPI,Cancelled,2023-10-09 19:26:00,4.7,,Hyderabad
ORD002077,CUST0161,Bruschetta,Starters,4,520.1,Debit Card,Delivered,2023-09-29 11:59:00,3.8,75.0,Delhi
ORD002984,CUST0107,Chicken Fried Rice,Main Course,4,951.18,Digital Wallet,Delivered,2023-09-24 20:47:00,4.3,40.0,Hyderabad
ORD005363,CUST0533,Paneer Tikka,Starters,5,1014.48,Digital Wallet,Pending,2023-06-26 19:04:00,4.5,28.0,Pune
ORD004962,CUST0619,Cheesecake,Desserts,4,729.2,Digital Wallet,Pending,2023-02-06 09:46:00,3.7,41.0,Delhi
ORD001770,CUST0400,Cheese Burst Burger,Burgers,1,226.75,Net Banking,In Progress,2023-03-18 20:47:00,3.1,42.0,Delhi
ORD003165,CUST0419,Tiramisu,Desserts,1,190.2,UPI,Cancelled,2022-10-12 11:16:00,2.7,59.0,Mumbai
ORD005533,CUST0064,Ice Cream Sundae,Desserts,1,156.14,Net Banking,Cancelled,2023-06-28 09:14:00,4.7,71.0,Bangalore
ORD001673,CUST0208,Chicken Soup,Starters,1,151.42,UPI,Delivered,2023-08-12 11:51:00,4.5,62.0,Pune
ORD001249,CUST0665,Rasgulla,Desserts,4,281.46,Debit Card,Delivered,2023-02-22 13:34:00,3.2,47.0,Hyderabad
ORD002574,CUST0100,Dal Makhani,Main Course,4,862.7,Cash,Delivered,2023-04-14 19:10:00,3.0,27.0,Hyderabad
ORD004419,CUST0191,Paneer Tikka,Starters,2,388.39,Digital Wallet,Cancelled,2023-09-23 08:34:00,3.8,66.0,Mumbai
ORD003081,CUST0172,Margherita Pizza,Pizza,2,551.25,UPI,Delivered,2023-03-04 19:24:00,2.8,25.0,
ORD002823,CUST0684,Garlic Naan,Breads,5,296.28,Digital Wallet,Delivered,2023-01-06 11:04:00,3.3,52.0,Mumbai
ORD006604,CUST0780,Onion Rings,Starters,2,225.84,Net Banking,Cancelled,2023-05-18 17:49:00,3.1,37.0,Pune
ORD006952,CUST0476,Mojito,Drinks,1,127.06,Digital Wallet,In Progress,2023-03-01 12:36:00,4.0,24.0,Bangalore
ORD005544,CUST0578,Mushroom Risotto,Main Course,2,621.76,Credit Card,Cancelled,2022-10-25 12:00:00,2.5,73.0,Pune
ORD001716,CUST0746,Ice Cream Sundae,Desserts,3,446.2,,In Progress,2023-05-15 12:51:00,4.7,23.0,Chennai
ORD006397,CUST0121,Classic Burger,Burgers,5,936.5,Cash,Delivered,2023-10-26 21:03:00,,17.0,Pune
ORD006653,CUST0571,Cheese Burst Burger,Burgers,1,226.65,Cash,Delivered,2022-11-02 08:38:00,2.6,52.0,
ORD003048,CUST0046,Grilled Sandwich,Sandwiches,1,140.65,Net Banking,Delivered,2023-10-03 13:16:00,5.0,47.0,Bangalore
ORD006264,CUST0001,Garlic Naan,Breads,2,119.13,Cash,Delivered,2023-05-17 21:21:00,3.0,62.0,Bangalore
ORD005178,CUST0174,Naan,Breads,1,40.89,Cash,In Progress,2023-06-16 12:32:00,2.7,22.0,Bangalore
ORD005809,CUST0333,Veg Supreme Pizza,Pizza,4,1253.4,,Cancelled,2023-07-19 19:04:00,4.5,52.0,Bangalore
ORD003724,CUST0039,Garlic Naan,Breads,1,57.43,Net Banking,Cancelled,2023-07-11 20:05:00,3.3,22.0,Pune
ORD006473,CUST0024,Veg Manchurian,Starters,3,502.38,UPI,Delivered,2022-11-20 19:18:00,4.6,29.0,Bangalore
ORD002460,CUST0442,Gulab Jamun,Desserts,3,244.96,Debit Card,Delivered,2023-04-05 20:16:00,4.8,74.0,Delhi
ORD002668,CUST0423,Mushroom Risotto,Main Course,4,1251.13,Net Banking,Cancelled,2023-09-23 16:23:00,3.5,36.0,Bangalore
ORD003756,CUST0189,Club Sandwich,Sandwiches,4,619.54,Credit Card,In Progress,2022-10-05 16:43:00,2.9,31.0,Delhi
ORD003000,CUST0004,Paneer Butter Masala,Main Course,3,799.42,Debit Card,Delivered,2023-10-20 13:11:00,4.9,75.0,Pune
ORD005571,CUST0500,Farmhouse Pizza,Pizza,1,330.95,Cash,Delivered,2023-03-10 12:28:00,3.3,29.0,Bangalore
ORD005613,CUST0447,Cheese Burst Burger,Burgers,1,211.57,Net Banking,Delivered,2023-08-18 13:41:00,4.5,61.0,Chennai
ORD001404,CUST0604,Tiramisu,Desserts,1,194.49,Digital Wallet,Delivered,2022-12-07 11:01:00,2.8,60.0,Pune
ORD001384,CUST0353,Lamb Rogan Josh,Main Course,2,836.84,Credit Card,Delivered,2023-05-31 17:22:00,4.4,59.0,Mumbai
ORD006438,CUST0239,Strawberry Shake,Drinks,2,248.97,Debit Card,Cancelled,2023-09-15 17:58:00,3.0,44.0,Bangalore
ORD003152,CUST0741,Dal Makhani,Main Course,2,455.32,Digital Wallet,Delivered,2023-04-14 21:09:00,3.9,67.0,Mumbai
ORD002633,CUST0396,BLT Sandwich,Sandwiches,1,172.91,UPI,Delivered,2023-05-11 17:38:00,3.1,69.0,Mumbai
ORD006548,CUST0169,Cold Coffee,Drinks,1,102.82,Credit Card,Delivered,2023-08-20 10:18:00,4.4,46.0,Mumbai
ORD005784,CUST0175,Veg Burger,Burgers,4,623.23,Net Banking,Pending,2023-04-15 22:13:00,3.7,51.0,Pune
ORD004925,CUST0583,Watermelon Juice,Drinks,2,146.35,Net Banking,Cancelled,2023-09-22 15:56:00,4.9,74.0,Bangalore
ORD005158,CUST0585,Pepperoni Pizza,Pizza,4,1411.16,Digital Wallet,In Progress,2023-07-11 12:30:00,4.0,41.0,Pune
ORD005948,CUST0381,Veg Biryani,Main Course,2,530.83,UPI,Delivered,2023-09-11 12:47:00,4.8,47.0,Bangalore
ORD001223,CUST0116,Cold Brew Coffee,Drinks,2,313.16,Debit Card,Delivered,16/06/2023 13:12,4.3,56.0,Bangalore
ORD003193,CUST0066,Garlic Bread,Starters,1,90.67,Net Banking,Delivered,2023-01-23 19:10:00,2.9,24.0,Mumbai
ORD004136,CUST0238,Strawberry Shake,Drinks,1,115.12,Net Banking,In Progress,2023-04-19 12:51:00,3.9,35.0,Delhi
ORD005469,CUST0225,Grilled Sandwich,Sandwiches,1,142.42,Net Banking,Cancelled,2023-07-21 20:07:00,3.9,31.0,Chennai
ORD002824,CUST0406,Veg Supreme Pizza,Pizza,3,870.18,Debit Card,Pending,2023-07-24 12:09:00,2.6,67.0,Mumbai
ORD006563,CUST0488,Grilled Sandwich,Sandwiches,2,291.06,Digital Wallet,Delivered,2023-02-06 12:05:00,,30.0,Chennai
ORD006124,CUST0395,Rasgulla,Desserts,2,137.36,Credit Card,Delivered,2022-10-19 12:47:00,3.7,42.0,Chennai
ORD005972,CUST0774,Bruschetta,Starters,4,518.72,Digital Wallet,Cancelled,2023-03-25 13:50:00,2.8,30.0,Mumbai
ORD001797,CUST0218,Mango Lassi,Drinks,3,247.74,Digital Wallet,Delivered,2023-07-16 21:37:00,3.8,51.0,Delhi
ORD003871,CUST0390,Palak Paneer,Main Course,4,1058.54,Digital Wallet,Cancelled,2023-06-11 12:46:00,4.5,38.0,Pune
ORD001009,CUST0253,Egg Curry,Main Course,1,187.46,Net Banking,Pending,2023-05-23 09:08:00,3.8,62.0,Chennai
ORD002944,CUST0440,Club Sandwich,Sandwiches,1,160.75,Cash,Delivered,2023-10-04 12:39:00,3.6,34.0,Delhi
ORD002838,CUST0621,Garlic Naan,Breads,2,120.09,,In Progress,2023-02-27 19:19:00,4.0,50.0,Pune
ORD005804,CUST0208,Pepperoni Pizza,Pizza,2,712.67,Cash,Pending,2023-05-15 18:43:00,3.9,33.0,Hyderabad
ORD001255,CUST0518,Grilled Salmon,Main Course,3,1313.74,UPI,Delivered,2023-09-28 09:13:00,2.7,55.0,Pune
ORD005485,CUST0194,Veg Burger,Burgers,1,156.23,Credit Card,Delivered,2023-07-11 19:14:00,,65.0,Pune
ORD006455,CUST0373,Egg Curry,Main Course,4,747.61,Debit Card,Delivered,2023-08-08 20:40:00,4.7,43.0,Bangalore
ORD002581,CUST0501,Pasta Arrabbiata,Main Course,1,241.52,Credit Card,In Progress,2023-05-11 17:44:00,4.6,18.0,Bangalore
ORD003956,CUST0796,Veg Supreme Pizza,Pizza,2,580.55,Credit Card,Delivered,2022-11-25 13:40:00,4.1,63.0,Mumbai
ORD001924,CUST0583,Classic Burger,Burgers,3,545.66,UPI,Cancelled,2023-02-04 15:58:00,3.7,17.0,Pune
ORD006360,CUST0357,Masala Chai,Drinks,2,79.49,Cash,Cancelled,2023-03-06 08:13:00,4.2,65.0,Bangalore
ORD003508,CUST0603,Cold Brew Coffee,Drinks,2,302.7,Net Banking,Pending,2023-08-04 19:09:00,4.5,61.0,Chennai
ORD006024,CUST0430,Cheesecake,Desserts,2,342.64,Credit Card,In Progress,2023-05-19 20:21:00,3.3,62.0,Hyderabad
ORD006320,CUST0019,Mojito,Drinks,4,536.86,Digital Wallet,Cancelled,2023-01-19 22:26:00,3.2,53.0,Bangalore
ORD004775,CUST0532,Bruschetta,Starters,1,135.06,Digital Wallet,In Progress,2023-02-25 19:01:00,4.5,61.0,Bangalore
ORD005835,CUST0536,Tiramisu,Desserts,3,621.4,Cash,Delivered,2023-03-16 20:46:00,4.5,25.0,Chennai
ORD005136,CUST0735,Lamb Rogan Josh,Main Course,1,411.83,Cash,Delivered,2022-10-08 13:18:00,4.1,22.0,Pune
ORD005964,CUST0397,Chicken Soup,Starters,1,143.77,Digital Wallet,Cancelled,2023-01-18 11:44:00,3.3,,Bangalore
ORD003779,CUST0023,Tiramisu,Desserts,1,195.72,Cash,Delivered,2022-12-17 18:12:00,4.8,30.0,Hyderabad
ORD001539,CUST0325,Butter Chicken,Main Course,1,321.16,Digital Wallet,In Progress,2022-11-24 09:14:00,4.4,66.0,Hyderabad
ORD003745,CUST0466,Kheer,Desserts,4,351.45,Debit Card,In Progress,2023-05-29 16:51:00,4.7,23.0,Chennai
ORD006444,CUST0034,Cheese Burst Burger,Burgers,3,662.94,UPI,Pending,2022-12-12 19:09:00,2.8,75.0,Pune
ORD006529,CUST0417,Butter Chicken,Main Course,3,996.14,Debit Card,Delivered,2023-01-04 16:59:00,3.9,68.0,Hyderabad
ORD002145,CUST0792,Chicken Fried Rice,Main Course,1,249.45,Net Banking,Cancelled,08/06/2023 22:20,3.1,31.0,Bangalore
ORD006127,CUST0631,Veg Biryani,Main Course,2,506.8,Net Banking,Pending,2023-08-28 09:04:00,3.7,71.0,Hyderabad
ORD005468,CUST0757,Veg Burger,Burgers,2,303.99,Digital Wallet,Delivered,2023-08-03 21:26:00,4.3,38.0,Bangalore
ORD001667,CUST0648,Veg Burger,Burgers,1,144.1,UPI,In Progress,2023-09-18 13:05:00,3.0,17.0,Delhi
ORD004019,CUST0085,Butter Chicken,Main Course,1,320.15,Digital Wallet,In Progress,2023-08-27 11:22:00,4.2,63.0,Hyderabad
ORD001357,CUST0790,Masala Chai,Drinks,1,38.01,Digital Wallet,Delivered,2023-09-25 21:25:00,3.0,35.0,Chennai
ORD006063,CUST0645,Strawberry Shake,Drinks,5,606.52,Credit Card,Delivered,2023-09-27 12:43:00,4.5,47.0,Bangalore
ORD003831,CUST0292,Kheer,Desserts,5,459.15,UPI,In Progress,2023-05-23 08:44:00,3.1,18.0,Mumbai
ORD003783,CUST0537,Pepperoni Pizza,Pizza,2,704.91,Credit Card,Delivered,2023-03-24 21:58:00,2.7,64.0,Bangalore
ORD002353,CUST0343,Veg Burger,Burgers,4,580.66,UPI,In Progress,2023-02-25 08:53:00,2.9,73.0,Mumbai
ORD006131,CUST0547,Chicken Burger,Burgers,5,980.58,Digital Wallet,Delivered,2023-06-03 13:33:00,4.3,41.0,Mumbai
ORD001470,CUST0238,Onion Rings,Starters,3,344.49,Cash,Delivered,2022-10-21 11:31:00,3.4,17.0,Pune
ORD003703,CUST0568,Veg Biryani,Main Course,4,1016.48,Net Banking,Delivered,2023-08-11 13:30:00,3.9,,Hyderabad
ORD004330,CUST0333,Paratha,Breads,3,149.52,Net Banking,Delivered,2022-12-13 13:16:00,2.7,39.0,Mumbai
ORD004637,CUST0169,Veg Manchurian,Starters,3,466.2,UPI,Pending,2023-06-15 13:34:00,4.5,63.0,Hyderabad
ORD002396,CUST0266,Watermelon Juice,Drinks,2,139.45,Debit Card,Pending,2023-03-20 10:45:00,4.4,16.0,Delhi
ORD004584,CUST0570,Watermelon Juice,Drinks,2,142.47,Debit Card,Cancelled,2023-05-30 14:33:00,2.9,43.0,Bangalore
ORD006432,CUST0756,Naan,Breads,4,157.44,UPI,In Progress,2022-11-02 21:29:00,4.7,37.0,Chennai
ORD006262,CUST0315,Spring Rolls,Starters,2,235.3,Credit Card,Delivered,2023-06-09 20:45:00,2.6,66.0,Bangalore
ORD004376,CUST0465,Mojito,Drinks,5,623.12,Credit Card,Pending,2023-08-11 15:38:00,3.3,40.0,Chennai
ORD002256,CUST0642,Veg Manchurian,Starters,3,471.24,Cash,In Progress,2023-07-13 19:56:00,4.1,30.0,Delhi
ORD004512,CUST0078,Watermelon Juice,Drinks,2,141.08,Debit Card,Cancelled,2022-11-29 22:07:00,3.1,39.0,Pune
ORD002250,CUST0238,BLT Sandwich,Sandwiches,1,177.1,Net Banking,Delivered,2023-08-07 20:59:00,2.9,28.0,Chennai
ORD006348,CUST0184,Lamb Rogan Josh,Main Course,2,791.78,Cash,Delivered,2023-03-19 21:31:00,4.3,46.0,Delhi
ORD006819,CUST0676,Paneer Tikka,Starters,2,396.16,Debit Card,Delivered,2023-09-30 12:03:00,,57.0,Bangalore
ORD005298,CUST0364,Grilled Salmon,Main Course,3,1326.05,Net Banking,In Progress,2023-07-28 20:09:00,4.0,65.0,Hyderabad
ORD004284,CUST0128,Chicken Soup,Starters,4,574.41,UPI,In Progress,2023-02-13 19:33:00,4.7,44.0,Pune
ORD003933,CUST0172,Pasta Arrabbiata,Main Course,3,734.9,UPI,Delivered,2023-08-01 09:41:00,3.5,,Delhi
ORD005175,CUST0338,Chicken Tikka Masala,Main Course,3,952.99,UPI,Cancelled,2023-09-18 13:44:00,4.6,52.0,Pune
ORD006268,CUST0559,Bruschetta,Starters,1,132.59,Debit Card,Delivered,2023-08-31 12:19:00,3.6,25.0,Pune
ORD005910,CUST0213,Kheer,Desserts,4,350.9,Digital Wallet,In Progress,2023-05-21 20:30:00,3.3,22.0,Pune
ORD002852,CUST0573,Margherita Pizza,Pizza,1,284.08,Debit Card,Delivered,2023-06-23 12:24:00,4.0,63.0,Hyderabad
ORD006666,CUST0243,BBQ Chicken Pizza,Pizza,5,1837.26,Digital Wallet,Delivered,2022-12-30 20:13:00,4.5,74.0,Pune
ORD006900,CUST0309,Paneer Butter Masala,Main Course,2,566.17,Credit Card,Delivered,2023-07-04 20:44:00,3.5,42.0,Delhi
ORD003105,CUST0747,Grilled Salmon,Main Course,1,468.93,Credit Card,Delivered,2023-06-05 21:11:00,3.3,35.0,Hyderabad
ORD001133,CUST0359,Grilled Salmon,Main Course,2,868.93,Digital Wallet,Delivered,2023-06-04 11:06:00,2.8,32.0,Chennai
ORD006236,CUST0265,Paneer Tikka,Starters,3,589.5,,In Progress,2022-11-08 21:15:00,5.0,46.0,Bangalore
ORD006029,CUST0242,Egg Curry,Main Course,3,557.53,Net Banking,Delivered,2023-02-15 08:30:00,3.9,20.0,Chennai
ORD001928,CUST0567,Mutton Curry,Main Course,3,1107.77,Cash,Delivered,2023-06-10 13:48:00,2.7,21.0,
ORD001823,CUST0669,Mushroom Risotto,Main Course,3,890.13,Net Banking,Delivered,2023-05-02 20:43:00,4.5,66.0,Delhi
ORD006499,CUST0138,Dal Makhani,Main Course,2,460.71,Credit Card,Delivered,2022-10-08 22:43:00,4.3,43.0,Hyderabad
ORD002531,CUST0488,Watermelon Juice,Drinks,1,67.06,Credit Card,In Progress,2023-03-14 19:12:00,5.0,53.0,Pune
ORD002214,CUST0715,Cheese Burst Burger,Burgers,1,223.38,Digital Wallet,Pending,2023-06-27 21:20:00,2.8,37.0,Hyderabad
ORD001504,CUST0555,Butter Chicken,Main Course,2,650.46,Cash,Cancelled,2023-08-11 08:54:00,3.4,35.0,Hyderabad
ORD005285,CUST0451,Garlic Bread,Starters,3,259.71,Digital Wallet,In Progress,2023-02-13 16:21:00,3.5,74.0,Mumbai
ORD002996,CUST0693,Grilled Sandwich,Sandwiches,2,283.68,UPI,In Progress,2023-09-09 21:58:00,3.5,15.0,
ORD004072,CUST0448,Cold Brew Coffee,Drinks,1,144.81,UPI,Delivered,2023-04-20 08:56:00,4.8,67.0,Hyderabad
ORD002958,CUST0114,Watermelon Juice,Drinks,1,70.62,Cash,Pending,2023-03-10 20:03:00,2.8,53.0,Pune
ORD002384,CUST0216,Tiramisu,Desserts,3,598.31,Digital Wallet,In Progress,2023-09-16 12:39:00,2.9,25.0,Delhi
ORD001894,CUST0108,Chicken Biryani,Main Course,2,688.5,UPI,Delivered,2023-03-03 13:10:00,3.7,73.0,Mumbai
ORD005924,CUST0107,Garlic Bread,Starters,2,177.59,UPI,Delivered,2023-06-17 20:56:00,4.8,15.0,Chennai
ORD001455,CUST0703,Paratha,Breads,3,143.59,,Pending,2023-06-15 09:50:00,2.7,63.0,Hyderabad
ORD006612,CUST0252,Egg Curry,Main Course,1,174.67,UPI,Delivered,2023-01-01 08:45:00,3.1,55.0,Mumbai
ORD004709,CUST0509,Veg Supreme Pizza,Pizza,3,882.0,UPI,Delivered,2023-10-29 20:40:00,3.4,70.0,Delhi
ORD006587,CUST0094,Gulab Jamun,Desserts,1,78.16,,In Progress,2023-05-19 22:52:00,3.9,66.0,Bangalore
ORD005849,CUST0542,Masala Chai,Drinks,2,78.72,Credit Card,Pending,2022-10-19 21:42:00,4.3,,Delhi
ORD005748,CUST0507,Gulab Jamun,Desserts,2,164.02,Cash,Delivered,2022-11-03 21:52:00,4.2,31.0,Mumbai
ORD005268,CUST0404,Mojito,Drinks,1,128.4,UPI,In Progress,2022-10-03 13:14:00,2.6,33.0,Hyderabad
ORD004522,CUST0731,Bruschetta,Starters,3,391.08,Net Banking,Cancelled,2023-06-20 20:26:00,4.4,75.0,Chennai
ORD005134,CUST0211,Chicken Fried Rice,Main Course,1,243.74,Debit Card,In Progress,2023-08-31 21:05:00,4.4,19.0,Bangalore
ORD004602,CUST0124,Dal Makhani,Main Course,-1,222.39,UPI,Cancelled,2023-05-17 21:05:00,2.8,61.0,Chennai
ORD001713,CUST0457,Dal Makhani,MAIN COURSE,3,677.63,Net Banking,In Progress,09/01/2023 08:34,4.9,47.0,Hyderabad
ORD005186,CUST0471,Gulab Jamun,Desserts,4,322.53,Cash,Cancelled,2023-02-23 08:40:00,3.5,50.0,Bangalore
ORD003214,CUST0637,Garlic Naan,Breads,2,124.28,Credit Card,Cancelled,2023-02-14 12:04:00,4.0,41.0,Mumbai
ORD006301,CUST0585,Fish Curry,Main Course,1,342.7,UPI,Cancelled,2023-09-08 18:54:00,2.6,21.0,Pune
ORD003923,CUST0774,Mojito,Drinks,1,129.3,Net Banking,Pending,2023-09-16 20:44:00,3.8,63.0,Delhi
ORD002810,CUST0796,Bruschetta,STARTERS,1,135.51,Debit Card,Cancelled,2022-12-01 12:12:00,3.9,30.0,Chennai
ORD004486,CUST0082,Cold Coffee,Drinks,1,96.03,Debit Card,Cancelled,2023-10-19 20:16:00,2.9,22.0,Pune
ORD004141,CUST0045,Paneer Butter Masala,Main Course,3,823.38,Digital Wallet,Delivered,2023-02-21 21:54:00,4.3,43.0,Pune
ORD002827,CUST0105,Veg Manchurian,Starters,2,332.1,,Delivered,2023-07-29 16:11:00,3.2,74.0,Hyderabad
ORD002155,CUST0403,Margherita Pizza,Pizza,1,290.71,Cash,Delivered,2023-09-24 19:25:00,4.3,71.0,Pune
ORD002324,CUST0290,Garlic Naan,Breads,1,58.91,Net Banking,In Progress,2022-12-08 13:20:00,4.7,53.0,Hyderabad
ORD005312,CUST0076,Chicken Biryani,Main Course,1,357.04,UPI,Pending,2023-06-14 20:58:00,4.2,38.0,Chennai
ORD001510,CUST0242,Pepperoni Pizza,Pizza,5,1782.55,Digital Wallet,Cancelled,2022-11-21 19:51:00,4.6,27.0,Delhi
ORD002680,CUST0789,Chicken Burger,Burgers,1,198.98,Debit Card,In Progress,2022-12-16 19:18:00,3.3,30.0,Pune
ORD001499,CUST0698,Naan,Breads,2,77.95,UPI,Pending,2023-03-23 21:29:00,4.7,45.0,Mumbai
ORD006490,CUST0607,Chicken Tikka Masala,Main Course,4,1313.58,Digital Wallet,In Progress,2023-01-03 15:15:00,3.5,34.0,Mumbai
ORD002856,CUST0178,Veg Biryani,Main Course,1,268.52,Debit Card,Pending,2023-01-12 09:46:00,4.7,67.0,Hyderabad
ORD002388,CUST0281,Pasta Arrabbiata,Main Course,5,1182.43,Cash,In Progress,11/12/2022 22:49,3.0,57.0,Pune
ORD004719,CUST0056,Butter Chicken,Main Course,2,670.11,Digital Wallet,Pending,27/10/2023 13:32,3.4,15.0,Bangalore
ORD003386,CUST0379,Fish Fingers,Starters,1,212.38,Debit Card,Cancelled,2023-02-27 13:47:00,4.4,44.0,Delhi
ORD004236,CUST0368,Rasgulla,Desserts,3,202.7,Cash,Pending,2023-08-14 14:12:00,4.0,39.0,Delhi
ORD002540,CUST0476,Mojito,Drinks,4,538.02,UPI,Delivered,2023-04-25 13:57:00,2.9,63.0,Hyderabad
ORD002217,CUST0308,Tandoori Roti,Breads,1,31.01,Cash,Delivered,2023-02-16 12:24:00,3.2,54.0,Hyderabad
ORD003681,CUST0344,Cheesecake,Desserts,1,180.04,Net Banking,Delivered,2023-03-21 22:44:00,,73.0,Delhi
ORD003993,CUST0537,Onion Rings,Starters,1,114.05,UPI,Cancelled,2023-09-28 14:22:00,2.6,28.0,Hyderabad
ORD002191,CUST0266,Cheese Burst Burger,Burgers,1,224.59,Credit Card,In Progress,2023-06-17 20:33:00,3.3,52.0,Bangalore
ORD006293,CUST0709,Mutton Curry,Main Course,1,384.17,Credit Card,Delivered,2023-03-20 13:23:00,4.9,24.0,Chennai
ORD002542,CUST0401,Mango Lassi,Drinks,4,308.83,UPI,Delivered,2023-01-03 11:01:00,3.2,27.0,Mumbai
ORD004301,CUST0491,Grilled Salmon,MAIN COURSE,1,447.81,Net Banking,Delivered,2023-09-15 08:04:00,5.0,74.0,Hyderabad
ORD004324,CUST0475,Fresh Lime Soda,Drinks,3,176.75,UPI,In Progress,2023-09-17 13:11:00,3.9,49.0,Delhi
ORD003539,CUST0055,Mushroom Risotto,Main Course,5,1470.0,UPI,Cancelled,2022-10-11 15:32:00,,61.0,Chennai
ORD001953,CUST0475,Mushroom Risotto,Main Course,2,579.17,Debit Card,Cancelled,2023-10-08 09:24:00,3.2,50.0,Chennai
ORD005846,CUST0673,Ice Cream Sundae,Desserts,4,579.28,Credit Card,Delivered,2022-12-26 09:34:00,4.4,68.0,Bangalore
ORD005330,CUST0606,Mushroom Risotto,Main Course,1,304.25,Digital Wallet,Delivered,2023-10-04 20:27:00,4.1,21.0,Delhi
ORD001732,CUST0442,Grilled Sandwich,Sandwiches,3,403.69,Cash,Delivered,10/10/2022 20:48,2.8,,Pune
ORD005179,CUST0252,Grilled Salmon,Main Course,2,894.75,UPI,In Progress,2023-04-30 12:05:00,2.7,69.0,Bangalore
ORD002156,CUST0723,Naan,Breads,1,38.82,Digital Wallet,Delivered,2023-01-13 12:18:00,4.3,21.0,Delhi
ORD003472,CUST0525,Butter Chicken,Main Course,4,1298.22,UPI,Pending,2022-11-11 18:49:00,4.1,42.0,Bangalore
ORD004294,CUST0264,Palak Paneer,Main Course,1,267.36,Cash,Pending,2023-01-22 11:27:00,4.3,16.0,Bangalore
ORD003982,CUST0368,Paneer Butter Masala,Main Course,4,1114.18,UPI,Cancelled,2023-03-22 13:53:00,4.3,15.0,Pune
ORD006305,CUST0032,Grilled Salmon,Main Course,1,441.42,Net Banking,Cancelled,2023-07-24 15:07:00,,27.0,Delhi
ORD006161,CUST0422,Cheese Burst Burger,Burgers,2,422.79,Net Banking,Delivered,2022-12-13 11:35:00,3.2,60.0,Delhi
ORD003156,CUST0075,Palak Paneer,Main Course,1,265.09,Credit Card,Pending,2023-04-22 13:05:00,3.9,18.0,Delhi
ORD002062,CUST0230,Butter Chicken,Main Course,1,332.3,,Delivered,27/11/2022 14:07,3.4,54.0,Bangalore
ORD003616,CUST0320,Cold Brew Coffee,Drinks,2,303.32,Credit Card,Delivered,2022-10-09 13:54:00,3.1,51.0,Pune
ORD002167,CUST0511,Chicken Tikka Masala,Main Course,2,657.03,,Delivered,2023-03-27 12:00:00,3.7,24.0,Chennai
ORD004222,CUST0228,Ice Cream Sundae,Desserts,2,306.81,Cash,Cancelled,2023-09-30 20:34:00,4.0,75.0,Chennai
ORD004636,CUST0186,Naan,Breads,5,192.78,Net Banking,In Progress,2023-07-09 20:07:00,3.8,22.0,Chennai
ORD003938,CUST0114,Onion Rings,Starters,1,106.27,Debit Card,Pending,2022-12-09 09:07:00,4.6,65.0,Bangalore
ORD005491,CUST0566,Grilled Sandwich,Sandwiches,4,568.57,Net Banking,Pending,2022-12-13 12:31:00,2.8,74.0,
ORD004140,CUST0774,Dal Makhani,Main Course,2,436.49,UPI,Delivered,2023-10-05 19:21:00,5.0,36.0,Mumbai
ORD005980,CUST0579,Veg Biryani,Main Course,4,1042.01,Cash,Delivered,2023-06-03 15:14:00,2.8,59.0,Delhi
ORD001143,CUST0176,Garlic Bread,Starters,2,176.21,Digital Wallet,Cancelled,2023-04-26 08:20:00,4.6,73.0,
ORD004577,CUST0573,Pasta Arrabbiata,Main Course,4,921.09,Cash,Cancelled,2023-07-05 09:23:00,4.4,56.0,Mumbai
ORD005946,CUST0418,Tandoori Roti,Breads,4,122.24,Digital Wallet,Pending,2023-08-24 08:15:00,4.6,18.0,Hyderabad
ORD003782,CUST0503,Cheesecake,Desserts,5,922.95,Net Banking,Pending,2023-07-02 19:06:00,3.0,58.0,Hyderabad
ORD001717,CUST0538,Dal Makhani,Main Course,2,424.32,Debit Card,Delivered,2023-03-05 14:55:00,4.8,52.0,Hyderabad
ORD002819,CUST0691,Mango Lassi,Drinks,1,82.22,Digital Wallet,Delivered,12/10/2022 13:33,2.7,27.0,Delhi
ORD003502,CUST0410,Classic Burger,Burgers,3,555.06,Net Banking,Delivered,2023-02-20 19:15:00,,72.0,Chennai
ORD005360,CUST0393,BLT Sandwich,Sandwiches,3,500.36,,In Progress,2023-10-21 14:56:00,4.9,68.0,
ORD005171,CUST0403,Mushroom Risotto,Main Course,1,313.18,Credit Card,Cancelled,2023-08-23 13:24:00,4.1,75.0,Chennai
ORD001395,CUST0315,Paneer Butter Masala,Main Course,4,1137.3,UPI,Delivered,2023-01-22 13:47:00,3.4,52.0,Bangalore
ORD006855,CUST0216,Onion Rings,Starters,3,336.59,Net Banking,In Progress,2023-06-22 14:50:00,4.5,26.0,Mumbai
ORD005492,CUST0437,Cheesecake,Desserts,1,185.07,Net Banking,Delivered,2023-09-22 09:57:00,4.9,64.0,Delhi
ORD002365,CUST0339,Lamb Rogan Josh,Main Course,3,1230.84,UPI,In Progress,2023-03-25 12:28:00,3.1,32.0,Chennai
ORD006516,CUST0645,Fresh Lime Soda,Drinks,2,123.16,Net Banking,Delivered,2023-03-19 08:51:00,2.6,54.0,Delhi
ORD001595,CUST0511,Classic Burger,Burgers,1,184.78,Digital Wallet,Delivered,2022-10-07 13:54:00,4.0,46.0,Delhi
ORD004952,CUST0795,Dal Makhani,Main Course,1,214.15,UPI,Cancelled,2023-09-27 12:21:00,2.5,52.0,Chennai
ORD006392,CUST0591,Fish Fingers,Starters,1,222.25,UPI,Delivered,2023-05-31 18:11:00,3.3,42.0,Bangalore
ORD005968,CUST0314,Classic Burger,Burgers,1,182.51,Digital Wallet,Cancelled,2023-01-07 13:14:00,3.2,21.0,Delhi
ORD003914,CUST0318,Tiramisu,Desserts,1,194.89,Credit Card,Delivered,2023-04-11 08:34:00,2.5,30.0,Chennai
ORD003326,CUST0592,Cold Coffee,Drinks,4,409.69,Net Banking,Cancelled,2023-07-25 19:49:00,4.4,54.0,
ORD004766,CUST0798,Chicken Fried Rice,MAIN COURSE,4,982.3,Debit Card,Delivered,2023-03-06 16:02:00,2.6,,Delhi
ORD004440,CUST0597,Watermelon Juice,Drinks,4,272.7,Digital Wallet,In Progress,2023-08-11 12:20:00,4.6,25.0,Hyderabad
ORD004851,CUST0515,Lamb Rogan Josh,Main Course,1,390.43,UPI,Delivered,2023-05-03 21:31:00,5.0,27.0,Pune
ORD005132,CUST0791,Strawberry Shake,DRINKS,2,247.34,Net Banking,In Progress,2023-09-22 12:22:00,2.8,72.0,Mumbai
ORD006553,CUST0650,Margherita Pizza,Pizza,2,536.55,Cash,Cancelled,2023-04-16 21:00:00,2.9,47.0,Delhi
ORD003143,CUST0344,Tandoori Roti,Breads,4,121.45,Digital Wallet,Cancelled,2023-07-14 20:48:00,3.4,33.0,Hyderabad
ORD006584,CUST0304,Mutton Curry,Main Course,4,1577.64,Cash,Delivered,2022-10-25 08:17:00,3.7,39.0,Mumbai
ORD006073,CUST0574,Rasgulla,Desserts,1,67.17,UPI,Cancelled,2023-09-09 20:53:00,5.0,29.0,Bangalore
ORD002571,CUST0342,Masala Chai,Drinks,1,38.1,Credit Card,Cancelled,2022-10-07 11:11:00,4.9,39.0,Pune
ORD005079,CUST0694,Tandoori Roti,Breads,1,30.17,Debit Card,Delivered,2023-03-13 19:25:00,,53.0,Mumbai
ORD002122,CUST0401,Tandoori Roti,Breads,1,29.98,Cash,Cancelled,2023-04-04 21:13:00,4.5,41.0,Mumbai
ORD003786,CUST0689,Pasta Arrabbiata,Main Course,5,1249.15,UPI,Delivered,2023-06-08 21:23:00,4.8,39.0,Chennai
ORD003967,CUST0037,Palak Paneer,MAIN COURSE,1,253.95,Net Banking,Delivered,2023-10-19 17:11:00,,39.0,Pune
ORD003504,CUST0391,Paneer Butter Masala,Main Course,2,587.95,UPI,Cancelled,2022-12-05 11:02:00,4.0,54.0,Chennai
ORD004465,CUST0212,Gulab Jamun,Desserts,1,79.14,Cash,Cancelled,2023-07-15 19:44:00,4.9,29.0,Hyderabad
ORD001675,CUST0567,BBQ Chicken Pizza,Pizza,1,356.73,Credit Card,Cancelled,2023-05-01 09:23:00,3.1,52.0,Mumbai
ORD003808,CUST0518,Grilled Sandwich,Sandwiches,2,272.08,Cash,Delivered,2023-03-08 13:22:00,2.6,,
ORD004348,CUST0398,Spring Rolls,Starters,1,121.52,Digital Wallet,Delivered,2023-06-09 15:13:00,2.9,27.0,Pune
ORD001728,CUST0545,Cheesecake,Desserts,3,543.17,Net Banking,Pending,2023-09-19 20:33:00,4.3,66.0,Mumbai
ORD001412,CUST0179,Garlic Bread,Starters,2,188.59,Cash,Delivered,2023-02-13 13:06:00,3.4,58.0,Bangalore
ORD004146,CUST0594,Garlic Bread,Starters,1,93.99,Cash,Pending,2023-09-14 08:13:00,3.8,58.0,Hyderabad
ORD002516,CUST0566,Pepperoni Pizza,Pizza,1,336.65,Net Banking,Cancelled,13/08/2023 13:35,4.2,32.0,Pune
ORD001825,CUST0571,Pepperoni Pizza,Pizza,3,1096.52,Cash,Delivered,2023-06-10 12:13:00,3.4,31.0,Bangalore
ORD004267,CUST0776,Paneer Tikka,Starters,3,613.61,Cash,Delivered,2023-04-03 12:00:00,4.0,66.0,Chennai
ORD004974,CUST0491,Masala Chai,Drinks,2,82.28,Credit Card,Delivered,2023-02-19 08:24:00,3.5,42.0,Delhi
ORD001616,CUST0090,Ice Cream Sundae,Desserts,1,147.16,Debit Card,Cancelled,2022-10-23 19:38:00,4.7,21.0,Chennai
ORD001114,CUST0466,BBQ Chicken Pizza,Pizza,1,380.76,Debit Card,In Progress,2022-10-08 12:07:00,4.4,31.0,Chennai
ORD001417,CUST0495,Lamb Rogan Josh,Main Course,1,407.38,UPI,Delivered,2023-10-08 22:08:00,4.7,43.0,Mumbai
ORD004069,CUST0051,Chocolate Brownie,Desserts,2,240.48,Cash,In Progress,2023-02-08 13:44:00,4.7,17.0,Bangalore
ORD002625,CUST0069,Pepperoni Pizza,Pizza,1,366.33,Credit Card,Delivered,2023-07-09 22:00:00,,44.0,Chennai
ORD006999,CUST0121,Mojito,Drinks,1,132.61,Net Banking,Delivered,2023-03-14 10:01:00,4.1,60.0,Hyderabad
ORD005185,CUST0783,Mango Lassi,Drinks,1,77.67,Debit Card,Pending,2023-09-22 19:47:00,4.4,39.0,Mumbai
ORD003896,CUST0741,Dal Makhani,Main Course,3,662.63,UPI,Cancelled,2022-12-04 21:45:00,3.1,66.0,Mumbai
ORD006656,CUST0712,Ice Cream Sundae,Desserts,4,622.28,Net Banking,Delivered,2023-05-16 13:14:00,2.7,30.0,Mumbai
ORD003082,CUST0262,Mojito,Drinks,1,134.97,,Cancelled,2022-11-30 09:09:00,4.2,73.0,Pune
ORD001753,CUST0350,Rasgulla,Desserts,1,71.69,UPI,Delivered,2022-10-14 20:40:00,3.6,37.0,Hyderabad
ORD003546,CUST0764,BBQ Chicken Pizza,Pizza,4,1417.83,Cash,Pending,2023-10-20 08:24:00,3.9,,Delhi
ORD004969,CUST0493,Bruschetta,Starters,3,398.56,UPI,Delivered,2023-04-16 13:16:00,3.9,23.0,Mumbai
ORD004373,CUST0272,Onion Rings,Starters,2,224.24,UPI,Delivered,2022-10-10 19:56:00,4.2,31.0,Bangalore
ORD005107,CUST0103,Rasgulla,Desserts,1,69.54,Cash,Delivered,2023-05-29 12:40:00,4.0,53.0,Bangalore
ORD003444,CUST0041,Garlic Naan,Breads,3,178.52,Credit Card,Cancelled,2022-12-27 20:28:00,3.5,31.0,Bangalore
ORD005380,CUST0768,Veg Manchurian,Starters,3,495.96,Cash,Cancelled,2023-02-17 14:50:00,2.8,74.0,Delhi
ORD002066,CUST0592,Chicken Biryani,Main Course,2,720.78,UPI,In Progress,2023-06-02 20:07:00,3.2,20.0,Bangalore
ORD004913,CUST0512,Masala Chai,Drinks,1,41.7,Digital Wallet,Delivered,2023-05-07 09:54:00,3.9,61.0,Bangalore
ORD006287,CUST0088,Masala Chai,Drinks,1,40.96,Credit Card,In Progress,2023-01-17 13:30:00,3.8,46.0,Delhi
ORD006536,CUST0435,Tiramisu,Desserts,1,207.73,Cash,Delivered,2023-06-26 19:31:00,2.5,,Delhi
ORD006387,CUST0200,BBQ Chicken Pizza,Pizza,3,1092.51,Credit Card,Delivered,2023-10-04 20:39:00,3.4,15.0,Hyderabad
ORD004498,CUST0177,Margherita Pizza,Pizza,5,1443.81,UPI,Pending,2022-10-18 08:26:00,3.3,57.0,Chennai
ORD003738,CUST0539,Veg Supreme Pizza,Pizza,1,301.08,Credit Card,Delivered,2023-05-30 12:09:00,5.0,52.0,Chennai
ORD006052,CUST0798,Classic Burger,Burgers,3,525.51,UPI,Cancelled,2023-04-22 22:43:00,,21.0,Delhi
ORD005000,CUST0061,Paneer Butter Masala,Main Course,1,285.82,Net Banking,Delivered,2022-12-11 21:22:00,3.0,31.0,Delhi
ORD002568,CUST0457,Paneer Butter Masala,Main Course,4,1107.97,Digital Wallet,In Progress,2023-08-30 12:01:00,4.2,64.0,Hyderabad
ORD003427,CUST0132,Paneer Butter Masala,Main Course,3,806.39,UPI,Delivered,2023-04-09 11:25:00,3.7,24.0,
ORD004746,CUST0541,Ice Cream Sundae,Desserts,1,147.39,Debit Card,In Progress,2023-08-20 17:36:00,4.9,16.0,Bangalore
ORD006615,CUST0606,Chicken Burger,Burgers,1,204.6,Debit Card,Delivered,2023-10-31 19:57:00,2.7,20.0,Hyderabad
ORD002687,CUST0207,Garlic Naan,Breads,1,57.02,Credit Card,Delivered,2023-06-05 20:32:00,3.3,57.0,Pune
ORD001851,CUST0758,BBQ Chicken Pizza,PIZZA,4,1451.16,UPI,Delivered,2023-02-23 11:52:00,2.8,37.0,Mumbai
ORD004546,CUST0691,Chicken Soup,STARTERS,1,143.92,UPI,Delivered,2023-06-19 13:37:00,4.5,64.0,Mumbai
ORD001895,CUST0493,Chicken Fried Rice,Main Course,2,509.66,Net Banking,Delivered,2023-05-27 19:15:00,4.5,39.0,Delhi
ORD005592,CUST0301,Pasta Arrabbiata,Main Course,2,456.27,Cash,Delivered,2022-10-26 08:56:00,3.2,41.0,Bangalore
ORD001335,CUST0653,Pepperoni Pizza,Pizza,2,717.35,UPI,Delivered,2023-07-25 09:08:00,4.0,18.0,Hyderabad
ORD003839,CUST0753,Cheese Burst Burger,Burgers,2,430.76,Net Banking,In Progress,2022-10-21 20:44:00,2.9,49.0,Hyderabad
ORD004087,CUST0676,Pepperoni Pizza,Pizza,2,683.4,Debit Card,In Progress,2023-09-05 08:57:00,3.8,23.0,Delhi
ORD005611,CUST0130,Cheesecake,Desserts,2,374.19,Debit Card,Pending,2022-12-23 13:16:00,4.1,54.0,Delhi
ORD002348,CUST0579,Fish Fingers,Starters,2,424.86,UPI,Cancelled,2023-07-27 09:22:00,5.0,16.0,Bangalore
ORD002015,CUST0090,BBQ Chicken Pizza,Pizza,4,1536.45,Debit Card,Cancelled,2023-01-26 12:54:00,4.4,69.0,
ORD003816,CUST0480,Veg Fried Rice,Main Course,1,193.18,Net Banking,Cancelled,2023-04-23 19:06:00,3.3,17.0,Mumbai
ORD002631,CUST0165,Kheer,Desserts,3,278.78,Cash,Pending,2023-01-13 16:01:00,,32.0,Hyderabad
ORD003489,CUST0423,Veg Burger,Burgers,3,432.65,,Delivered,2022-10-28 21:09:00,2.6,71.0,Mumbai
ORD004730,CUST0746,Chicken Burger,Burgers,3,594.29,UPI,Delivered,2023-02-27 14:09:00,3.2,16.0,Bangalore
ORD004251,CUST0282,Paneer Butter Masala,Main Course,2,560.13,Cash,Cancelled,2023-05-01 08:47:00,3.6,33.0,Pune
ORD006609,CUST0494,Fish Curry,Main Course,4,1384.39,Cash,In Progress,2022-12-21 20:26:00,4.3,51.0,Chennai
ORD003070,CUST0213,Tiramisu,Desserts,1,202.55,Cash,Delivered,2022-10-07 09:40:00,4.8,59.0,Delhi
ORD005452,CUST0665,Paratha,Breads,1,51.45,Debit Card,In Progress,2023-08-16 12:27:00,4.2,72.0,Pune
ORD006917,CUST0335,Garlic Bread,Starters,5,460.76,Net Banking,Delivered,2023-01-15 16:37:00,3.5,67.0,Hyderabad
ORD006408,CUST0690,Mushroom Risotto,Main Course,1,296.79,UPI,Cancelled,2023-01-29 09:11:00,4.0,63.0,Mumbai
ORD002635,CUST0512,Chicken Burger,Burgers,4,799.32,Digital Wallet,Pending,2023-06-26 12:01:00,3.5,43.0,Chennai
ORD005646,CUST0103,Watermelon Juice,Drinks,1,72.98,Debit Card,Pending,2023-05-05 13:33:00,3.5,66.0,Bangalore
ORD003479,CUST0158,Chicken Tikka Masala,Main Course,5,1702.21,UPI,In Progress,2022-12-21 14:35:00,3.3,71.0,Delhi
ORD003265,CUST0350,Club Sandwich,Sandwiches,1,155.48,UPI,Pending,2022-10-16 11:32:00,2.8,20.0,
ORD003959,CUST0097,Strawberry Shake,Drinks,2,243.51,Net Banking,Pending,2023-10-12 20:17:00,3.8,65.0,Pune
ORD006323,CUST0560,Chicken Fried Rice,Main Course,5,1280.63,Net Banking,Pending,2023-03-07 19:35:00,4.1,59.0,Chennai
ORD006870,CUST0748,Masala Chai,Drinks,1,39.36,UPI,Cancelled,2022-12-10 13:35:00,4.1,25.0,Pune
ORD004059,CUST0409,Paneer Butter Masala,Main Course,2,554.93,,Delivered,2023-06-11 15:39:00,4.5,29.0,Hyderabad
ORD006053,CUST0544,Bruschetta,Starters,2,265.26,Cash,In Progress,2023-06-22 09:36:00,4.7,41.0,Hyderabad
ORD003141,CUST0478,Bruschetta,Starters,1,127.67,Net Banking,Delivered,26/10/2022 19:37,2.9,,Mumbai
ORD006104,CUST0611,Naan,Breads,1,40.63,Digital Wallet,Pending,2023-08-30 08:29:00,4.2,59.0,Mumbai
ORD004118,CUST0011,Butter Chicken,Main Course,4,1276.0,UPI,In Progress,2023-06-05 08:36:00,4.2,42.0,Mumbai
ORD006188,CUST0310,Garlic Naan,Breads,3,188.09,UPI,Delivered,2023-10-14 12:25:00,,42.0,Bangalore
ORD006719,CUST0658,Mango Lassi,Drinks,4,319.2,Digital Wallet,Cancelled,2023-06-18 14:57:00,,47.0,Bangalore
ORD005045,CUST0672,Chocolate Brownie,Desserts,2,228.33,Digital Wallet,In Progress,2023-09-23 08:06:00,5.0,62.0,Mumbai
ORD004356,CUST0015,Naan,Breads,1,40.54,UPI,Delivered,2023-06-02 19:48:00,2.6,62.0,Hyderabad
ORD003744,CUST0628,Paneer Tikka,Starters,1,207.33,Debit Card,Delivered,2023-03-18 12:04:00,4.5,47.0,
ORD006092,CUST0001,Palak Paneer,Main Course,3,780.89,Debit Card,Delivered,2022-10-04 19:00:00,3.6,24.0,Chennai
ORD004506,CUST0797,Classic Burger,Burgers,5,921.39,Digital Wallet,Delivered,2023-01-31 08:17:00,3.9,20.0,Pune
ORD002679,CUST0038,Dal Makhani,Main Course,2,427.26,Cash,Delivered,2023-05-25 09:09:00,4.0,22.0,Delhi
ORD005249,CUST0152,Mutton Curry,Main Course,2,746.28,Cash,Cancelled,2023-05-29 21:14:00,3.4,70.0,Delhi
ORD004147,CUST0389,Club Sandwich,Sandwiches,2,315.16,Net Banking,Pending,2023-05-02 08:27:00,4.3,,Pune
ORD003294,CUST0473,Chicken Burger,Burgers,4,808.9,Credit Card,Delivered,2023-10-06 19:28:00,3.2,32.0,Mumbai
ORD001580,CUST0653,Cheese Burst Burger,Burgers,5,1078.37,Net Banking,Delivered,2023-10-17 21:57:00,2.9,27.0,Mumbai
ORD002470,CUST0397,Margherita Pizza,Pizza,1,268.64,UPI,Cancelled,2023-04-25 17:43:00,4.2,23.0,Bangalore
ORD005799,CUST0429,Pasta Arrabbiata,Main Course,1,235.45,Cash,Cancelled,2023-06-06 19:55:00,4.9,36.0,Delhi
ORD005070,CUST0716,Spring Rolls,Starters,5,626.93,,Cancelled,2023-02-18 20:21:00,4.5,40.0,Hyderabad
ORD006308,CUST0646,Ice Cream Sundae,Desserts,1,146.44,Debit Card,Delivered,2023-01-17 19:50:00,3.6,57.0,Hyderabad
ORD004343,CUST0626,Grilled Salmon,Main Course,1,442.84,Digital Wallet,Delivered,2023-08-30 21:13:00,4.9,55.0,Pune
ORD005992,CUST0032,Fresh Lime Soda,Drinks,2,118.4,Debit Card,Delivered,2023-02-19 17:28:00,3.5,32.0,Delhi
ORD005583,CUST0394,Chicken Soup,Starters,2,303.18,UPI,Pending,2023-03-21 19:14:00,4.1,23.0,Mumbai
ORD004672,CUST0145,Onion Rings,Starters,3,323.87,UPI,Delivered,2022-10-24 20:56:00,3.8,70.0,Chennai
ORD001559,CUST0124,Chicken Biryani,Main Course,4,1376.81,Credit Card,In Progress,2023-05-11 13:55:00,4.1,53.0,Mumbai
ORD006237,CUST0175,Cold Brew Coffee,Drinks,1,156.51,Cash,Cancelled,2023-06-12 08:06:00,3.9,63.0,
ORD006215,CUST0404,Margherita Pizza,Pizza,1,292.23,UPI,Delivered,2023-05-10 19:54:00,3.9,71.0,Mumbai
ORD003849,CUST0091,Watermelon Juice,Drinks,4,291.52,Cash,Delivered,2023-01-21 08:53:00,4.2,75.0,Delhi
ORD001512,CUST0582,Grilled Salmon,Main Course,2,919.85,Cash,Cancelled,2023-06-07 12:35:00,2.7,25.0,Mumbai
ORD005729,CUST0493,Gulab Jamun,Desserts,3,244.05,Digital Wallet,Pending,2023-04-17 22:17:00,3.2,,Bangalore
ORD002081,CUST0654,Rasgulla,Desserts,1,66.58,Cash,Delivered,2023-03-08 10:12:00,3.2,51.0,Chennai
ORD002664,CUST0591,Chicken Biryani,Main Course,2,733.56,Digital Wallet,Pending,2023-05-29 21:16:00,4.7,,Pune
ORD002012,CUST0266,Mojito,Drinks,2,269.93,,In Progress,2023-04-25 14:08:00,3.8,,Pune
ORD002931,CUST0677,Watermelon Juice,Drinks,3,201.72,Net Banking,In Progress,2023-04-29 08:10:00,2.6,66.0,Pune
ORD002150,CUST0110,Onion Rings,Starters,1,114.07,Net Banking,Delivered,2023-08-28 09:29:00,3.1,72.0,Hyderabad
ORD003838,CUST0342,BBQ Chicken Pizza,Pizza,1,380.31,Debit Card,Pending,2022-12-12 12:34:00,4.8,61.0,Hyderabad
ORD001116,CUST0718,Kheer,Desserts,4,349.97,Debit Card,In Progress,2022-11-02 19:29:00,3.5,23.0,Mumbai
ORD001740,CUST0232,Veg Supreme Pizza,Pizza,2,614.17,Digital Wallet,Cancelled,2023-09-17 22:28:00,3.2,69.0,Hyderabad
ORD006818,CUST0402,Classic Burger,Burgers,2,353.15,Cash,Delivered,2023-08-27 09:41:00,3.5,,Chennai
ORD006177,CUST0629,Veg Fried Rice,Main Course,2,381.38,Net Banking,Delivered,2023-05-01 21:44:00,3.0,44.0,Bangalore
ORD004675,CUST0115,Spring Rolls,Starters,4,465.44,,Pending,2023-07-20 19:16:00,2.9,18.0,Pune
ORD001830,CUST0519,Tiramisu,Desserts,4,772.56,UPI,In Progress,2023-02-27 19:48:00,4.7,24.0,Pune
ORD001119,CUST0456,Paneer Tikka,Starters,4,782.38,Credit Card,Delivered,2023-09-19 13:28:00,2.7,58.0,Bangalore
ORD005752,CUST0735,Fresh Lime Soda,Drinks,1,59.24,Digital Wallet,Pending,2023-07-21 21:12:00,4.3,36.0,Bangalore
ORD006784,CUST0099,Tandoori Roti,Breads,1,29.81,Debit Card,In Progress,2023-01-02 11:08:00,4.9,54.0,Bangalore
ORD006736,CUST0621,Mojito,Drinks,1,124.47,Net Banking,In Progress,2023-06-03 20:30:00,4.3,33.0,Pune
ORD006988,CUST0367,Pasta Arrabbiata,Main Course,1,240.79,UPI,Delivered,2023-09-17 19:50:00,3.0,57.0,Delhi
ORD001635,CUST0679,Tandoori Roti,Breads,1,29.65,Credit Card,Cancelled,2023-04-14 13:13:00,2.8,50.0,Hyderabad
ORD005465,CUST0777,Fish Fingers,Starters,3,634.9,Debit Card,Cancelled,2023-01-27 19:05:00,2.7,42.0,Mumbai
ORD005364,CUST0634,Kheer,Desserts,2,187.55,Net Banking,Delivered,2023-01-24 21:20:00,4.5,35.0,Chennai
ORD005142,CUST0718,Dal Makhani,Main Course,2,432.69,Digital Wallet,Delivered,2023-07-26 08:45:00,3.3,67.0,Hyderabad
ORD001991,CUST0371,Lamb Rogan Josh,Main Course,1,412.17,Net Banking,Pending,2023-01-09 20:00:00,2.8,65.0,Delhi
ORD001876,CUST0580,Gulab Jamun,Desserts,2,159.9,Net Banking,In Progress,2023-07-10 10:47:00,4.0,26.0,Mumbai
ORD005869,CUST0085,Palak Paneer,Main Course,1,270.81,Net Banking,Delivered,2023-02-19 13:24:00,,17.0,Hyderabad
ORD006315,CUST0123,Veg Biryani,Main Course,2,504.19,Debit Card,Delivered,2022-11-22 20:06:00,3.9,54.0,Pune
ORD006222,CUST0795,Fish Fingers,STARTERS,1,224.0,Cash,Delivered,2023-05-03 21:27:00,4.6,16.0,Chennai
ORD001004,CUST0644,Mutton Curry,Main Course,2,731.49,Digital Wallet,Delivered,2023-04-12 08:18:00,,60.0,Mumbai
ORD004051,CUST0534,Watermelon Juice,Drinks,1,68.8,Digital Wallet,Delivered,2023-10-25 19:16:00,4.3,50.0,Delhi
ORD004124,CUST0499,Fresh Lime Soda,Drinks,3,181.24,Net Banking,Delivered,2023-07-17 19:48:00,3.1,23.0,Bangalore
ORD003660,CUST0192,BLT Sandwich,Sandwiches,1,173.84,,Pending,2023-07-27 13:52:00,4.7,41.0,Hyderabad
ORD003491,CUST0304,Dal Makhani,MAIN COURSE,2,436.24,Debit Card,Pending,2022-12-29 19:49:00,3.3,75.0,
ORD006173,CUST0513,Veg Supreme Pizza,Pizza,4,1163.62,Debit Card,Delivered,2023-10-05 20:12:00,4.3,28.0,Bangalore
ORD004854,CUST0452,Chocolate Brownie,Desserts,1,115.67,Net Banking,Delivered,2022-12-01 08:10:00,4.9,42.0,Delhi
ORD005933,CUST0499,Kheer,Desserts,2,171.62,Cash,Cancelled,2022-12-29 09:25:00,2.6,30.0,Delhi
ORD005777,CUST0322,Mojito,Drinks,3,384.22,Credit Card,Cancelled,2023-03-11 18:36:00,4.8,43.0,Chennai
ORD002715,CUST0583,Fish Fingers,Starters,4,857.79,Net Banking,Delivered,2023-03-21 09:41:00,4.1,,Hyderabad
ORD002148,CUST0158,Grilled Sandwich,Sandwiches,2,274.77,Digital Wallet,Delivered,2023-03-09 19:41:00,4.8,29.0,Bangalore
ORD004261,CUST0110,Paneer Butter Masala,Main Course,2,558.17,Cash,Delivered,2023-08-29 12:51:00,4.8,44.0,Hyderabad
ORD001574,CUST0283,Fish Fingers,STARTERS,2,433.64,Cash,In Progress,2023-03-04 12:32:00,3.1,39.0,Mumbai
ORD004769,CUST0099,Margherita Pizza,Pizza,1,292.01,UPI,Delivered,2022-10-17 19:09:00,4.6,62.0,Bangalore
ORD004736,CUST0398,Veg Burger,Burgers,4,618.31,UPI,Cancelled,2023-02-15 20:37:00,4.2,66.0,Chennai
ORD005146,CUST0767,Margherita Pizza,Pizza,1,285.18,,In Progress,2023-04-11 13:02:00,4.4,42.0,Hyderabad
ORD001853,CUST0684,Margherita Pizza,Pizza,1,269.88,UPI,Delivered,2023-08-22 13:28:00,4.7,35.0,Mumbai
ORD002982,CUST0337,Gulab Jamun,Desserts,2,158.19,Net Banking,In Progress,2023-02-04 20:16:00,3.0,39.0,Chennai
ORD003774,CUST0590,Butter Chicken,Main Course,2,665.37,Credit Card,Pending,2023-05-03 08:01:00,2.7,59.0,Pune
ORD005929,CUST0658,Veg Burger,Burgers,1,142.6,Digital Wallet,In Progress,2023-01-26 08:57:00,3.1,51.0,Mumbai
ORD006211,CUST0723,Classic Burger,Burgers,1,172.34,Debit Card,Delivered,2023-07-30 22:49:00,2.6,53.0,Chennai
ORD002166,CUST0594,Butter Chicken,Main Course,1,317.35,Digital Wallet,In Progress,2023-02-19 12:02:00,3.4,54.0,
ORD001971,CUST0544,Butter Chicken,Main Course,3,997.25,Debit Card,In Progress,2022-12-11 08:07:00,4.4,30.0,Bangalore
ORD003701,CUST0528,Watermelon Juice,Drinks,2,140.0,Net Banking,Delivered,2022-11-21 13:50:00,4.2,20.0,Mumbai
ORD005495,CUST0384,Paratha,Breads,2,98.54,Cash,Pending,2023-05-05 16:26:00,3.0,50.0,Mumbai
ORD004847,CUST0194,Classic Burger,Burgers,1,177.67,Net Banking,Delivered,2023-03-20 12:12:00,4.4,54.0,Mumbai
ORD003368,CUST0707,Paneer Butter Masala,Main Course,2,584.95,Digital Wallet,Delivered,2022-11-24 13:35:00,4.4,45.0,Delhi
ORD005115,CUST0498,BLT Sandwich,Sandwiches,4,698.59,,Pending,2023-03-15 13:14:00,,66.0,Pune
ORD005780,CUST0476,Lamb Rogan Josh,Main Course,4,1618.6,UPI,Delivered,2023-05-05 20:54:00,4.1,24.0,Mumbai
ORD005131,CUST0060,Cheesecake,DESSERTS,1,177.43,Credit Card,Delivered,2023-03-02 12:56:00,4.7,47.0,Mumbai
ORD003950,CUST0069,Veg Fried Rice,Main Course,3,612.03,Net Banking,In Progress,2023-01-03 12:56:00,4.6,72.0,Bangalore
ORD006625,CUST0067,BBQ Chicken Pizza,Pizza,4,1470.58,Cash,Delivered,2023-06-23 21:53:00,3.2,34.0,Mumbai
ORD001524,CUST0316,Gulab Jamun,Desserts,4,319.41,Debit Card,Cancelled,2023-01-25 20:28:00,3.1,34.0,Mumbai
ORD003455,CUST0439,Fish Fingers,Starters,2,425.92,Cash,Cancelled,2022-10-24 20:56:00,3.3,36.0,Mumbai
ORD006016,CUST0351,Chicken Fried Rice,Main Course,5,1257.53,Net Banking,Delivered,2023-02-02 08:54:00,4.0,69.0,Mumbai
ORD002841,CUST0629,Classic Burger,Burgers,1,182.08,Cash,In Progress,2023-02-18 13:04:00,4.1,44.0,Hyderabad
ORD001537,CUST0044,Chicken Biryani,Main Course,3,1058.89,Digital Wallet,In Progress,2023-04-21 20:00:00,3.7,53.0,Delhi
ORD003806,CUST0063,Strawberry Shake,Drinks,3,368.47,,Delivered,2023-02-24 12:04:00,3.2,19.0,
ORD006596,CUST0344,Mushroom Risotto,Main Course,2,605.28,Credit Card,Delivered,2023-02-20 20:48:00,3.2,63.0,Delhi
ORD005341,CUST0558,BLT Sandwich,Sandwiches,1,175.78,UPI,Delivered,2023-04-04 14:20:00,3.8,15.0,Pune
ORD004175,CUST0739,Pasta Arrabbiata,Main Course,2,458.22,Debit Card,Delivered,2023-07-15 09:46:00,3.1,60.0,Delhi
ORD001784,CUST0121,Butter Chicken,Main Course,2,617.55,Cash,In Progress,2023-04-07 09:36:00,3.8,64.0,Hyderabad
ORD005057,CUST0703,Egg Curry,Main Course,1,171.73,Debit Card,Delivered,2023-07-21 12:30:00,4.1,16.0,Bangalore
ORD002409,CUST0768,Fresh Lime Soda,Drinks,3,173.17,Debit Card,Cancelled,2023-06-08 20:22:00,3.0,20.0,Chennai
ORD003537,CUST0347,Veg Fried Rice,Main Course,2,386.06,Cash,Cancelled,2023-03-14 09:44:00,3.2,42.0,Pune
ORD001154,CUST0572,Chicken Fried Rice,Main Course,1,253.27,Net Banking,Cancelled,2023-03-21 08:06:00,3.2,61.0,Pune
ORD004009,CUST0089,Mushroom Risotto,Main Course,2,605.49,Digital Wallet,Delivered,2023-04-23 20:05:00,4.2,35.0,Chennai
ORD002686,CUST0790,Chicken Biryani,Main Course,5,1821.28,Cash,In Progress,2023-10-05 10:02:00,3.4,,
ORD003901,CUST0534,Garlic Bread,Starters,1,88.07,Net Banking,Delivered,2023-02-10 10:05:00,4.1,30.0,Hyderabad
ORD006998,CUST0462,Veg Biryani,Main Course,2,535.7,Debit Card,Pending,2023-01-04 08:07:00,3.9,,Chennai
ORD005721,CUST0005,Garlic Naan,Breads,1,57.37,Digital Wallet,Pending,2023-01-17 12:46:00,4.8,37.0,Pune
ORD004863,CUST0376,Fish Fingers,Starters,1,215.43,Debit Card,In Progress,2023-01-11 09:21:00,3.6,34.0,Delhi
ORD003733,CUST0302,Butter Chicken,Main Course,1,304.26,Net Banking,Delivered,2022-10-12 19:05:00,2.8,29.0,Mumbai
ORD002895,CUST0155,Chicken Soup,Starters,1,157.01,Net Banking,Delivered,2022-12-14 13:40:00,2.8,25.0,Mumbai
ORD006442,CUST0201,Paneer Butter Masala,Main Course,5,1465.28,,Delivered,2023-04-13 11:51:00,3.6,20.0,Pune
ORD001569,CUST0019,Paneer Butter Masala,Main Course,2,572.88,UPI,Pending,2022-12-12 19:42:00,4.8,48.0,Mumbai
ORD002816,CUST0289,Rasgulla,DESSERTS,2,136.78,,Delivered,2023-06-11 13:38:00,2.6,75.0,Hyderabad
ORD003065,CUST0159,Lamb Rogan Josh,Main Course,2,777.28,Digital Wallet,Pending,2023-07-08 22:38:00,3.7,26.0,Chennai
ORD001127,CUST0640,Garlic Bread,Starters,4,353.6,Net Banking,Pending,2022-12-15 08:17:00,3.9,,Hyderabad
ORD004394,CUST0790,Veg Burger,Burgers,4,617.36,Net Banking,Pending,2023-10-20 13:36:00,3.6,49.0,Mumbai
ORD004327,CUST0377,Butter Chicken,Main Course,3,924.6,,Delivered,2023-08-08 22:14:00,4.9,64.0,Bangalore
ORD003414,CUST0741,Palak Paneer,Main Course,1,266.47,Cash,Pending,2023-07-28 13:28:00,4.6,42.0,Bangalore
ORD003975,CUST0637,Veg Supreme Pizza,Pizza,5,1552.88,Debit Card,Pending,2023-08-21 21:33:00,3.2,73.0,Hyderabad
ORD001980,CUST0448,Gulab Jamun,Desserts,3,245.4,Credit Card,Delivered,2023-08-31 19:35:00,3.1,33.0,Mumbai
ORD003300,CUST0392,Grilled Sandwich,Sandwiches,1,144.6,Digital Wallet,Cancelled,2022-10-27 08:19:00,2.7,39.0,Delhi
ORD001190,CUST0697,Paratha,Breads,1,52.36,Digital Wallet,Delivered,2023-08-25 08:29:00,2.8,68.0,Chennai
ORD002139,CUST0570,Chocolate Brownie,Desserts,3,351.89,Debit Card,Cancelled,2023-10-21 12:05:00,4.0,40.0,Bangalore
ORD006088,CUST0413,Pasta Arrabbiata,Main Course,2,463.68,Debit Card,Delivered,2023-07-17 19:55:00,4.0,63.0,Hyderabad
ORD001699,CUST0464,Cheese Burst Burger,Burgers,2,436.61,UPI,Pending,2022-10-28 08:22:00,3.8,22.0,Hyderabad
ORD006785,CUST0589,Veg Burger,Burgers,1,143.76,Debit Card,In Progress,2023-08-15 20:36:00,2.7,43.0,Hyderabad
ORD001606,CUST0316,Butter Chicken,Main Course,1,310.44,Debit Card,Pending,2023-02-22 12:04:00,3.9,64.0,Mumbai
ORD005276,CUST0722,Mojito,Drinks,1,133.98,Cash,Delivered,2023-05-28 21:18:00,2.7,54.0,Chennai
ORD001301,CUST0136,Tiramisu,Desserts,4,839.4,Credit Card,Delivered,2023-09-01 09:55:00,4.3,,Delhi
ORD004420,CUST0356,Pepperoni Pizza,Pizza,4,1388.27,Digital Wallet,Pending,2023-03-13 19:19:00,3.3,40.0,Hyderabad
ORD006832,CUST0634,Onion Rings,Starters,2,228.7,Cash,Delivered,2023-06-23 12:46:00,3.2,55.0,Hyderabad
ORD002060,CUST0558,Veg Biryani,Main Course,1,261.13,Debit Card,Delivered,2022-10-11 20:06:00,,68.0,Hyderabad
ORD003565,CUST0479,Rasgulla,DESSERTS,3,203.99,Digital Wallet,Delivered,2023-09-14 20:44:00,3.3,,Mumbai
ORD002973,CUST0436,Club Sandwich,Sandwiches,1,163.49,Cash,Delivered,2023-02-12 20:40:00,4.3,73.0,Delhi
ORD002069,CUST0540,Mango Lassi,Drinks,2,155.68,Digital Wallet,In Progress,2022-11-12 17:26:00,4.5,29.0,Pune
ORD003524,CUST0776,Veg Fried Rice,Main Course,2,418.83,Digital Wallet,In Progress,2022-11-01 11:05:00,2.9,17.0,Delhi
ORD003205,CUST0335,Veg Manchurian,Starters,1,165.97,Credit Card,Delivered,2022-10-02 12:02:00,3.1,48.0,Delhi
ORD002243,CUST0345,Farmhouse Pizza,Pizza,2,653.57,Digital Wallet,Pending,2022-11-30 12:52:00,4.0,,Mumbai
ORD001016,CUST0546,Naan,Breads,4,153.37,Credit Card,Delivered,2023-06-06 20:48:00,4.1,75.0,Chennai
ORD004120,CUST0511,Chicken Soup,Starters,2,286.97,Credit Card,Delivered,2023-05-02 10:06:00,3.2,48.0,Chennai
ORD002503,CUST0257,Fish Curry,Main Course,1,353.95,Debit Card,In Progress,2023-01-30 19:39:00,3.6,73.0,Delhi
ORD005642,CUST0393,Paneer Butter Masala,Main Course,1,279.65,Digital Wallet,Delivered,2023-02-09 14:34:00,,16.0,Hyderabad
ORD005754,CUST0169,Veg Supreme Pizza,Pizza,1,294.69,Credit Card,Delivered,2023-06-29 20:53:00,4.5,21.0,Hyderabad
ORD001815,CUST0149,Paneer Butter Masala,Main Course,2,542.54,Net Banking,Delivered,2022-10-14 11:41:00,3.6,55.0,Chennai
ORD004067,CUST0159,Paratha,Breads,1,51.18,Credit Card,Delivered,2023-07-22 14:40:00,2.9,48.0,Bangalore
ORD006790,CUST0532,Grilled Salmon,Main Course,1,441.63,Digital Wallet,Pending,2023-07-07 13:51:00,4.4,71.0,Chennai
ORD006600,CUST0099,Watermelon Juice,Drinks,4,281.85,,In Progress,2023-04-08 10:05:00,,58.0,Bangalore
ORD001959,CUST0679,Garlic Naan,Breads,2,122.17,Credit Card,Delivered,2023-02-08 12:37:00,2.8,20.0,Pune
ORD005893,CUST0203,Cheese Burst Burger,Burgers,1,218.47,UPI,Delivered,2023-03-02 13:09:00,3.6,22.0,Hyderabad
ORD001225,CUST0190,Veg Fried Rice,Main Course,3,600.92,Credit Card,Cancelled,2022-11-14 13:06:00,3.3,30.0,Mumbai
ORD004354,CUST0429,Fish Fingers,Starters,1,218.04,Debit Card,Delivered,2023-05-29 12:12:00,4.8,65.0,Bangalore
ORD003485,CUST0151,Gulab Jamun,Desserts,3,234.67,Net Banking,In Progress,2023-02-03 20:44:00,4.6,19.0,Hyderabad
ORD001562,CUST0586,Chicken Tikka Masala,Main Course,1,326.51,Net Banking,Delivered,2022-12-07 12:30:00,3.9,31.0,Mumbai
ORD004436,CUST0432,Palak Paneer,Main Course,5,1304.87,Net Banking,Delivered,2022-11-05 13:37:00,3.5,56.0,Hyderabad
ORD002693,CUST0514,Lamb Rogan Josh,Main Course,3,1172.84,Net Banking,In Progress,2023-07-07 21:01:00,4.5,64.0,Chennai
ORD002045,CUST0799,Grilled Sandwich,Sandwiches,5,676.59,UPI,Cancelled,2023-10-20 15:35:00,4.0,28.0,Delhi
ORD004446,CUST0474,Mango Lassi,Drinks,4,315.71,Net Banking,Pending,2023-05-09 19:23:00,4.2,33.0,Bangalore
ORD005565,CUST0213,Chocolate Brownie,Desserts,1,123.22,Digital Wallet,Delivered,2023-10-27 19:19:00,3.1,15.0,Chennai
ORD001954,CUST0195,Pepperoni Pizza,Pizza,2,688.33,Cash,Delivered,2023-10-02 13:09:00,4.7,61.0,Pune
ORD002378,CUST0613,Bruschetta,Starters,2,259.38,UPI,Delivered,2022-11-21 16:13:00,3.9,52.0,
ORD003735,CUST0422,Chicken Tikka Masala,Main Course,3,950.66,UPI,Pending,2022-10-03 08:40:00,4.0,58.0,Bangalore
ORD006943,CUST0124,Gulab Jamun,Desserts,4,320.69,Cash,Pending,2023-09-11 21:43:00,3.4,20.0,Mumbai
ORD005735,CUST0444,Pasta Arrabbiata,Main Course,1,245.25,Net Banking,Delivered,2023-05-30 18:02:00,2.7,64.0,Bangalore
ORD006835,CUST0479,Chicken Tikka Masala,Main Course,2,683.59,Credit Card,Pending,15/04/2023 16:55,3.5,61.0,Mumbai
ORD002218,CUST0211,Classic Burger,BURGERS,2,373.06,UPI,Delivered,2023-04-15 13:14:00,4.1,49.0,Mumbai
ORD006254,CUST0591,Veg Manchurian,Starters,3,496.68,Credit Card,Pending,2023-04-03 16:48:00,4.5,31.0,Pune
ORD006511,CUST0417,Ice Cream Sundae,DESSERTS,2,299.58,Debit Card,Delivered,2022-10-03 12:35:00,3.5,,Pune
ORD002527,CUST0781,Cold Brew Coffee,Drinks,4,621.69,Cash,Delivered,2022-11-28 08:08:00,2.7,38.0,Mumbai
ORD004987,CUST0010,Egg Curry,Main Course,1,183.97,Credit Card,Pending,2023-09-12 21:53:00,4.9,44.0,Delhi
ORD006979,CUST0487,Dal Makhani,Main Course,1,224.41,Cash,Cancelled,2023-04-18 21:42:00,4.8,44.0,Bangalore
ORD002300,CUST0736,Egg Curry,Main Course,1,182.25,UPI,Pending,2023-07-20 20:55:00,4.1,46.0,Delhi
ORD006928,CUST0789,Masala Chai,Drinks,1,40.21,UPI,Cancelled,2023-02-28 10:37:00,3.3,34.0,Bangalore
ORD006699,CUST0768,Garlic Naan,Breads,1,57.64,Cash,Cancelled,2023-04-25 21:21:00,4.9,27.0,Mumbai
ORD001160,CUST0790,Fresh Lime Soda,Drinks,1,59.26,Digital Wallet,Delivered,2022-12-23 10:44:00,4.3,17.0,Hyderabad
ORD005067,CUST0523,Chicken Tikka Masala,Main Course,1,331.35,Digital Wallet,Cancelled,2023-05-14 17:58:00,4.9,55.0,Pune
ORD001956,CUST0167,Fish Fingers,Starters,2,419.71,Credit Card,Cancelled,2022-12-03 13:36:00,4.9,64.0,Pune
ORD004791,CUST0128,Farmhouse Pizza,Pizza,1,0.0,Credit Card,Delivered,2023-07-24 18:48:00,2.9,17.0,Mumbai
ORD004234,CUST0162,Mushroom Risotto,Main Course,1,285.9,Digital Wallet,Delivered,2022-11-10 12:20:00,4.0,29.0,Mumbai
ORD003869,CUST0753,Rasgulla,Desserts,1,72.13,Net Banking,Delivered,2023-05-20 13:30:00,5.0,,Bangalore
ORD004777,CUST0591,Mojito,Drinks,2,264.26,Debit Card,Cancelled,2023-04-14 21:00:00,2.9,15.0,Hyderabad
ORD005433,CUST0453,Butter Chicken,Main Course,2,621.01,Credit Card,Delivered,2023-07-10 20:46:00,4.5,35.0,Chennai
ORD005973,CUST0540,Paneer Butter Masala,Main Course,1,271.87,Credit Card,Cancelled,2023-05-03 12:55:00,4.2,56.0,Pune
ORD003961,CUST0275,Grilled Sandwich,Sandwiches,1,140.62,Credit Card,Delivered,2023-08-29 20:18:00,4.4,50.0,Bangalore
ORD003200,CUST0260,Gulab Jamun,Desserts,1,81.52,Digital Wallet,Delivered,2022-10-24 12:39:00,,22.0,Bangalore
ORD001098,CUST0391,Mango Lassi,Drinks,4,317.14,UPI,In Progress,2023-03-12 20:45:00,4.5,56.0,Delhi
ORD006893,CUST0041,Butter Chicken,Main Course,1,333.94,Digital Wallet,Cancelled,2022-12-21 20:34:00,2.5,15.0,Chennai
ORD003557,CUST0736,Strawberry Shake,Drinks,2,230.98,Digital Wallet,Pending,2022-10-09 19:07:00,3.5,,Bangalore
ORD004183,CUST0416,Paneer Butter Masala,Main Course,5,1382.69,Net Banking,Delivered,01/06/2023 09:57,3.1,48.0,Pune
ORD001253,CUST0174,Watermelon Juice,Drinks,2,139.87,Credit Card,In Progress,2022-12-26 19:22:00,3.9,26.0,Chennai
ORD004923,CUST0623,Tiramisu,Desserts,3,577.99,UPI,In Progress,2023-05-14 15:13:00,3.9,20.0,Bangalore
ORD005199,CUST0412,Bruschetta,Starters,1,127.52,,Delivered,2023-06-12 12:54:00,4.6,,Mumbai
ORD002445,CUST0101,Garlic Naan,Breads,1,60.61,Digital Wallet,Delivered,30/07/2023 20:41,2.8,63.0,Delhi
ORD006539,CUST0525,Palak Paneer,Main Course,2,504.42,Net Banking,In Progress,2023-06-02 13:55:00,3.2,,
ORD002648,CUST0387,Lamb Rogan Josh,Main Course,3,1159.45,,Delivered,2023-08-07 20:04:00,3.2,48.0,Hyderabad
ORD005682,CUST0401,Veg Burger,Burgers,2,311.55,UPI,Cancelled,2023-08-15 09:07:00,4.4,42.0,Pune
ORD005723,CUST0139,Masala Chai,Drinks,2,83.34,UPI,Delivered,2023-05-23 21:40:00,3.0,28.0,
ORD004991,CUST0284,Garlic Bread,Starters,1,86.65,Cash,Delivered,2023-02-01 19:05:00,2.6,46.0,Bangalore
ORD002696,CUST0674,Mutton Curry,Main Course,1,365.94,Debit Card,In Progress,2023-10-19 19:10:00,3.1,25.0,Hyderabad
ORD004191,CUST0541,Egg Curry,Main Course,4,741.4,Net Banking,Delivered,2023-01-20 22:39:00,3.6,34.0,Delhi
ORD005499,CUST0293,Dal Makhani,Main Course,2,445.83,Digital Wallet,Delivered,2023-08-30 21:31:00,4.7,43.0,Chennai
ORD002154,CUST0037,Ice Cream Sundae,Desserts,2,304.39,,Delivered,2022-11-26 11:03:00,3.1,49.0,Mumbai
ORD003255,CUST0386,Paneer Tikka,Starters,1,197.92,Net Banking,Cancelled,2023-07-28 18:16:00,3.2,72.0,Bangalore
ORD002682,CUST0354,Veg Burger,Burgers,4,609.37,Cash,Delivered,2023-04-05 09:12:00,2.6,69.0,Bangalore
ORD004170,CUST0556,Chicken Fried Rice,Main Course,1,250.86,Credit Card,Delivered,2023-10-28 12:47:00,2.5,38.0,Chennai
ORD003056,CUST0577,Kheer,Desserts,1,94.28,Digital Wallet,Pending,2023-05-22 12:56:00,3.6,69.0,Chennai
ORD005090,CUST0003,Grilled Sandwich,Sandwiches,1,142.03,Cash,Cancelled,2022-11-30 13:54:00,3.3,22.0,Bangalore
ORD006912,CUST0626,Naan,Breads,1,39.67,UPI,Cancelled,2023-08-28 21:30:00,,39.0,Hyderabad
ORD004108,CUST0598,Kheer,Desserts,1,90.06,Cash,Delivered,2023-10-26 15:27:00,4.5,58.0,
ORD005548,CUST0651,BLT Sandwich,Sandwiches,4,687.18,Cash,Delivered,2022-12-28 12:27:00,4.0,70.0,Bangalore
ORD004723,CUST0531,Mushroom Risotto,Main Course,2,595.21,Digital Wallet,Pending,2023-06-26 17:56:00,,58.0,Mumbai
ORD006423,CUST0449,Strawberry Shake,Drinks,1,121.5,Credit Card,Delivered,2023-01-27 13:11:00,4.4,,Delhi
ORD003049,CUST0296,Lamb Rogan Josh,Main Course,2,770.02,Debit Card,Pending,2023-01-20 19:36:00,4.2,38.0,Delhi
ORD005976,CUST0322,Farmhouse Pizza,Pizza,1,310.98,Debit Card,Cancelled,2022-11-10 18:30:00,4.0,22.0,Delhi
ORD004643,CUST0641,Onion Rings,Starters,1,112.31,,Delivered,2023-01-24 20:16:00,2.7,41.0,Pune
ORD006974,CUST0754,Chicken Burger,Burgers,2,412.53,Net Banking,Pending,2023-05-04 12:19:00,4.2,16.0,Mumbai
ORD001623,CUST0477,Pasta Arrabbiata,Main Course,2,477.87,UPI,Delivered,2023-09-16 19:49:00,4.9,,Chennai
ORD001262,CUST0557,Mojito,Drinks,2,248.21,Digital Wallet,In Progress,2022-11-08 19:17:00,2.6,74.0,Bangalore
ORD006730,CUST0329,Chicken Biryani,Main Course,1,365.74,UPI,Delivered,2023-01-09 12:40:00,5.0,61.0,Delhi
ORD004369,CUST0293,BLT Sandwich,Sandwiches,2,332.51,Digital Wallet,Pending,2023-05-21 20:20:00,3.3,62.0,
ORD005061,CUST0676,Fresh Lime Soda,Drinks,3,188.93,Debit Card,Delivered,2023-08-30 13:17:00,3.3,47.0,Delhi
ORD006534,CUST0064,Margherita Pizza,Pizza,2,552.41,Net Banking,Cancelled,2022-12-21 14:47:00,4.0,69.0,Delhi
ORD002802,CUST0190,Onion Rings,Starters,3,341.78,Credit Card,Delivered,2022-12-29 21:06:00,4.5,64.0,Hyderabad
ORD005736,CUST0239,Fish Fingers,Starters,1,220.37,Digital Wallet,Cancelled,2023-05-13 19:59:00,4.2,48.0,Delhi
ORD004634,CUST0471,Garlic Naan,Breads,4,240.61,UPI,In Progress,2023-04-21 16:19:00,4.6,31.0,Mumbai
ORD003385,CUST0047,Paneer Butter Masala,Main Course,1,276.14,Net Banking,Pending,2022-12-19 13:40:00,,29.0,Pune
ORD006759,CUST0595,Cheese Burst Burger,Burgers,2,427.25,Digital Wallet,Delivered,2023-10-04 20:33:00,3.4,22.0,Hyderabad
ORD002959,CUST0714,Tandoori Roti,Breads,1,31.03,,In Progress,2023-06-02 22:15:00,2.6,22.0,Mumbai
ORD003976,CUST0620,Fish Fingers,Starters,3,684.13,UPI,Delivered,2023-02-05 17:51:00,3.3,35.0,Chennai
ORD001488,CUST0184,Masala Chai,Drinks,1,38.81,Debit Card,Pending,2023-07-10 20:30:00,3.9,31.0,Bangalore
ORD002843,CUST0768,Butter Chicken,Main Course,3,924.43,Cash,In Progress,2023-06-22 17:31:00,3.8,58.0,
ORD002734,CUST0251,Fresh Lime Soda,Drinks,2,118.28,Debit Card,Delivered,2023-04-13 14:12:00,,37.0,Hyderabad
ORD003911,CUST0800,Lamb Rogan Josh,Main Course,1,405.94,Net Banking,Delivered,2022-10-25 12:38:00,3.2,58.0,Pune
ORD004219,CUST0571,Chocolate Brownie,Desserts,1,121.09,Digital Wallet,Delivered,2023-03-21 22:48:00,3.5,26.0,Chennai
ORD001146,CUST0263,Egg Curry,Main Course,3,557.22,Credit Card,Delivered,2022-12-15 12:09:00,4.0,63.0,Pune
ORD006630,CUST0652,Chicken Fried Rice,Main Course,5,1205.24,Digital Wallet,Delivered,2023-03-16 20:16:00,3.3,44.0,Bangalore
ORD002986,CUST0371,Garlic Bread,Starters,1,89.35,Net Banking,Delivered,2023-06-30 11:34:00,3.7,54.0,Delhi
ORD002369,CUST0175,Pasta Arrabbiata,Main Course,1,240.21,Debit Card,In Progress,2023-06-22 13:39:00,2.9,69.0,Chennai
ORD003811,CUST0096,Paratha,BREADS,2,102.03,Cash,Delivered,2023-06-05 19:27:00,3.8,39.0,Hyderabad
ORD001659,CUST0398,Cheese Burst Burger,Burgers,1,226.18,Debit Card,Delivered,19/02/2023 20:24,3.1,67.0,Bangalore
ORD002794,CUST0119,Cheese Burst Burger,Burgers,1,220.54,Credit Card,Delivered,2023-02-13 12:02:00,4.7,15.0,Chennai
ORD003511,CUST0541,Garlic Naan,Breads,4,247.51,Net Banking,Delivered,2022-11-18 12:38:00,4.9,53.0,Mumbai
ORD004397,CUST0346,Butter Chicken,Main Course,2,610.23,Digital Wallet,Cancelled,2022-10-30 11:52:00,2.9,62.0,Mumbai
ORD005282,CUST0285,Fish Fingers,Starters,2,460.52,Credit Card,Delivered,2023-03-10 13:40:00,3.7,60.0,Delhi
ORD002147,CUST0500,Chicken Fried Rice,Main Course,1,254.26,Cash,Delivered,2023-05-28 20:12:00,3.0,52.0,Chennai
ORD004272,CUST0281,Onion Rings,Starters,2,214.74,Digital Wallet,Delivered,2022-11-10 22:15:00,4.5,72.0,Hyderabad
ORD001608,CUST0160,Tiramisu,Desserts,2,398.98,Net Banking,Cancelled,2022-10-19 19:30:00,4.7,49.0,Bangalore
ORD004582,CUST0213,Cheese Burst Burger,Burgers,1,218.3,Credit Card,Delivered,2022-12-18 21:14:00,,,Chennai
ORD002930,CUST0479,Grilled Salmon,Main Course,1,446.89,Cash,Pending,2023-09-04 09:13:00,3.7,72.0,Chennai
ORD001197,CUST0327,Classic Burger,Burgers,2,354.25,Net Banking,Delivered,2022-12-13 12:45:00,4.9,23.0,Bangalore
ORD003931,CUST0004,Grilled Salmon,Main Course,4,1748.96,Cash,Delivered,2023-07-10 16:14:00,3.9,46.0,Pune
ORD003327,CUST0085,Masala Chai,Drinks,1,40.17,Digital Wallet,Cancelled,2023-10-11 12:34:00,3.7,31.0,Hyderabad
ORD005389,CUST0730,Mutton Curry,Main Course,1,377.92,Net Banking,Delivered,2023-05-25 21:51:00,4.7,68.0,Chennai
ORD001766,CUST0265,Ice Cream Sundae,Desserts,2,286.11,Debit Card,In Progress,2022-12-21 12:01:00,3.9,56.0,Mumbai
ORD005496,CUST0298,Paneer Tikka,Starters,3,603.43,Cash,Cancelled,2023-09-10 21:07:00,4.9,45.0,Delhi
ORD005218,CUST0107,Club Sandwich,Sandwiches,2,305.55,Cash,Delivered,2022-11-27 20:23:00,,42.0,Hyderabad
ORD004255,CUST0253,Fish Curry,Main Course,4,1363.44,Digital Wallet,Delivered,2022-10-02 18:14:00,4.3,40.0,Pune
ORD001202,CUST0375,Chicken Biryani,Main Course,2,726.77,Cash,Cancelled,08/10/2023 13:25,2.6,50.0,
ORD004510,CUST0134,Club Sandwich,Sandwiches,5,797.79,Net Banking,In Progress,2022-11-12 12:35:00,,68.0,
ORD005931,CUST0665,Chicken Fried Rice,Main Course,2,479.79,Credit Card,In Progress,2023-01-28 21:30:00,,46.0,Pune
ORD006535,CUST0398,Gulab Jamun,Desserts,4,317.31,Digital Wallet,In Progress,2023-09-02 09:23:00,4.2,31.0,Chennai
ORD002733,CUST0279,Chocolate Brownie,Desserts,3,367.95,Digital Wallet,Delivered,2023-05-06 12:51:00,4.1,57.0,Chennai
ORD006791,CUST0192,Cheesecake,Desserts,1,180.1,Digital Wallet,Delivered,2023-01-29 08:41:00,2.6,24.0,Mumbai
ORD003777,CUST0498,Fish Curry,Main Course,2,668.8,Cash,Pending,2022-12-09 09:43:00,3.4,24.0,Mumbai
ORD002707,CUST0436,Fish Fingers,Starters,3,669.11,Debit Card,Delivered,2023-02-03 12:52:00,4.6,18.0,Bangalore
ORD006172,CUST0171,Farmhouse Pizza,Pizza,1,334.28,Digital Wallet,Delivered,2022-12-19 08:27:00,2.9,25.0,Chennai
ORD006249,CUST0454,Farmhouse Pizza,Pizza,1,314.86,UPI,Delivered,2023-10-13 13:19:00,2.8,60.0,Delhi
ORD006757,CUST0490,Veg Biryani,MAIN COURSE,2,506.44,Digital Wallet,Delivered,2023-08-05 20:39:00,4.1,63.0,Pune
ORD004474,CUST0612,Farmhouse Pizza,Pizza,1,315.05,UPI,Cancelled,08/08/2023 12:58,4.2,30.0,Pune
ORD001854,CUST0405,Kheer,Desserts,3,274.44,Debit Card,Pending,2023-04-28 13:57:00,2.6,57.0,Hyderabad
ORD006685,CUST0662,BLT Sandwich,Sandwiches,1,166.11,Debit Card,Delivered,2023-01-10 08:29:00,4.5,63.0,Hyderabad
ORD005737,CUST0769,Mushroom Risotto,Main Course,5,1517.42,Digital Wallet,Pending,2023-01-12 20:42:00,3.5,24.0,Bangalore
ORD005097,CUST0273,Lamb Rogan Josh,Main Course,1,393.53,UPI,Delivered,2023-05-06 08:49:00,3.4,15.0,Mumbai
ORD003160,CUST0391,Chicken Fried Rice,Main Course,1,255.2,Digital Wallet,Delivered,2022-12-12 17:17:00,2.9,66.0,Pune
ORD001698,CUST0215,Masala Chai,Drinks,1,39.91,Net Banking,Delivered,2023-10-21 17:44:00,3.3,72.0,Bangalore
ORD006996,CUST0784,Grilled Sandwich,Sandwiches,5,689.04,Debit Card,Delivered,2022-10-12 08:03:00,3.2,37.0,Hyderabad
ORD003999,CUST0272,Kheer,Desserts,4,361.95,UPI,Delivered,2023-08-06 14:31:00,4.0,58.0,Bangalore
ORD004696,CUST0096,Gulab Jamun,Desserts,1,77.17,Digital Wallet,Delivered,2023-08-18 18:13:00,2.5,33.0,Delhi
ORD002636,CUST0700,Chicken Biryani,Main Course,1,337.56,UPI,Delivered,2022-11-09 18:44:00,,28.0,Delhi
ORD004457,CUST0290,Mutton Curry,Main Course,2,746.09,UPI,Pending,2023-07-18 08:01:00,4.8,20.0,Delhi
ORD004581,CUST0572,Strawberry Shake,Drinks,2,232.9,Net Banking,Delivered,2022-12-23 20:54:00,2.5,73.0,Pune
ORD002291,CUST0284,Chicken Fried Rice,Main Course,3,737.26,Net Banking,Pending,2023-10-31 21:38:00,4.2,45.0,Delhi
ORD005659,CUST0484,Margherita Pizza,Pizza,4,1158.38,Debit Card,Delivered,2023-03-20 13:20:00,4.6,25.0,Delhi
ORD006616,CUST0497,Fish Fingers,Starters,1,213.17,Cash,Pending,2022-10-18 20:45:00,3.6,48.0,Bangalore
ORD002853,CUST0314,Bruschetta,Starters,3,381.7,Net Banking,Pending,2023-02-11 11:12:00,2.8,58.0,Chennai
ORD006232,CUST0024,Veg Biryani,Main Course,5,1334.69,Net Banking,In Progress,2023-05-11 13:23:00,4.5,32.0,Delhi
ORD004763,CUST0058,Paratha,Breads,3,157.02,UPI,Pending,2023-05-03 12:52:00,3.2,24.0,Mumbai
ORD004304,CUST0717,Spring Rolls,Starters,1,125.47,Credit Card,Pending,2022-10-17 20:32:00,4.9,55.0,Bangalore
ORD006956,CUST0275,Farmhouse Pizza,Pizza,4,1265.63,UPI,Delivered,2023-10-06 13:46:00,4.5,49.0,Pune
ORD006727,CUST0646,Farmhouse Pizza,Pizza,1,315.95,Digital Wallet,Cancelled,2023-05-12 08:45:00,4.7,19.0,Mumbai
ORD004743,CUST0655,Veg Biryani,Main Course,4,1054.27,,Pending,2023-06-03 19:16:00,3.2,41.0,
ORD004445,CUST0503,Grilled Salmon,Main Course,1,448.13,Credit Card,Pending,2022-12-06 19:28:00,4.4,19.0,Bangalore
ORD002998,CUST0523,Fresh Lime Soda,Drinks,4,243.6,Cash,Cancelled,2023-08-25 21:37:00,3.2,65.0,Chennai
ORD001663,CUST0503,Garlic Naan,Breads,4,241.79,UPI,Cancelled,2023-06-21 19:49:00,3.5,61.0,Mumbai
ORD005779,CUST0219,Paneer Tikka,Starters,2,417.63,Net Banking,Delivered,2023-01-25 08:42:00,4.5,36.0,Hyderabad
ORD006353,CUST0470,Club Sandwich,Sandwiches,1,154.59,Credit Card,Cancelled,2022-12-19 18:41:00,3.3,21.0,Pune
ORD004748,CUST0488,Watermelon Juice,Drinks,5,364.44,UPI,Cancelled,04/01/2023 19:32,4.3,28.0,Delhi
ORD005413,CUST0546,Garlic Naan,Breads,2,125.72,Net Banking,Delivered,2023-04-28 13:36:00,4.0,53.0,Chennai
ORD005744,CUST0503,Mutton Curry,Main Course,4,1573.84,Net Banking,Delivered,2022-12-06 19:55:00,4.7,56.0,Pune
ORD006530,CUST0319,Paneer Butter Masala,Main Course,2,541.75,Cash,Delivered,2023-03-18 08:23:00,,22.0,Chennai
ORD006575,CUST0788,Fish Curry,Main Course,1,332.65,Digital Wallet,Cancelled,2023-09-12 13:06:00,2.8,15.0,Bangalore
ORD001709,CUST0149,Chicken Tikka Masala,Main Course,1,343.87,UPI,Delivered,2023-04-26 21:49:00,2.9,62.0,Chennai
ORD002282,CUST0508,Chicken Tikka Masala,Main Course,1,342.2,Credit Card,In Progress,2022-11-28 08:27:00,4.5,46.0,Delhi
ORD006864,CUST0131,Strawberry Shake,Drinks,2,233.54,Cash,Delivered,2022-12-08 13:47:00,3.2,27.0,Hyderabad
ORD006068,CUST0302,Classic Burger,Burgers,4,753.55,,Delivered,2023-02-05 12:09:00,2.7,42.0,Hyderabad
ORD003675,CUST0383,Spring Rolls,Starters,2,230.27,,Delivered,2023-01-08 08:33:00,2.6,61.0,Pune
ORD005029,CUST0189,Cheese Burst Burger,Burgers,1,226.32,UPI,Cancelled,2023-05-07 09:30:00,3.9,69.0,Delhi
ORD002306,CUST0004,Strawberry Shake,Drinks,1,120.07,Debit Card,Delivered,2022-12-28 19:53:00,3.9,22.0,Bangalore
ORD006496,CUST0742,Veg Manchurian,Starters,2,309.48,Debit Card,In Progress,2023-07-13 13:22:00,3.0,19.0,Mumbai
ORD006504,CUST0719,Garlic Naan,Breads,2,125.12,Cash,Delivered,2023-09-01 20:13:00,2.9,21.0,
ORD003237,CUST0128,Onion Rings,Starters,4,451.8,Digital Wallet,Delivered,2023-01-03 21:11:00,3.3,28.0,
ORD004302,CUST0403,Lamb Rogan Josh,Main Course,1,408.42,Net Banking,Cancelled,2023-05-06 09:22:00,4.7,21.0,Mumbai
ORD006592,CUST0774,Veg Fried Rice,Main Course,1,195.63,Net Banking,In Progress,2023-04-20 12:52:00,3.2,39.0,Delhi
ORD003038,CUST0580,Pasta Arrabbiata,Main Course,2,464.75,Debit Card,Delivered,2023-03-10 20:57:00,2.5,70.0,Hyderabad
ORD002529,CUST0681,Rasgulla,Desserts,1,70.58,Cash,Pending,2023-05-24 19:21:00,2.8,60.0,Delhi
ORD002663,CUST0117,Paratha,Breads,1,52.08,Cash,In Progress,2022-12-24 21:31:00,,72.0,Bangalore
ORD006450,CUST0511,Tandoori Roti,Breads,3,92.98,Net Banking,Delivered,2023-04-14 13:08:00,3.7,41.0,Chennai
ORD006981,CUST0553,Chicken Burger,Burgers,4,816.59,Digital Wallet,In Progress,2023-08-20 18:59:00,2.7,55.0,Bangalore
ORD001783,CUST0269,Fish Fingers,Starters,2,445.57,Net Banking,Delivered,2022-11-15 22:12:00,2.6,54.0,Hyderabad
ORD004627,CUST0462,Farmhouse Pizza,Pizza,1,311.78,Credit Card,Pending,2023-02-19 20:59:00,3.6,54.0,Hyderabad
ORD006739,CUST0062,Cold Coffee,Drinks,2,194.72,Net Banking,In Progress,2023-01-24 09:43:00,4.8,52.0,Hyderabad
ORD006147,CUST0675,Farmhouse Pizza,Pizza,4,1262.83,Debit Card,Pending,2023-02-12 19:50:00,3.4,39.0,Mumbai
ORD005891,CUST0139,Strawberry Shake,Drinks,2,251.37,,In Progress,2023-05-06 21:16:00,2.8,31.0,Delhi
ORD003693,CUST0273,Veg Fried Rice,Main Course,2,404.78,UPI,Delivered,2023-05-02 13:06:00,3.0,40.0,Chennai
ORD004060,CUST0487,Farmhouse Pizza,Pizza,5,1637.45,Debit Card,Delivered,2023-07-22 12:36:00,2.7,37.0,Pune
ORD002597,CUST0647,Veg Fried Rice,Main Course,1,191.84,Cash,Cancelled,2023-02-03 19:45:00,3.4,36.0,Delhi
ORD003729,CUST0368,Masala Chai,Drinks,2,81.64,UPI,Cancelled,2023-02-19 15:58:00,4.0,47.0,Chennai
ORD003625,CUST0148,Farmhouse Pizza,Pizza,4,1334.76,Credit Card,In Progress,2023-01-29 09:46:00,3.7,43.0,Chennai
ORD004157,CUST0593,Naan,Breads,1,40.13,Net Banking,Pending,2023-03-24 12:07:00,4.5,31.0,Delhi
ORD004314,CUST0426,Gulab Jamun,Desserts,1,83.65,Net Banking,Cancelled,2022-10-16 21:07:00,3.1,42.0,Hyderabad
ORD002722,CUST0713,Club Sandwich,Sandwiches,5,805.97,Cash,Cancelled,2023-08-30 11:07:00,2.8,28.0,Hyderabad
ORD006279,CUST0395,Fresh Lime Soda,Drinks,4,228.27,Net Banking,Pending,2023-07-15 19:29:00,2.9,43.0,Mumbai
ORD002059,CUST0340,Classic Burger,Burgers,1,184.67,UPI,Delivered,2023-05-16 20:19:00,3.1,49.0,Pune
ORD005636,CUST0395,Classic Burger,Burgers,3,566.86,Credit Card,Cancelled,2022-12-21 16:19:00,4.3,30.0,Bangalore
ORD004242,CUST0289,Chicken Biryani,Main Course,1,349.08,Debit Card,Delivered,2023-08-10 12:35:00,2.9,,
ORD002678,CUST0411,Spring Rolls,Starters,1,120.11,UPI,Delivered,2023-02-28 19:52:00,4.5,69.0,Bangalore
ORD002757,CUST0646,Strawberry Shake,Drinks,2,249.46,Net Banking,Pending,2023-08-28 13:50:00,2.6,24.0,Bangalore
ORD005191,CUST0334,Veg Manchurian,Starters,2,326.29,UPI,Delivered,2023-03-27 13:54:00,4.6,69.0,Delhi
ORD006116,CUST0691,Egg Curry,Main Course,2,363.72,Cash,Delivered,2023-08-13 09:50:00,,68.0,Hyderabad
ORD001563,CUST0493,Fresh Lime Soda,Drinks,1,59.61,Digital Wallet,Delivered,2023-09-23 09:08:00,3.7,56.0,Chennai
ORD003790,CUST0612,Bruschetta,Starters,3,399.78,Credit Card,In Progress,2023-05-02 19:11:00,3.3,16.0,Chennai
ORD001863,CUST0276,Gulab Jamun,Desserts,2,158.52,Digital Wallet,Pending,2023-01-28 21:01:00,4.2,30.0,Chennai
ORD002484,CUST0322,Watermelon Juice,Drinks,1,70.61,Net Banking,Delivered,2023-07-20 16:41:00,3.8,18.0,Bangalore
ORD006134,CUST0029,Cheesecake,Desserts,4,716.19,Debit Card,Delivered,2023-07-16 20:40:00,4.2,23.0,Hyderabad
ORD001206,CUST0758,Pasta Arrabbiata,Main Course,1,242.71,Debit Card,Pending,2022-12-23 13:39:00,3.3,68.0,Chennai
ORD005488,CUST0794,Rasgulla,Desserts,4,292.74,Net Banking,Delivered,2022-11-06 09:17:00,3.9,49.0,Mumbai
ORD001870,CUST0137,Palak Paneer,Main Course,1,271.93,Net Banking,Delivered,2023-03-18 08:44:00,4.0,15.0,Mumbai
ORD005493,CUST0297,Mushroom Risotto,Main Course,1,313.66,Cash,Delivered,2022-12-04 08:33:00,,45.0,Chennai
ORD001502,CUST0700,Grilled Sandwich,Sandwiches,1,145.52,Credit Card,Cancelled,2023-02-15 10:47:00,4.3,30.0,Pune
ORD002028,CUST0491,Margherita Pizza,Pizza,1,286.83,Net Banking,Delivered,2022-10-17 09:12:00,2.8,46.0,Chennai
ORD004840,CUST0529,Onion Rings,Starters,5,556.96,Cash,Cancelled,2023-05-24 16:27:00,4.7,62.0,Mumbai
ORD003690,CUST0249,Bruschetta,Starters,1,133.25,Debit Card,In Progress,2023-08-22 19:40:00,3.9,55.0,Pune
ORD006581,CUST0675,Cold Brew Coffee,Drinks,1,155.27,Credit Card,Cancelled,2023-07-19 22:53:00,4.4,32.0,Bangalore
ORD006056,CUST0622,Palak Paneer,Main Course,3,748.87,Debit Card,Cancelled,2023-05-31 21:22:00,3.9,36.0,Delhi
ORD002570,CUST0664,Veg Burger,Burgers,2,311.6,Net Banking,Delivered,2023-03-05 13:03:00,3.9,,Bangalore
ORD003773,CUST0729,Veg Supreme Pizza,Pizza,4,1220.41,,Delivered,2023-06-13 13:26:00,2.6,,Pune
ORD003731,CUST0797,Lamb Rogan Josh,Main Course,1,406.54,Digital Wallet,Delivered,2023-04-24 11:23:00,4.7,69.0,Delhi
ORD001804,CUST0682,Club Sandwich,Sandwiches,3,470.88,Cash,Delivered,2023-09-16 18:22:00,3.8,46.0,Hyderabad
ORD006847,CUST0071,Paratha,Breads,1,52.08,Digital Wallet,Pending,2023-04-17 12:50:00,4.6,59.0,Delhi
ORD004645,CUST0107,Pasta Arrabbiata,Main Course,1,242.94,Credit Card,Cancelled,2023-06-13 17:12:00,3.0,59.0,Hyderabad
ORD003454,CUST0771,Masala Chai,Drinks,2,83.16,,Cancelled,2023-06-25 13:26:00,4.6,28.0,Bangalore
ORD005598,CUST0073,Grilled Salmon,Main Course,2,930.44,Net Banking,Cancelled,2022-11-06 20:16:00,4.2,45.0,Hyderabad
ORD004104,CUST0791,Grilled Salmon,Main Course,2,931.6,Net Banking,Pending,2023-01-24 12:45:00,3.5,64.0,Mumbai
ORD005875,CUST0490,Classic Burger,Burgers,3,557.66,Debit Card,Delivered,2022-12-16 12:00:00,4.1,27.0,Bangalore
ORD001200,CUST0403,Veg Manchurian,Starters,5,797.35,Digital Wallet,Cancelled,2023-03-07 14:05:00,4.9,28.0,Chennai
ORD004099,CUST0113,Paneer Butter Masala,Main Course,1,285.04,Net Banking,Delivered,2023-04-22 21:09:00,3.9,64.0,Delhi
ORD003278,CUST0044,Cheese Burst Burger,Burgers,1,215.38,Net Banking,Delivered,2023-04-20 21:39:00,4.6,73.0,Delhi
ORD004561,CUST0359,Cheesecake,Desserts,2,355.17,,Delivered,2023-07-14 09:18:00,4.3,41.0,Hyderabad
ORD006892,CUST0563,Palak Paneer,Main Course,2,503.2,Cash,Delivered,2023-07-19 09:41:00,2.9,65.0,Hyderabad
ORD005474,CUST0705,Butter Chicken,Main Course,3,991.79,Debit Card,Delivered,2023-01-15 16:07:00,2.7,15.0,Chennai
ORD005514,CUST0371,Veg Manchurian,Starters,1,164.2,Cash,Pending,2023-08-06 19:36:00,2.7,72.0,Pune
ORD006794,CUST0248,Tandoori Roti,Breads,1,31.42,Digital Wallet,Cancelled,2023-02-17 21:38:00,3.4,,Hyderabad
ORD001391,CUST0698,Dal Makhani,Main Course,4,906.88,Credit Card,In Progress,2023-08-04 13:20:00,2.6,46.0,Bangalore
ORD006618,CUST0174,Cheese Burst Burger,Burgers,5,1133.22,UPI,Delivered,2022-12-13 13:39:00,,18.0,Mumbai
ORD006258,CUST0023,BBQ Chicken Pizza,Pizza,4,1534.14,UPI,Delivered,2023-03-26 19:12:00,3.7,53.0,Mumbai
ORD002495,CUST0248,Cheese Burst Burger,Burgers,3,639.18,UPI,Pending,2023-10-26 19:04:00,3.4,62.0,Delhi
ORD003695,CUST0418,Butter Chicken,Main Course,1,321.96,Credit Card,In Progress,2023-09-23 19:59:00,4.7,51.0,Chennai
ORD003027,CUST0037,Chicken Fried Rice,Main Course,3,718.7,Debit Card,Delivered,2023-10-30 19:04:00,2.6,37.0,Chennai
ORD006248,CUST0662,Rasgulla,Desserts,2,143.76,Cash,Pending,2023-01-27 13:41:00,4.9,18.0,Chennai
ORD006463,CUST0432,Veg Fried Rice,Main Course,2,390.79,UPI,Delivered,2023-06-07 19:12:00,3.8,21.0,Mumbai
ORD003568,CUST0561,Margherita Pizza,Pizza,2,546.78,Cash,Delivered,2023-09-09 17:25:00,4.2,18.0,Delhi
ORD001064,CUST0736,Egg Curry,Main Course,1,177.64,Cash,Delivered,2023-08-07 18:47:00,4.9,21.0,Chennai
ORD004884,CUST0773,BBQ Chicken Pizza,Pizza,2,706.48,Cash,Cancelled,2023-02-24 19:14:00,3.1,34.0,Hyderabad
ORD003062,CUST0115,Mojito,Drinks,1,128.26,Digital Wallet,Cancelled,2022-11-18 13:49:00,3.0,38.0,Bangalore
ORD006276,CUST0253,Cheese Burst Burger,Burgers,3,665.55,Digital Wallet,Cancelled,2023-06-19 20:36:00,3.4,37.0,Bangalore
ORD001492,CUST0629,Gulab Jamun,Desserts,1,76.3,Net Banking,Pending,2023-04-15 21:25:00,3.2,53.0,Mumbai
ORD001379,CUST0234,Ice Cream Sundae,Desserts,1,155.14,Credit Card,Delivered,2023-09-22 19:55:00,4.9,43.0,Bangalore
ORD005859,CUST0790,Mushroom Risotto,Main Course,3,875.96,Digital Wallet,Cancelled,2023-03-02 19:02:00,3.9,46.0,Bangalore
ORD004993,CUST0051,Paneer Butter Masala,Main Course,4,1123.27,UPI,Delivered,2023-01-06 20:22:00,3.4,63.0,Pune
ORD005887,CUST0031,Pepperoni Pizza,Pizza,1,366.44,,Cancelled,2023-07-12 22:05:00,4.5,,Delhi
ORD002076,CUST0434,Paneer Tikka,Starters,1,205.02,Net Banking,Cancelled,2023-06-15 09:25:00,3.9,68.0,Bangalore
ORD001878,CUST0698,Veg Manchurian,Starters,1,167.52,Digital Wallet,Cancelled,2023-09-13 16:16:00,2.5,42.0,Pune
ORD001337,CUST0112,Cold Coffee,Drinks,1,104.44,Credit Card,Delivered,2022-12-09 20:37:00,2.9,44.0,Bangalore
ORD002016,CUST0590,Paneer Tikka,Starters,2,383.07,Cash,Delivered,2023-01-31 21:10:00,4.4,50.0,Hyderabad
ORD002275,CUST0782,Cheesecake,Desserts,2,355.77,Digital Wallet,In Progress,2023-06-12 19:23:00,2.8,29.0,Chennai
ORD004798,CUST0442,Masala Chai,Drinks,1,38.88,Debit Card,Delivered,2023-05-14 19:32:00,4.5,51.0,Pune
ORD005551,CUST0618,Naan,Breads,5,206.43,Credit Card,Pending,2023-05-24 21:21:00,2.9,67.0,Delhi
ORD004342,CUST0582,Masala Chai,Drinks,1,38.93,Cash,In Progress,2023-10-29 13:22:00,3.5,74.0,Pune
ORD005911,CUST0623,Grilled Salmon,Main Course,4,1767.14,Debit Card,Pending,2023-04-09 13:27:00,4.8,54.0,Delhi
ORD001995,CUST0669,Farmhouse Pizza,Pizza,1,318.84,UPI,Delivered,2023-08-29 13:40:00,2.5,22.0,Mumbai
ORD002981,CUST0732,Mojito,Drinks,2,264.81,,In Progress,2022-11-07 21:22:00,3.9,66.0,Mumbai
ORD005297,CUST0745,Ice Cream Sundae,Desserts,2,310.07,Credit Card,In Progress,2023-07-14 19:42:00,3.7,19.0,Mumbai
ORD001161,CUST0767,Chocolate Brownie,Desserts,1,122.64,UPI,Delivered,2023-05-16 18:48:00,3.8,34.0,Hyderabad
ORD006675,CUST0158,Paneer Tikka,Starters,1,205.57,Cash,In Progress,2022-12-03 13:49:00,4.0,24.0,Chennai
ORD005798,CUST0056,Fresh Lime Soda,Drinks,2,123.51,Digital Wallet,Delivered,2023-10-07 09:15:00,4.7,42.0,
ORD002500,CUST0330,Palak Paneer,Main Course,2,521.78,Debit Card,Delivered,2023-08-13 19:46:00,2.9,21.0,Pune
ORD004843,CUST0008,Masala Chai,Drinks,1,39.25,UPI,In Progress,2023-05-28 19:22:00,2.5,45.0,Bangalore
ORD006225,CUST0659,Rasgulla,Desserts,2,137.85,UPI,Cancelled,2023-04-19 13:25:00,2.5,60.0,Bangalore
ORD003613,CUST0656,Margherita Pizza,Pizza,5,1466.32,,Delivered,2022-10-08 17:31:00,3.9,58.0,Mumbai
ORD004461,CUST0027,Paratha,Breads,1,51.6,Credit Card,Pending,2022-11-29 20:09:00,2.7,59.0,Pune
ORD002021,CUST0696,Cheese Burst Burger,Burgers,2,434.68,Credit Card,Pending,2023-04-10 21:21:00,4.6,69.0,Mumbai
ORD004073,CUST0768,Pasta Arrabbiata,Main Course,2,462.61,Credit Card,Cancelled,2022-12-09 08:21:00,4.8,69.0,Bangalore
ORD004943,CUST0714,Chicken Biryani,Main Course,2,726.39,Debit Card,Pending,2023-05-03 17:47:00,3.3,,Chennai
ORD002585,CUST0697,Farmhouse Pizza,Pizza,1,315.48,Credit Card,Delivered,2023-05-27 13:34:00,3.4,73.0,Pune
ORD002955,CUST0424,Cold Brew Coffee,Drinks,3,434.05,Digital Wallet,Delivered,2023-02-17 08:17:00,4.5,68.0,Bangalore
ORD004152,CUST0207,Paratha,Breads,2,104.67,Credit Card,Delivered,2023-08-31 21:18:00,3.0,75.0,Delhi
ORD001034,CUST0053,Paneer Tikka,Starters,2,390.56,Cash,In Progress,2023-06-08 12:58:00,,32.0,Mumbai
ORD005014,CUST0292,Grilled Salmon,Main Course,3,1385.2,,Delivered,2023-04-30 21:33:00,3.2,41.0,Pune
ORD001775,CUST0262,Classic Burger,Burgers,1,187.38,Debit Card,Delivered,2023-04-20 21:58:00,4.8,63.0,Delhi
ORD003556,CUST0620,Spring Rolls,Starters,2,231.29,Debit Card,In Progress,2023-03-13 12:35:00,,36.0,Delhi
ORD002478,CUST0459,Mutton Curry,Main Course,4,1585.15,,In Progress,2023-07-08 20:50:00,3.9,36.0,Delhi
ORD006486,CUST0534,Pasta Arrabbiata,Main Course,1,250.29,Cash,In Progress,2023-05-25 22:42:00,2.7,66.0,Mumbai
ORD002363,CUST0740,Veg Burger,Burgers,3,461.61,,Delivered,2023-07-24 20:07:00,3.5,36.0,
ORD003612,CUST0210,Veg Supreme Pizza,Pizza,1,285.4,Debit Card,Cancelled,2023-03-12 21:29:00,4.4,46.0,Bangalore
ORD003824,CUST0145,Egg Curry,Main Course,1,187.33,Net Banking,Delivered,2022-12-14 08:52:00,2.9,33.0,
ORD003041,CUST0133,Farmhouse Pizza,Pizza,5,1598.77,UPI,Pending,2023-10-27 13:12:00,3.9,74.0,Bangalore
ORD001241,CUST0689,Classic Burger,Burgers,3,552.5,Debit Card,Delivered,2023-03-13 17:49:00,3.3,24.0,Pune
ORD003061,CUST0538,Tiramisu,Desserts,2,404.32,Cash,Pending,2023-09-04 09:22:00,3.9,46.0,Pune
ORD003363,CUST0425,Dal Makhani,Main Course,3,665.92,Cash,In Progress,2023-05-27 20:35:00,2.8,55.0,Hyderabad
ORD001600,CUST0070,Egg Curry,Main Course,1,176.39,UPI,Pending,2023-04-07 21:52:00,2.7,45.0,
ORD003435,CUST0204,Garlic Naan,Breads,2,119.18,,Delivered,2023-08-21 13:36:00,4.4,52.0,Chennai
ORD006393,CUST0183,Palak Paneer,Main Course,1,271.68,Credit Card,Delivered,2023-09-13 20:17:00,3.7,17.0,
ORD003888,CUST0266,Garlic Naan,Breads,2,122.12,Net Banking,Cancelled,2023-03-28 12:05:00,4.9,66.0,Chennai
ORD001646,CUST0264,Spring Rolls,Starters,4,469.34,Cash,In Progress,2022-12-07 18:17:00,2.8,26.0,Chennai
ORD004890,CUST0248,Garlic Naan,Breads,1,61.9,UPI,Delivered,2022-10-30 08:17:00,3.0,68.0,Delhi
ORD004556,CUST0219,Veg Supreme Pizza,Pizza,4,1164.54,Digital Wallet,Delivered,2023-06-16 13:36:00,3.6,40.0,Mumbai
ORD004202,CUST0184,Watermelon Juice,Drinks,1,67.77,Credit Card,Delivered,2023-01-26 13:06:00,4.4,74.0,Bangalore
ORD002528,CUST0741,Mango Lassi,Drinks,1,82.41,Cash,In Progress,2022-11-14 21:00:00,4.5,70.0,Chennai
ORD002267,CUST0786,Chicken Soup,Starters,1,148.19,Digital Wallet,Delivered,2023-09-26 12:22:00,4.1,48.0,Delhi
ORD002899,CUST0214,Mutton Curry,Main Course,1,372.16,Digital Wallet,Delivered,2023-01-07 13:21:00,4.2,44.0,Pune
ORD005658,CUST0622,Veg Burger,Burgers,4,617.8,UPI,Cancelled,2023-10-23 14:31:00,2.6,35.0,Bangalore
ORD004005,CUST0342,Mojito,Drinks,1,127.28,Net Banking,In Progress,2023-02-12 12:33:00,3.6,30.0,Bangalore
ORD003734,CUST0185,Watermelon Juice,Drinks,5,345.73,Debit Card,Delivered,2023-08-28 21:26:00,4.5,47.0,Hyderabad
ORD001189,CUST0737,Chicken Tikka Masala,Main Course,1,342.68,UPI,Pending,2022-11-03 12:45:00,3.5,41.0,Chennai
ORD002806,CUST0004,Chicken Soup,Starters,2,301.83,Debit Card,Cancelled,2022-10-09 20:18:00,4.7,22.0,Delhi
ORD001975,CUST0586,BBQ Chicken Pizza,Pizza,1,358.72,Net Banking,Pending,2022-12-13 21:56:00,2.6,46.0,Mumbai
ORD003747,CUST0690,Paneer Butter Masala,Main Course,2,583.11,Credit Card,Cancelled,2023-08-25 19:01:00,3.9,64.0,Mumbai
ORD003047,CUST0408,Chicken Soup,Starters,2,299.61,Digital Wallet,Cancelled,2023-07-23 08:01:00,4.9,73.0,Chennai
ORD003558,CUST0416,Chicken Biryani,Main Course,2,684.84,,Delivered,22/02/2023 20:25,4.0,58.0,Bangalore
ORD002082,CUST0096,Spring Rolls,Starters,1,125.84,Debit Card,Delivered,2023-06-05 08:20:00,,63.0,Bangalore
ORD001474,CUST0143,Chicken Soup,Starters,2,299.46,UPI,Delivered,2023-08-06 08:56:00,3.1,47.0,Pune
ORD003904,CUST0463,BBQ Chicken Pizza,Pizza,2,731.85,Credit Card,Delivered,2023-03-23 20:58:00,3.8,68.0,Hyderabad
ORD005843,CUST0598,Paneer Butter Masala,Main Course,5,1376.59,Digital Wallet,In Progress,2023-06-17 10:59:00,5.0,66.0,Delhi
ORD005117,CUST0504,Grilled Salmon,Main Course,2,908.33,Debit Card,Delivered,2023-08-24 08:42:00,4.6,,Hyderabad
ORD004385,CUST0389,Rasgulla,Desserts,2,140.67,UPI,In Progress,2023-04-09 19:38:00,2.9,73.0,Bangalore
ORD005555,CUST0261,Ice Cream Sundae,Desserts,1,152.26,Credit Card,Delivered,2023-01-28 19:55:00,4.2,34.0,Pune
ORD002184,CUST0763,Fresh Lime Soda,Drinks,2,119.19,Net Banking,Delivered,2023-08-22 08:09:00,2.9,62.0,Pune
ORD006051,CUST0110,Classic Burger,Burgers,4,721.12,Credit Card,Delivered,2023-05-08 21:05:00,3.8,34.0,Bangalore
ORD006311,CUST0377,Ice Cream Sundae,Desserts,1,155.83,Digital Wallet,Delivered,2023-09-07 21:43:00,4.9,46.0,Hyderabad
ORD003433,CUST0514,Grilled Sandwich,Sandwiches,1,143.38,Digital Wallet,Delivered,2022-12-07 09:05:00,4.3,31.0,Pune
ORD006611,CUST0326,Margherita Pizza,Pizza,5,1381.54,Cash,Pending,2023-08-10 19:12:00,4.6,37.0,Hyderabad
ORD003391,CUST0308,Onion Rings,Starters,2,230.59,Cash,Cancelled,2023-05-19 10:33:00,3.5,31.0,Delhi
ORD001769,CUST0538,Fish Curry,Main Course,4,1362.99,Debit Card,Cancelled,2023-07-25 21:59:00,4.7,30.0,Chennai
ORD002685,CUST0152,Chicken Tikka Masala,Main Course,5,1636.11,Cash,Delivered,2023-06-07 21:21:00,3.1,53.0,Hyderabad
ORD001130,CUST0486,Cheesecake,Desserts,2,365.94,Cash,Delivered,2023-04-10 21:43:00,4.6,,Hyderabad
ORD003919,CUST0117,Chocolate Brownie,Desserts,3,370.1,UPI,Delivered,2023-05-31 21:29:00,3.2,38.0,Mumbai
ORD004171,CUST0408,Classic Burger,Burgers,5,867.76,Digital Wallet,In Progress,2023-01-30 19:13:00,4.1,42.0,Mumbai
ORD004444,CUST0375,Pepperoni Pizza,Pizza,3,1005.45,Credit Card,Delivered,2023-07-04 19:07:00,3.6,68.0,Delhi
ORD006578,CUST0233,Club Sandwich,Sandwiches,1,158.02,Cash,In Progress,2023-01-22 09:41:00,3.8,65.0,Pune
ORD005426,CUST0566,Strawberry Shake,Drinks,3,353.71,Credit Card,In Progress,2023-05-29 15:55:00,4.5,27.0,Hyderabad
ORD006334,CUST0015,Cold Brew Coffee,Drinks,3,443.21,Debit Card,Delivered,2023-08-31 09:17:00,4.4,50.0,Mumbai
ORD001466,CUST0032,Mango Lassi,Drinks,1,76.6,Digital Wallet,Pending,2022-10-10 20:40:00,3.5,52.0,Delhi
ORD006734,CUST0503,Lamb Rogan Josh,Main Course,1,396.18,Net Banking,Delivered,06/02/2023 10:15,3.0,28.0,Bangalore
ORD004092,CUST0421,Mojito,Drinks,3,380.74,Credit Card,Delivered,2023-08-24 09:12:00,3.0,62.0,Pune
ORD004772,CUST0384,Chicken Burger,Burgers,1,200.58,Cash,Delivered,2023-05-21 13:28:00,4.0,46.0,Pune
ORD006191,CUST0123,Fish Fingers,Starters,2,433.19,Cash,Pending,2023-09-30 12:50:00,2.7,58.0,Hyderabad
ORD006226,CUST0050,Paneer Tikka,Starters,1,200.52,Net Banking,Pending,2022-10-14 19:21:00,2.6,28.0,Mumbai
ORD006390,CUST0584,Club Sandwich,Sandwiches,1,152.53,UPI,Cancelled,2023-09-12 09:34:00,3.5,17.0,Bangalore
ORD001860,CUST0630,Chocolate Brownie,Desserts,3,347.55,Debit Card,Delivered,2023-04-27 19:03:00,2.6,18.0,Bangalore
